emotion,score
joy,0.19300045036988406
sadness,0.14802962504864597
anger,0.06599292887124018
fear,0.07332162257919733
disgust,0.057920718556068514
surprise,0.20791810151422396
neutral,0.25381654634838924
