mfcc1_sma3,mfcc2_sma3,mfcc3_sma3,mfcc4_sma3,F0semitoneFrom27.5Hz_sma3nz,jitterLocal_sma3nz
22.04774945454545,13.830713636363638,19.081992545454547,19.756171363636366,0.0,0.0
23.117903090909092,5.195762795454545,12.746172722727268,-5.859277778181817,10.96401418181818,0.001965727409090909
21.982520795454544,1.0396091077272722,7.685212613636364,-2.36113919090909,13.689360136363637,0.005404317136363636
12.470787254545455,3.0195890000000003,20.958292663636367,-1.2065244675000002,15.04832090909091,0.00724003210909091
20.691116681818183,-14.331567913636365,1.2501040090909081,1.5025689045454547,12.495768227272727,0.0035182445000000004
23.558579090909088,9.5229536,17.43404488636364,10.372004095454544,0.0,0.0
23.64179281818182,14.584067386363635,14.004524909090907,15.77137181818182,0.0,0.0
22.43050971428571,13.773880757142857,18.542263892857143,18.469609178571428,0.0,0.0
