mfcc1_sma3,mfcc2_sma3,mfcc3_sma3,mfcc4_sma3,F0semitoneFrom27.5Hz_sma3nz,jitterLocal_sma3nz
22.8947243030303,17.792142878787878,15.265285545454544,9.871831839393938,4.223494818181818,0.00036058251515151517
14.880732857575756,10.597958018181817,18.630946389393937,-4.6207754939393935,26.663914363636366,0.023352489990909088
23.796747,-11.775590023636363,-14.171036753636363,-13.797483906060608,31.25595806060606,0.004753204509090908
19.46047232121212,10.41541338121212,10.353655298484847,-5.708201616212122,10.271646030303028,0.0061545461515151514
23.813999854545454,17.196848460606063,-1.9653328272727275,-50.51736251212122,19.06583521212121,0.005424185106060606
20.39605368787879,19.85163243939394,10.988139643939395,-9.996821015151514,0.0,0.0
24.96153512121212,15.896741015151512,11.081198351515154,13.966912772727273,0.0,0.0
25.52998115789474,17.207031078947367,11.407831984210526,11.031444157894736,0.0,0.0
