mfcc1_sma3,mfcc2_sma3,mfcc3_sma3,mfcc4_sma3,F0semitoneFrom27.5Hz_sma3nz,jitterLocal_sma3nz
23.6175410625,19.83064729166667,13.644283531250002,12.360473664583333,0.0,0.0
21.93577617708333,-1.22018995625,4.863268405208333,3.22769190625,17.060899583333335,0.012747265154166666
15.120712014583333,-1.1711840416666668,12.684275402083331,-10.008679185416666,20.368382520833336,0.00766409260625
19.843064091666665,-0.6896215608333334,21.1241386875,2.3870217333333335,29.792920166666665,0.003999119952083334
24.63525746875,-5.802320871041666,-1.2561228375,-28.9442643,30.920123479166666,0.0104731678
25.71091445833333,0.7227379467708333,-0.9992247414583334,0.5862988537500001,13.466051458333334,0.0039000134166666672
21.633995604166667,11.602329970833333,12.989637645833334,18.667581868750002,0.0,0.0
23.6794712,19.030347359999997,13.324345310000002,12.47789513,0.0,0.0
