mfcc1_sma3,mfcc2_sma3,mfcc3_sma3,mfcc4_sma3,F0semitoneFrom27.5Hz_sma3nz,jitterLocal_sma3nz
22.944462935483873,17.92492614516129,13.781565806451614,12.863902080645161,0.0,0.0
24.37591603225806,18.316856419354835,13.773666564516128,14.101284870967742,0.0,0.0
4.712352284516128,-10.632093410645162,-10.843058341935484,-21.293577774193547,34.32887929032258,0.02441211993548387
1.9014122258064519,-32.642176658064514,-20.728850422580646,-19.78537748225806,50.75855867741936,0.03275665598387097
6.8019624345161285,-17.328892605806452,-27.955026419354834,-22.110618606451613,39.842596419354834,0.02385123017419355
-2.609483354838709,-34.205750258064505,-21.76917741935484,-1.281731564516129,26.652609741935485,0.003561734412903226
11.957830340645161,-7.426960116129032,6.3073799475483865,13.01537191612903,0.0,0.0
23.522580885714287,17.218993857142856,13.057765357142856,13.772554685714285,0.0,0.0
