mfcc1_sma3,mfcc2_sma3,mfcc3_sma3,mfcc4_sma3,F0semitoneFrom27.5Hz_sma3nz,jitterLocal_sma3nz
22.147267351351353,16.65350481081081,15.703943256756757,12.347658524324325,0.0,0.0
18.972456755405403,4.403119632432433,1.0538255702702706,-0.3146300432432431,17.532999405405405,0.0028880002108108106
13.256889689054054,-7.821047786486487,-1.6104449446756754,-5.51780339891892,23.92520224324324,0.004365090389189189
4.512326051351351,-2.9006316702702706,12.30559398108108,-13.712075081081077,22.370841945945944,0.03738731618918918
7.332752567567567,-14.967633536216217,6.869476975135136,-8.134810347567564,14.007490702702702,0.006313056110810811
9.596621040540542,15.265621121621624,6.223881923783784,9.371371416216215,0.0,0.0
22.994246648648648,16.85321075675676,15.68247612162162,14.295114683783785,0.0,0.0
22.066802604651162,15.471947497674417,13.859384665116282,13.359888765116281,0.0,0.0
