mfcc1_sma3,mfcc2_sma3,mfcc3_sma3,mfcc4_sma3,F0semitoneFrom27.5Hz_sma3nz,jitterLocal_sma3nz
22.076083809523812,28.779236166666664,14.89106344047619,8.051230375809524,0.0,0.0
27.48103216666667,17.67053256071429,2.0089696333333333,-12.055202066666666,12.801047309523808,0.004015587695238095
27.958317761904762,6.87263095,5.217408880238095,-26.95055729761905,29.104418380952378,0.04073521957619047
28.682396285714287,9.644222180952381,13.934995206190475,-7.7968487530952375,18.292744142857142,0.013999673397619048
32.23166966666666,14.872452167214284,-4.260198311190477,-42.403009952380955,20.187675166666665,0.01361534413095238
31.833646119047618,6.748480804761904,-13.774134776428573,-17.91577901642857,6.276642214285715,0.0025036226333333333
26.133000214285712,16.912473597619048,6.1540660166666665,9.016619914285714,4.696366714285714,0.01922626973809524
21.447378066666666,27.914535622222225,16.057629833333333,8.633929897777778,0.0,0.0
