mfcc1_sma3,mfcc2_sma3,mfcc3_sma3,mfcc4_sma3,F0semitoneFrom27.5Hz_sma3nz,jitterLocal_sma3nz
21.06036914893617,27.244686829787234,18.167194819148936,11.018192319148934,0.0,0.0
21.85379340425532,28.544569936170213,16.058305691489366,9.298053346808512,0.0,0.0
30.052584425531915,18.58764803617021,3.4998739496808504,-21.609769887234044,16.206105212765962,0.007788823223404256
31.014342723404255,15.725199005957448,1.4426420638297874,-9.951581065957448,19.103928234042552,0.007990815742553191
28.27760574468085,22.65030219148936,18.42156557106383,-1.9516174108510638,20.49124508510638,0.010569662680851065
27.997589127659573,24.14508869148936,25.55927323404255,-2.245100032765957,27.192177574468083,0.014955199334042553
23.254373617021272,29.27681653191489,16.059992606382977,8.333725750000001,0.7951246170212766,0.00037810955319148937
21.818307319148932,29.72078008510638,19.073634755319148,12.68485797021277,0.0,0.0
