mfcc1_sma3,mfcc2_sma3,mfcc3_sma3,mfcc4_sma3,F0semitoneFrom27.5Hz_sma3nz,jitterLocal_sma3nz
18.925409128205132,29.748726307692316,21.296080538461535,13.591909987179484,0.0,0.0
21.36964141025641,3.7823165071794866,3.7899772017948723,-0.11986445712820516,17.822541538461536,0.023483400564102565
29.759317717948722,11.789758658974359,7.176998492051283,-18.545751217948716,29.083264743589744,0.010814897451282054
25.25272605128205,0.07456688102564121,-7.7378107858974365,-26.18100653589744,37.189745897435884,0.018619400410256413
24.22880646153846,-0.39711049230769235,-11.912521334102564,-14.93558365846154,11.25731364102564,0.006305696076923077
16.335953115384616,7.953462477948719,15.818698798717952,8.855398506410257,0.0,0.0
18.52064871794872,29.219536666666663,19.579602794871796,14.347429179487177,0.0,0.0
18.496851282608695,29.52049984782609,20.489043239130435,13.30168498043478,0.0,0.0
