mfcc1_sma3,mfcc2_sma3,mfcc3_sma3,mfcc4_sma3,F0semitoneFrom27.5Hz_sma3nz,jitterLocal_sma3nz
26.80234388,15.274198762,5.794798387999999,-0.2320711475999998,16.67455324,0.008474027000000002
32.42217412,-1.5934999263999998,-5.574645468,-14.182097844800003,39.35549936,0.023067072588
21.98589304,4.83405980696,-3.8657368341600007,-5.254673327200001,9.662263119999999,0.001092588052
24.40421204,16.415865128,2.3604438543999997,-0.4859841759999999,20.40134264,0.05815985868
21.445286821999993,-5.3631598,-3.9792839879999997,-4.3711714692,3.8996389999999996,0.0025691713599999997
16.12564662,20.85349162,23.867001720000005,11.31165646,0.0,0.0
18.463031880000003,28.9227042,18.2649565,10.271533444,0.0,0.0
18.12252870967742,29.012334483870962,20.169845612903227,14.50641664516129,0.0,0.0
