mfcc1_sma3,mfcc2_sma3,mfcc3_sma3,mfcc4_sma3,F0semitoneFrom27.5Hz_sma3nz,jitterLocal_sma3nz
18.11943248275862,29.386965620689654,19.879087758620688,13.36485981034483,0.0,0.0
14.61318471034483,8.834298678275863,28.44494112413793,-9.215974589655174,12.593023103448276,0.004063189399999999
22.035651620689652,-5.234326668965517,-4.930948958620689,-17.82188898965517,33.997827448275864,0.01675259724137931
21.529537182758624,9.438034991379308,0.08373321379310344,-19.817864548275864,21.397489827586206,0.031143975355172413
23.61587704827586,11.640854145551724,-11.486072088275858,-32.53561340689656,31.554672620689654,0.00762533934137931
21.141349955172412,10.945778972413793,-10.392129058620691,-36.866143055172415,15.393052724137933,0.008697931710344829
25.400935379310347,25.612824310344823,8.691629710344827,-15.158378679310344,0.0,0.0
18.922226689655176,30.710791517241386,21.65246865517242,15.541660206896553,0.0,0.0
