mfcc1_sma3,mfcc2_sma3,mfcc3_sma3,mfcc4_sma3,F0semitoneFrom27.5Hz_sma3nz,jitterLocal_sma3nz
19.193942177777778,27.483158962962964,16.363792777777775,9.67724298148148,0.0,0.0
18.962931148148147,26.516832777777783,18.762194074074074,11.230667114074073,0.0,0.0
27.919923148148147,4.666403096296297,5.3998248988888875,-7.462564448148147,4.54174974074074,0.00406505
28.641522296296298,10.469656133333332,21.62059188888889,3.551754838518519,13.256159629629632,0.010683455396296296
36.98790985185185,10.99554821185185,-5.2870733294074075,-9.187311944074075,11.711173296296296,0.0035483341296296297
29.86017166666667,9.694919472222223,-8.101396355555556,-3.4630611629629624,0.0,0.0
20.33128644444444,22.772037222222224,15.48738045485185,14.342287481481478,0.0,0.0
20.598046470588233,28.417108529411763,17.848390411764704,10.55212485,0.0,0.0
