mfcc1_sma3,mfcc2_sma3,mfcc3_sma3,mfcc4_sma3,F0semitoneFrom27.5Hz_sma3nz,jitterLocal_sma3nz
21.18900975862069,28.559643,16.37752137931035,10.665282617241381,0.0,0.0
21.24861220689655,25.123882965517243,17.657111500000003,11.49588653103448,0.0,0.0
17.217476189655173,-14.804897079310345,4.707687961896554,-6.282406868965517,24.916376655172417,0.012167387620689658
27.650165034482757,-5.271702201551726,0.41590136793103444,-14.360911748965517,38.558295896551726,0.00862340904137931
17.37934071862069,10.054956572413793,21.2206986975862,-9.722634072413792,15.212364620689655,0.006061602186206897
27.108847241379316,27.6238581724138,23.890502172413797,9.92268090003448,21.903132,0.032289185758620685
24.05659596551724,18.097600651724136,33.82103579310344,-2.1815761479310347,11.061569620689655,0.003058786872413793
24.62961702777778,22.243182861111112,18.214223969444447,6.462072669722223,3.913989722222223,0.004048315833333333
