mfcc1_sma3,mfcc2_sma3,mfcc3_sma3,mfcc4_sma3,F0semitoneFrom27.5Hz_sma3nz,jitterLocal_sma3nz
22.154976470588235,28.490332147058822,15.80071449411765,9.511835615647058,0.0,0.0
19.351242114705883,24.779711555882354,18.078110882352945,9.900442017647059,0.0,0.0
21.378315411764703,0.8109719991176471,7.616447587352941,5.181442408235293,24.264441852941175,0.010595868264705884
18.385060161764706,17.117562937058825,9.692276870588236,14.233352311764705,12.152636941176471,0.00451776851764706
32.71616652941176,4.274340794411764,0.9530196400588236,-10.436812424411764,19.164563970588237,0.008082314694117645
27.571944735294117,12.66403861,6.801221988235294,-2.696771147647059,6.998420147058823,0.0036448683441176466
17.42601589705882,26.86790679411765,19.17597555882353,8.789015517647059,0.0,0.0
21.189373342105267,27.13910478947368,16.109913249999995,10.392792739473686,0.0,0.0
