mfcc1_sma3,mfcc2_sma3,mfcc3_sma3,mfcc4_sma3,F0semitoneFrom27.5Hz_sma3nz,jitterLocal_sma3nz
30.633582000000008,13.533506084347827,2.52524515478261,-8.63783728695652,14.528748826086959,0.005792440869565217
26.657813695652177,19.325300900000002,6.718599326956521,7.669082565043479,0.0,0.0
29.377155608695652,3.966657106086956,10.309382583391304,3.9888610169565224,11.392630347826085,0.007834992347826086
23.39741242173913,3.6478794581304346,1.991128404347826,-10.907981595652174,17.900943304347823,0.003920231630434782
24.645598239130436,1.4262406539130434,4.739756491304347,-0.6514869391304347,9.993751130434783,0.007936278704347826
25.44648904347826,19.918098647826085,14.615676891304348,2.4405174547826087,6.5713923478260865,0.005338344086956521
23.19076734782609,29.564641913043477,15.669804217391308,8.479816517826086,2.872991652173913,0.03744340304347826
22.87624256,27.019045319999996,16.06986486,10.94812666,0.0,0.0
