mfcc1_sma3,mfcc2_sma3,mfcc3_sma3,mfcc4_sma3,F0semitoneFrom27.5Hz_sma3nz,jitterLocal_sma3nz
22.024291644444446,27.86984257777778,16.886044666666667,11.351106813333335,0.0,0.0
26.193336444444444,13.85982659822222,4.422021397777777,7.403515372,6.293224777777778,0.0036001023622222223
17.70130590838889,23.656660933333338,16.620624317777775,12.84657198888889,0.0,0.0
17.133162925555556,15.478854857777778,9.856326415555554,12.70977727111111,1.6572628,0.0003988810666666666
20.723154577777777,23.082411600000004,22.441508115555553,5.328886011111111,0.0,0.0
24.227020622222224,7.702564135555555,6.532009572377777,0.2638028833333333,0.0,0.0
22.90714928888889,20.560028848888887,12.717630897777775,11.810295062222226,0.0,0.0
22.75179968627451,27.740850666666667,14.008816805882352,10.322006856862746,0.0,0.0
