mfcc1_sma3,mfcc2_sma3,mfcc3_sma3,mfcc4_sma3,F0semitoneFrom27.5Hz_sma3nz,jitterLocal_sma3nz
27.910288829729737,20.148673629729732,1.5929439986486487,-9.686254942432432,21.83744043243243,0.005872160686486486
12.942320204864865,15.096794464864868,-0.5049114870270268,-6.655338495945946,15.262800837837837,0.006162236229729731
26.248904824324324,4.318448661945947,-2.544009424324325,-17.74648899405405,21.091336567567566,0.007044287302702703
34.376907540540536,0.6998754410810809,-0.3919824059459458,-8.821392509999999,22.21516462162162,0.007278597048648649
35.45027613513514,14.725194209729727,5.922357397297297,-20.806984845945944,28.644828810810814,0.02071288450540541
23.467817683783785,4.338393453243243,12.125884943243243,-9.89965536162162,21.903577270270272,0.05260365277027027
1.2204322605405407,28.16097591891891,5.800794883270271,11.940746191891892,1.3320866216216216,0.001502322972972973
21.76965508108108,28.12138378378378,17.623198459459456,11.126783462162162,0.6615866486486486,0.001502322972972973
