mfcc1_sma3,mfcc2_sma3,mfcc3_sma3,mfcc4_sma3,F0semitoneFrom27.5Hz_sma3nz,jitterLocal_sma3nz
32.88977858333333,12.422482167083333,5.872039304166667,-10.054237745833333,20.376837541666667,0.054087186625
34.63126858333333,8.496441154166666,4.321390314166667,-10.004670724999999,6.594908208333333,0.004297492541666666
14.792930777916666,24.170151750000002,11.411533529166666,8.844066077333332,10.484872041666666,0.005351603208333333
17.94045444958333,28.813814749999995,17.192406270833335,4.6404785125000005,7.345349208333334,0.007678905
33.04033595833334,-7.8040580375,-5.66192531,-5.372322784166666,0.0,0.0
24.820197125000004,19.1114546875,7.439556209999999,6.040951828916666,0.0,0.0
21.018471583333334,24.488378,17.725439458333334,7.112027458333333,0.0,0.0
22.562837678571423,26.419222857142863,14.475863564285714,8.163339452499999,0.0,0.0
