mfcc1_sma3,mfcc2_sma3,mfcc3_sma3,mfcc4_sma3,F0semitoneFrom27.5Hz_sma3nz,jitterLocal_sma3nz
22.7744582962963,29.918593259259257,16.014881203703702,10.840529488888889,0.0,0.0
21.40087162962963,-2.574646762962963,-6.52140041111111,-15.495171993703705,24.13531451851852,0.005369970581481482
20.60932403703704,-8.134031726814815,-19.201864055555554,-35.53382648148148,39.3042422962963,0.014801426392592592
22.38908348148148,-13.109159009814814,-13.563245095925923,-19.1197847,37.982381296296296,0.028871504059259263
13.605328414814814,3.6077697418518517,10.359705154814817,-2.0740968540740736,29.850936444444446,0.008878211781481482
16.397791592592593,2.0514341655555555,19.61629952592593,-0.0420913814814816,37.41147140740741,0.010711608733333334
26.14574981481481,5.623244388888889,21.436520296296294,-1.55183792962963,5.249928148148149,0.002114195648148148
23.09468106060606,27.74625709090909,16.168025181818184,9.031560081818181,0.0,0.0
