mfcc1_sma3,mfcc2_sma3,mfcc3_sma3,mfcc4_sma3,F0semitoneFrom27.5Hz_sma3nz,jitterLocal_sma3nz
19.69346157575757,27.31423012121212,22.725746757575756,10.042201177878788,0.0,0.0
19.1129756969697,21.2665993,32.76091512121212,-6.13874429121212,13.79122303030303,0.011635006363636366
26.475747727272726,5.520042437515151,3.1092610969696963,-0.2329625545454548,25.343586727272726,0.005882623375757576
21.312917136363637,8.839912967818181,14.882224051515152,-12.682219885,36.398042606060606,0.014942168836363637
22.846721572727272,20.858698030303028,-2.6712874627272725,-23.42066236666667,24.856130333333333,0.0077999959484848485
21.027054624242428,19.508979878787876,-1.7729491727272728,-25.912073470909093,29.623089515151516,0.01133824732121212
28.421623333333333,27.579971727272728,3.116453418181818,-13.136107513333334,14.018591999999998,0.006625635454545455
20.858708542857144,28.79806174285714,17.465110042857138,12.119231285714285,0.0,0.0
