mfcc1_sma3,mfcc2_sma3,mfcc3_sma3,mfcc4_sma3,F0semitoneFrom27.5Hz_sma3nz,jitterLocal_sma3nz
20.51171243243243,26.66422709459459,16.78084772972973,10.234776862162162,0.0,0.0
17.393597689189193,2.770307475675677,10.739397834864866,5.147479694594594,4.1304411081081085,0.0011995062162162163
23.101505945945945,-4.624150999864865,-2.87981707,-23.870085829729728,26.984698027027026,0.017964860891891896
21.47995402702703,-2.2698672594594593,-5.884936234324323,-15.549000688648645,34.292660297297296,0.01050950000810811
10.925976410810813,2.9026575621621626,18.773062716216216,-7.324341233513514,36.33259924324324,0.005341996218918919
19.823639212162163,11.156339121621622,14.236168520540541,4.425613507027028,25.478341756756762,0.017585546391891894
11.730286933513513,6.889935684162162,40.82667164864864,-1.0064705394594597,20.532130540540543,0.005398579603783784
23.47451751162791,23.73100333488372,19.732025430232557,10.004701555813954,0.0,0.0
