mfcc1_sma3,mfcc2_sma3,mfcc3_sma3,mfcc4_sma3,F0semitoneFrom27.5Hz_sma3nz,jitterLocal_sma3nz
21.18454778125,29.24981784375,17.113055140625,11.839795287500001,0.0,0.0
17.595886571875,10.0003899978125,16.088842296875,-22.378071121875003,29.85834109375,0.027782684290624998
21.392330032187502,-9.0629123940625,3.3370229062499996,-27.002787124999998,38.0391523125,0.012328188734375
24.21345778125,-12.207930605000001,-29.7347203125,-38.707878281250004,39.4817435,0.016619611103125
31.511686125,10.526905566875,4.28831289375,-27.6384424375,33.62892584375,0.010739303553125
25.15248559375,8.5476456025,6.962370853124998,-20.3464132390625,22.083258,0.015776214343749997
32.2930121875,26.912231046875,0.16318200156250007,-37.736374895,2.1442590624999998,0.0034472093750000004
17.758721843750003,24.131907124999998,17.499647328125,7.955120731249999,0.0,0.0
