mfcc1_sma3,mfcc2_sma3,mfcc3_sma3,mfcc4_sma3,F0semitoneFrom27.5Hz_sma3nz,jitterLocal_sma3nz
20.025693166666667,28.500790199999997,16.74766041666667,8.570038153333334,0.0,0.0
18.16139528533333,17.721659509,-8.345967435,-14.576780359999999,26.76250733333334,0.039125585266666665
-0.12865949100000015,-15.072506883333334,-11.035781046666667,-1.748015156666667,33.509635366666664,0.005455728863333333
14.186432770000001,-10.561493866666668,6.626795475933333,-23.55289289333333,27.81006,0.005934169843333333
23.164829883333333,-7.1644419400000015,-5.721404943333334,-10.589028490000002,26.436839566666666,0.01752952025
22.788556550000003,4.195916499666667,3.0874087333333335,-36.33172416,33.097402800000005,0.005544621913333333
0.6856340430000001,-7.965321701666663,16.84195108,-36.280240363333334,9.683257533333334,0.00085472795
1.4228117055555554,20.56453911111111,5.844608670277777,15.541165694444443,0.0,0.0
