mfcc1_sma3,mfcc2_sma3,mfcc3_sma3,mfcc4_sma3,F0semitoneFrom27.5Hz_sma3nz,jitterLocal_sma3nz
15.128290524999999,16.72541687857143,13.757044300000002,-0.19774048571428576,10.46121542857143,0.0011031609285714285
11.801464778571429,-6.362318091428572,-15.562172604642855,-25.797211380357144,26.492391535714287,0.006815150942857143
8.833733253071427,-13.131755249642856,-22.194203035714285,-41.05839282142856,46.09225160714285,0.008561393467857144
9.57064247857143,-18.33114660714286,-10.129038182142859,-32.42890153571428,45.43316642857143,0.016790702446428572
11.992109971428572,-1.8713552989285713,-19.92121153571429,-31.757138,26.079664392857143,0.007166541046428572
6.915447501071428,-16.05517874642857,-16.757234625,-31.28346235714286,27.45405489285714,0.010358801525000001
11.972674482142855,-12.360652739285714,-3.393010401785714,0.9175083535714287,0.0,0.0
20.360614484848483,21.46462413030303,9.442195484848487,9.095682842424242,0.0,0.0
