mfcc1_sma3,mfcc2_sma3,mfcc3_sma3,mfcc4_sma3,F0semitoneFrom27.5Hz_sma3nz,jitterLocal_sma3nz
22.64196624242424,26.408393090909094,8.655169741212122,2.482224526363636,0.0,0.0
18.113394151515152,21.99031777272727,17.101899333333336,8.30026847090909,0.0,0.0
19.182896254545454,4.455038463636365,10.786534972727273,-11.56162651818182,11.191160333333334,0.0050288879939393944
18.614370863636363,9.127525454545456,11.870398446666664,6.883069156060606,5.201571757575758,0.003835803909090909
29.279105818181815,6.872101659069697,10.995657784545456,1.4282198316363635,15.58007518181818,0.022451752242424242
27.654940393939395,8.52241715969697,1.2473702187878788,-1.755325506272727,0.0,0.0
20.057174878787876,21.69089384848485,13.351045054545454,4.941950718181818,0.0,0.0
20.792595914285716,25.487588028571427,12.786415628571428,7.997704628571431,0.0,0.0
