mfcc1_sma3,mfcc2_sma3,mfcc3_sma3,mfcc4_sma3,F0semitoneFrom27.5Hz_sma3nz,jitterLocal_sma3nz
21.39758376923077,28.01253180769231,11.116699342307696,5.227742395384615,0.0,0.0
20.271242346153844,24.811068461538465,12.210873673076925,7.095319957692308,0.0,0.0
18.700750461538462,-2.154721306538462,11.50841685,-6.363267848846153,21.776792423076923,0.00801123563076923
26.064355423076925,-10.893238396153846,-2.7402768961538464,-8.735816631153849,20.78367669230769,0.003933513561538462
20.351363865384617,-9.073097765384615,-2.6014181407692307,-9.75175336153846,10.992104576923076,0.010367484884615384
17.382205440769233,18.956849769230768,12.991574388461542,-5.347194096923077,3.7936386153846153,0.0023397608461538464
27.791215499999996,7.539055183846154,16.805738907692305,-4.665585088461538,0.0,0.0
21.08104943333333,25.57039356666667,11.90384697,5.967656829999999,0.0,0.0
