mfcc1_sma3,mfcc2_sma3,mfcc3_sma3,mfcc4_sma3,F0semitoneFrom27.5Hz_sma3nz,jitterLocal_sma3nz
21.268074451612907,22.59706116129032,10.527337312903228,9.240668354838709,0.0,0.0
21.201004016129033,4.748446854838709,4.1643342935483885,-2.2231121216129033,5.8627825806451614,0.003962313935483871
23.677610322580644,0.22501072129032262,-0.6193860393548389,-28.24249680645162,30.913267774193546,0.02002417312903226
24.68400958064516,2.199185603870968,21.38302330322581,-3.5877694677419356,31.20985516129032,0.019784618032258065
28.768385032258063,3.3290605539999993,-1.9756428870967742,-27.083131619354837,22.449895645161288,0.020109983964516128
26.32461448387097,4.126812594032258,-0.24834009467741922,-20.84972980932258,0.0,0.0
20.627045451612904,22.671261322580644,12.901047532258064,5.811122052580646,0.0,0.0
20.553096000000004,24.67001321875,11.448098090624999,5.3112660909375,0.0,0.0
