mfcc1_sma3,mfcc2_sma3,mfcc3_sma3,mfcc4_sma3,F0semitoneFrom27.5Hz_sma3nz,jitterLocal_sma3nz
21.16979925,24.65689394444444,17.074016152777777,5.401221896666667,0.0,0.0
24.26207513888889,20.43853563611112,12.143524793333334,-5.313001919722222,0.0,0.0
13.494015208333332,-0.17973702499999966,6.869818868055555,-13.880959020916666,6.884788027777777,0.0029659591944444447
36.86755622222222,-1.6029056430555548,2.8393885277777784,-10.84507821388889,19.56511241666667,0.009556734916666667
32.625459388888885,4.695229911111111,3.2041617620472227,-18.98219780166666,10.181205249999998,0.004388067669444444
32.857846583333334,9.368626687222223,15.931029194444445,-7.042829969444445,11.068227777777777,0.0018871464916666665
13.994990139999999,23.095904425,12.052548230555557,0.1431302527777777,0.0,0.0
20.89741425,26.100964800000003,15.275535737500002,7.620694327500002,0.0,0.0
