mfcc1_sma3,mfcc2_sma3,mfcc3_sma3,mfcc4_sma3,F0semitoneFrom27.5Hz_sma3nz,jitterLocal_sma3nz
23.230280689655174,21.633489896551726,9.234089813793103,6.364650866551724,0.0,0.0
20.434808517241382,25.21680031034483,12.392097003448272,7.006448424137932,0.0,0.0
18.014245637931033,15.010740895172415,19.019152499999997,6.087829101724138,7.289116793103449,0.007122594965517241
12.408571955172414,2.7680694055172417,3.4385221829655173,-27.558756282758623,35.478878068965514,0.011880651996551726
15.192065931034483,-8.763442232413794,0.36104236689655156,-14.836273653793102,23.582421034482756,0.011039642458620689
15.014004151724139,-18.02238186827586,-7.608586458620689,-28.851058448275868,15.265972413793104,0.004079566303448276
18.089205448275866,10.523547294827587,11.996603986206894,8.69936941586207,0.0,0.0
20.859715606060607,21.09022112121212,11.352100518181818,6.741410041515152,0.0,0.0
