mfcc1_sma3,mfcc2_sma3,mfcc3_sma3,mfcc4_sma3,F0semitoneFrom27.5Hz_sma3nz,jitterLocal_sma3nz
20.681732,26.72848884375,12.156717878125,5.76661735625,0.0,0.0
16.6447286296875,2.1640194739374996,8.914890625000002,-3.600176359375,14.73906940625,0.00295449790625
14.34936280625,-14.6449727,4.2875061090625,-9.9399834381875,24.57723271875,0.010389543228125
23.0068120625,-10.5645637634375,0.14868053531250025,-8.7257579584375,23.419704000000003,0.02524141025
24.0269924375,7.4687293156250005,12.136766282500002,-0.7792847484375,12.5733948125,0.003551652125
25.41863971875,-5.702694310937499,16.434109381874997,-0.35106512987500005,21.5917575625,0.013987786890625
22.31153046875,25.698458093750002,14.661763984375,6.6299415578125,0.0,0.0
20.25604334375,27.39944890625,13.13598691875,7.550005225,0.0,0.0
