mfcc1_sma3,mfcc2_sma3,mfcc3_sma3,mfcc4_sma3,F0semitoneFrom27.5Hz_sma3nz,jitterLocal_sma3nz
20.846258545454546,25.827703490909094,15.371076227272727,8.63074500681818,0.0,0.0
15.8739012,1.0494110636363632,14.776327572727274,-0.7971318500000012,29.546642954545458,0.00990625085
18.558477,5.137744604545455,2.2163478318181817,-44.258491863636365,34.05028745454546,0.04318817388181818
17.33999572727273,-18.25861020909091,3.3492181272727275,-12.013813045454548,40.17473513636363,0.011700250213636361
15.10904731818182,-4.171239523181819,-3.917291709090909,-30.515717334090912,30.945319272727275,0.008966735886363637
14.610437136363634,-25.73809704545454,-14.0592187,-29.960022681818177,27.136507545454545,0.004361281172727272
16.130458036363635,-9.140586290909091,9.292112295454546,-2.137412525454545,0.0,0.0
21.708676642857142,24.92172389285714,11.907373928571428,5.554840057232142,0.0,0.0
