mfcc1_sma3,mfcc2_sma3,mfcc3_sma3,mfcc4_sma3,F0semitoneFrom27.5Hz_sma3nz,jitterLocal_sma3nz
20.275614500000007,27.78784957142857,14.308086017857146,7.078595639285714,0.0,0.0
23.72189159285714,13.920369135714285,8.762436183214286,0.3934086442857142,0.0,0.0
23.777632446428573,-0.2977634464285713,17.896186514285713,-0.28081803571428576,9.748632964285715,0.002344602392857143
12.985927825000001,-11.81655887142857,4.569760585714286,-13.836190035714285,27.12651717857143,0.014489928539285714
23.529554499999996,3.6173364917857143,9.080032877321427,-10.826515026785714,27.324278607142855,0.006509340992857142
21.36530067857143,27.434757678571433,13.845278982142856,3.8047176075,0.0,0.0
20.83216028571428,26.29256185714286,12.987663678571426,7.3377620571428555,0.0,0.0
20.877350133333326,25.0756126,12.363095836666664,8.063958753333333,0.0,0.0
