mfcc1_sma3,mfcc2_sma3,mfcc3_sma3,mfcc4_sma3,F0semitoneFrom27.5Hz_sma3nz,jitterLocal_sma3nz
17.561533523076925,24.926261153846152,17.791752692307693,10.261143215384616,0.0,0.0
9.727021846153846,19.48201573076923,6.235277776923076,4.495858332307693,1.0584716153846154,0.0
30.011829230769234,1.791736750153846,1.5167271807692306,-5.813803579230769,22.192627961538463,0.007138771026923077
32.237179,7.683709428076924,0.26443073307692305,0.5055358333846157,20.927628115384614,0.022552434788461535
19.56597893076923,5.527699589615384,-9.23924193846154,-31.774765230769233,15.239657115384615,0.008106251
20.50518788461538,1.1722967834615383,-13.716070896153846,-4.376270187307692,0.0,0.0
21.125549346153846,21.599974561538463,7.545001332692308,4.349056226923077,0.0,0.0
20.767598366666668,26.643551999999996,12.680965250000002,6.780913943333333,0.0,0.0
