mfcc1_sma3,mfcc2_sma3,mfcc3_sma3,mfcc4_sma3,F0semitoneFrom27.5Hz_sma3nz,jitterLocal_sma3nz
20.683904064516128,26.96678364516129,16.549588709677423,6.136206954838711,0.0,0.0
18.965407064516132,20.312700806451616,19.969848612903228,6.2183467000000014,0.0,0.0
29.46275919354839,11.574732167741937,16.670287367741935,-8.017955817741935,26.16364077419355,0.006981778361290323
33.36325248387097,3.137548189774194,5.042469403548387,-13.10677028483871,24.26123212903226,0.02556487537741936
25.53668916129033,6.807549553225806,4.112678543548387,-1.6856786170967746,6.451661064516128,0.0031156042903225808
25.276217274193552,5.825380479677421,-0.1046271806451614,-18.773093293548385,31.831212645161294,0.010216149700000001
30.768905709677412,-0.6968440336774196,8.504228658064516,-10.922774088580644,23.115866419354838,0.014255691416129031
21.838206999999997,24.0122033125,8.333398094375,1.2592295241875,0.0,0.0
