mfcc1_sma3,mfcc2_sma3,mfcc3_sma3,mfcc4_sma3,F0semitoneFrom27.5Hz_sma3nz,jitterLocal_sma3nz
22.234048827586204,26.73936724137931,15.183669275862067,7.927236182758621,0.0,0.0
10.815778056551727,22.108466562068966,3.590925534482759,-2.07016627137931,5.133622655172414,0.0017129422586206896
24.352734913793096,-5.082552003448275,-1.292184525517241,-3.125108575862069,22.62060148275862,0.009676417468965515
1.2479761034482753,25.678814782758618,8.252925096551724,-6.240288542413793,2.674722827586207,0.0
2.1656066663448277,11.72872517241379,12.792147687586205,-12.354971982758622,12.96097768965517,0.005263341793103449
16.877715134482756,-5.131911795517241,23.322641310344828,8.183007292758623,0.0,0.0
22.124216862068963,27.010930965517243,15.098810172413794,5.371301652413792,0.0,0.0
21.191299606060607,27.63918293939394,16.227319681818184,6.363854012121212,0.0,0.0
