mfcc1_sma3,mfcc2_sma3,mfcc3_sma3,mfcc4_sma3,F0semitoneFrom27.5Hz_sma3nz,jitterLocal_sma3nz
22.00293987878788,26.118989484848484,12.062750287878789,5.824953706060606,0.0,0.0
21.053136878787875,21.814431818181816,15.990667893939396,7.014254547272728,2.7807349696969696,0.0
23.381630536363637,9.457593876363633,5.0806088142424235,6.810042562121212,23.78337190909091,0.018660120575757572
9.099420100000001,1.455260293939394,-1.7018321393939395,9.766583717272727,20.881565848484847,0.005477631027272728
27.459187303030305,0.9008670327272728,0.237004096969697,-5.999404281212121,25.727226242424244,0.013601191818181818
23.716841454545452,-16.667194082424242,-16.379879066666668,6.5893230615151515,17.892957818181817,0.004095598366666666
21.04168705848485,20.056710499999998,4.836190448484849,2.784287809575758,0.0,0.0
22.83445244736842,25.838227552631576,12.182573305263157,6.560619850000001,0.0,0.0
