mfcc1_sma3,mfcc2_sma3,mfcc3_sma3,mfcc4_sma3,F0semitoneFrom27.5Hz_sma3nz,jitterLocal_sma3nz
22.661902739130433,27.276853478260865,12.210961434782607,4.31833127826087,0.0,0.0
28.108915782608694,14.69301511304348,4.264044534782608,-6.171412442173913,11.473623652173913,0.009262494304347826
23.147451582608696,8.402112182608693,13.635280686956525,9.98628142173913,22.06428647826087,0.01277547105652174
22.62137556086957,7.062999626086956,17.334552439130437,1.4109032852173917,19.50364404347826,0.005367216791304348
27.58273856521739,-6.060079908695652,-11.690949839130434,-13.079850560869565,21.97995908695652,0.03049055354782609
28.195781130434785,21.549365830434784,15.035203239130434,-9.564599273913045,10.110771434782608,0.003375560130434783
22.558685608695654,25.74877252173913,10.336768043478262,4.0378252353913044,0.0,0.0
22.683887285714285,27.48041514285714,12.089606017857141,6.025730651071429,0.0,0.0
