mfcc1_sma3,mfcc2_sma3,mfcc3_sma3,mfcc4_sma3,F0semitoneFrom27.5Hz_sma3nz,jitterLocal_sma3nz
21.12518832258065,22.065475225806452,15.012289419354836,6.117011780645162,0.0,0.0
25.72941577419355,5.325388854838711,2.6463457161290314,3.9634182367741917,6.1854276451612895,0.0
33.96969632258064,1.9911851516129033,-2.0328463764516127,-17.70519895806452,30.112009354838708,0.017940448600000002
27.11241532258064,-9.621728873548387,14.119348822580648,-2.977324439032259,25.965767483870973,0.012436148087096775
34.86961061290322,12.621772912903227,5.4403815245161296,-23.695579787096776,29.994940064516125,0.005511065854838709
36.760339,0.988917512903226,-6.081091689032259,-9.279855383870968,21.22289680645161,0.0038318614464516133
27.01261658064516,7.0138535890322595,-10.59113770096774,-16.33210596129032,2.565147451612903,0.0023661894838709675
21.397771857142853,16.52994432057143,9.984356414285713,7.672257513428572,0.0,0.0
