mfcc1_sma3,mfcc2_sma3,mfcc3_sma3,mfcc4_sma3,F0semitoneFrom27.5Hz_sma3nz,jitterLocal_sma3nz
21.735966909090905,26.080531727272728,13.755762333333333,4.035961936363637,0.0,0.0
24.993927,-2.371831627454546,-2.125597324242425,-1.364344287878788,19.3068213030303,0.009621606893939393
24.191520909090908,-14.268221906060608,11.53383712969697,-4.128758472424242,25.068558575757574,0.011088257757575756
30.465105333333334,-2.936572963636364,-0.6499169969696968,-8.368467029090908,8.980724303030303,0.004936307484848484
20.01826785272727,12.18393582666667,8.265032724242424,-2.0197563672121213,7.301060212121213,0.002616862909090909
28.405493,14.754590181212123,6.727887496363636,-3.557662245060606,5.967067242424243,0.0038630190000000005
17.990490056363637,13.416333854848485,15.79089221212121,5.683254281515151,0.0,0.0
21.949441210526317,25.973216184210525,14.123288539473684,4.927868607894736,0.0,0.0
