mfcc1_sma3,mfcc2_sma3,mfcc3_sma3,mfcc4_sma3,F0semitoneFrom27.5Hz_sma3nz,jitterLocal_sma3nz
20.35940982758621,20.287164344827588,16.888490413793104,7.227887862068966,0.0,0.0
25.517719413793102,5.080489431034483,6.072645695862068,3.5073349710344823,14.622012206896553,0.008930803655172416
24.65175234482758,-10.51634068862069,9.840062848275863,-7.106327125517242,20.005366931034484,0.009238584558620687
28.838127793103453,-8.953962231724136,3.7005005646896554,0.007035480344827682,22.85535024137931,0.0200070605
29.14144906896552,-12.220572016206898,-6.575891772413794,-12.967217586206894,30.493643655172413,0.02185439121724138
25.1718873137931,23.491440196551732,12.129383940000002,-1.0654081662068962,15.54826955172414,0.010900447413793103
31.77564410344828,14.048584396551728,5.192691444827585,3.293527679310344,5.146502655172414,0.002155281896551724
18.200872950000004,23.124177805555558,15.23221286111111,4.1473672086111115,0.0,0.0
