mfcc1_sma3,mfcc2_sma3,mfcc3_sma3,mfcc4_sma3,F0semitoneFrom27.5Hz_sma3nz,jitterLocal_sma3nz
21.67902039130435,23.611144217391306,11.923943152173914,4.276355557826086,0.0,0.0
27.391369782608695,3.6932339869565216,-2.722073482608696,-8.456978943478262,24.661991434782607,0.02500406930434783
26.08156043478261,-12.388159515652173,-13.647534982608697,-26.536596869565216,35.03687821739131,0.019662174643478258
24.862800043478252,-6.856828756521739,12.46815534347826,-32.34716608695652,32.41715352173913,0.015193984591304346
25.503977695652175,5.152464797391304,21.224840521739132,-19.528715195652172,36.024026173913036,0.020395366260869564
19.53712973913043,7.24256875347826,31.513587826086944,-34.94791178260869,43.441842521739126,0.01713319594782609
22.137312347826093,1.174776151000001,33.347469521739136,-39.50552439130434,5.349523304347826,0.0068888138260869555
23.626963535714285,26.60039496428571,15.587634214285714,2.615895905357143,0.0,0.0
