mfcc1_sma3,mfcc2_sma3,mfcc3_sma3,mfcc4_sma3,F0semitoneFrom27.5Hz_sma3nz,jitterLocal_sma3nz
19.30760899375,24.091613625,15.912203540625,9.464190803125,0.0,0.0
24.62974534375,16.137313915625,22.55157005625,5.788051735,17.665602812499998,0.0401552404375
31.3567073125,10.6730512978125,10.037724423124999,-10.38411962875,25.061121,0.011274550815625
32.949964843749996,19.4461355,3.9639186390625003,-30.0847630625,27.51851396875,0.017091124259375
15.70679994375,17.682130362499997,8.19745023125,-16.065218559999998,19.87160409375,0.01389808454375
32.4253958125,20.11903413125,-6.5572402478125,-53.48584003125,38.601278968749995,0.018556840390625
15.354360140625001,16.270853375,23.120900503125,-1.97027451165625,0.0,0.0
13.57080028125,16.833468234375,28.7308830625,-0.5054118246875001,0.0,0.0
