mfcc1_sma3,mfcc2_sma3,mfcc3_sma3,mfcc4_sma3,F0semitoneFrom27.5Hz_sma3nz,jitterLocal_sma3nz
20.773757444444442,24.340220527777777,14.485778208333333,8.149759280555553,0.0,0.0
32.538920777777776,0.7194310394444446,0.7556137297222221,-17.94189510555556,19.38720675,0.009694857161111112
26.557304111111105,-3.854755852777777,0.31441221499999966,-35.50904475000001,22.583581555555554,0.016849349966666663
29.53161875,0.005576717500000106,12.593202623749999,-13.147819640444446,17.701152527777776,0.00753121098611111
36.53793977777778,7.566416514722224,-3.4738406000000004,-38.08120086027778,28.171196555555554,0.02258339231388889
33.17355933333333,0.08818576194444445,-15.168135576611114,-16.83951120333333,7.5918921388888885,0.015210645769444444
27.889054527777777,7.3231453944444445,-3.5576591011111116,-6.90208637388889,1.2528843888888888,0.002593726111111111
20.517096975,25.698405325,13.741608074999998,6.10971105175,0.0,0.0
