mfcc1_sma3,mfcc2_sma3,mfcc3_sma3,mfcc4_sma3,F0semitoneFrom27.5Hz_sma3nz,jitterLocal_sma3nz
22.897595173913047,25.59609491304348,13.409539326086959,5.003006028260869,0.0,0.0
24.90144639130435,1.8689158695652177,6.350600613043478,-8.451948965217392,18.335796304347827,0.011224537282608695
37.672957869565224,-7.653929813043477,-9.963212169565217,-16.678773999999997,42.09742743478261,0.015192802291304349
20.893308830434783,12.10701758695652,12.176248570434781,-6.747860786086957,29.277805695652177,0.01822314566956522
25.917582260869562,2.202046271304347,30.434872039130433,-19.192551609565218,27.488803391304348,0.009366373930434782
26.374010652173915,9.251737808695653,20.337533565217388,-10.629789285217393,0.0,0.0
23.3952817826087,25.818114652173914,13.655835434782608,6.897008991304349,0.0,0.0
22.948751319999996,25.809636920000003,15.362584960000001,6.196988278800001,0.0,0.0
