mfcc1_sma3,mfcc2_sma3,mfcc3_sma3,mfcc4_sma3,F0semitoneFrom27.5Hz_sma3nz,jitterLocal_sma3nz
22.635991724137927,26.257793241379307,12.611207310344827,4.84111620275862,0.0,0.0
24.99536968965517,25.004878103448277,10.13244982862069,-3.521350017241379,9.997883206896553,0.005571519265517242
10.110246442758621,9.67798973448276,-6.239421041724137,-9.303690841379309,19.610115310344828,0.0018105204068965518
26.2875301724138,-22.176159488620684,13.807641036206897,-18.822774279310345,30.99687079310345,0.007885334731034484
29.74220210344828,2.1049686631034477,-5.343180645517243,-35.52473577931035,29.260596448275866,0.009378153496551724
28.930573655172413,3.2460301234482767,21.034905927586205,-19.52934458275862,29.748771068965517,0.013072222455172412
13.409379382758623,18.144631172413792,13.522734308620691,-5.904715234482757,0.0,0.0
23.134252310344827,27.549432172413795,15.206664655172414,7.058393955172415,1.281625327586207,0.0001673491275862069
