mfcc1_sma3,mfcc2_sma3,mfcc3_sma3,mfcc4_sma3,F0semitoneFrom27.5Hz_sma3nz,jitterLocal_sma3nz
22.939421166666666,28.055369791666667,12.4488446875,5.3846913125,0.0,0.0
18.4770851875,5.892915854166667,-2.5270038970833335,-20.077514545833335,26.08817666666667,0.03644895583333333
22.459635791666667,-0.017951849999999842,-12.466547,-11.34308893875,15.353222791666667,0.007956009750000001
18.902186575,-0.8191183141666666,12.660073854166669,-2.1447283666666657,18.802938208333334,0.00474837175
15.539328962499999,-13.166933901666667,3.0999796958333334,-20.1089651875,30.428535291666666,0.012843892641666667
10.041300329166667,4.3190433375,9.58235715,-15.508978341666667,18.253152291666666,0.0040097598124999995
13.686474463333333,-16.165923744166665,5.630415924458333,1.9270145791666664,26.947839791666667,0.0023763995666666667
13.478263154838709,15.69145117419355,12.5524828,-2.9640469751612897,4.270358870967742,0.0030149420322580643
