mfcc1_sma3,mfcc2_sma3,mfcc3_sma3,mfcc4_sma3,F0semitoneFrom27.5Hz_sma3nz,jitterLocal_sma3nz
23.783463823529413,26.59168294117647,13.431140688235294,5.360556431058822,0.0,0.0
20.753038147058824,9.803665235294119,9.087876479411765,-2.9794108985294123,11.491388235294117,0.0008780879735294118
18.335643176470587,-1.8495079343529413,17.265381544117645,-13.076028435294118,30.743843500000004,0.013178923129411765
5.877033973529412,17.362813274705882,12.738058958735294,2.7672572058823524,14.370228382352941,0.0015870257529411766
17.98828414117647,17.96814735588235,12.281172473823531,-0.3523661794117646,14.879895617647056,0.007132266405882354
26.302427529411766,19.87138611764706,3.119898675,-13.947214826764707,14.886176352941176,0.0025916699852941176
29.350883999999997,17.394701555882353,-2.474041844117647,-3.592301552941177,0.9633594117647057,0.00017189998823529412
23.127778585365853,25.940525024390244,12.086188804878049,6.414007188292683,0.0,0.0
