mfcc1_sma3,mfcc2_sma3,mfcc3_sma3,mfcc4_sma3,F0semitoneFrom27.5Hz_sma3nz,jitterLocal_sma3nz
22.915101299999996,26.97103603333333,11.974642533333334,5.375791504333334,0.0,0.0
19.80142431333333,12.583125396666665,11.625737820000003,-1.4270107066666666,15.632356666666668,0.006672383266666665
25.11026846666666,10.774351286666668,16.767848243333333,-10.706326595,13.413193666666666,0.006373213733333332
11.482638518,21.82876253333333,11.774101626666667,0.20060967333333427,15.157367566666665,0.010577948943333332
18.602473252333333,22.00913328333333,10.06540086233333,-6.561486296066666,11.547335633333335,0.006555603766666666
25.74226136666666,17.747719966666672,6.931881614666667,-11.373576687666667,16.509808833333334,0.005711304566666667
34.91749633333333,9.31221412,-12.778983553333331,-10.685553956333333,10.025671433333333,0.00217627499
23.22412840625,25.2571516875,12.03638151875,6.313093970625,0.0,0.0
