mfcc1_sma3,mfcc2_sma3,mfcc3_sma3,mfcc4_sma3,F0semitoneFrom27.5Hz_sma3nz,jitterLocal_sma3nz
15.979029645454547,5.152308604545455,12.718749334545453,6.816987581818182,7.857285999999999,0.009562367727272729
21.123235231818178,13.638136117727273,5.086460443636363,0.6873577727272722,20.776113,0.013721172863636362
27.96392768181818,-16.052406054545457,-13.855805200000002,-4.580382615454545,35.90065327272728,0.03223773909545455
30.049623227272722,-4.06743234,-11.227269655818183,-14.398175613636361,19.384182818181817,0.0031444412
24.95898106818182,4.278294904999999,-5.576761007272727,-24.23408309090909,16.6446365,0.0025727009
29.18247954545455,-7.358835104545457,-22.242543045454543,-20.43035131818182,3.0031192727272726,0.0003481279
21.786315681818177,8.568364613636364,0.17602901363636397,5.097121195454547,0.0,0.0
22.63038486363636,29.31322240909091,14.88824468181818,7.667628140909094,0.0,0.0
