mfcc1_sma3,mfcc2_sma3,mfcc3_sma3,mfcc4_sma3,F0semitoneFrom27.5Hz_sma3nz,jitterLocal_sma3nz
20.87961640909091,23.71927354545454,16.272831545454544,7.939783345454544,0.0,0.0
20.607613818181814,14.360969596363638,15.397121401363641,2.8200657504545465,9.166296727272728,0.0014310927272727272
26.208226999999997,12.30036410727273,1.677236773181818,-20.675926254545452,19.287607954545454,0.007771260213636364
27.557053340909093,-0.8315880272727274,3.7470226650000003,4.164024271636364,15.081901818181818,0.01096492409090909
24.685174727272727,-5.227773309090909,4.0986342048181825,-10.845485813636365,11.505231363636364,0.01755985432727273
15.67353270909091,-8.711767142727272,7.991201336363636,-3.993453472727273,20.0784755,0.006390076459090909
22.95325829545455,-1.2599016963636371,6.3331392140909095,5.79304297,9.166692590909092,0.0027565402181818186
16.835658485714287,19.566355821428573,13.897800139285712,4.1984436178571425,0.0,0.0
