mfcc1_sma3,mfcc2_sma3,mfcc3_sma3,mfcc4_sma3,F0semitoneFrom27.5Hz_sma3nz,jitterLocal_sma3nz
20.89507223076923,23.186514230769227,13.856963326923077,7.174931457692308,4.339012307692308,0.003372169230769231
11.35023425153846,12.060638984615386,1.0798034123076923,-7.745403626153846,29.027233000000003,0.01429349166923077
16.66549330769231,-10.70532195,-2.746940365384615,-11.52519942626923,37.573723,0.023110592769230772
4.485159717692309,16.61334353692308,5.688681580769232,4.831874467307693,12.979740884615383,0.008284391196153847
14.61446422923077,0.42929883153846143,4.161424633461538,-17.318070865384616,25.946418115384613,0.007133555996153846
16.968980284615384,15.024766465384614,14.710493346153847,-2.7435819130769232,2.5594279615384616,0.0024824226153846154
20.088600269230767,26.200795961538457,12.738461384615384,5.850550218076924,0.0,0.0
18.739098766666668,23.520880366666667,13.124607283333331,7.317307605333335,0.0,0.0
