mfcc1_sma3,mfcc2_sma3,mfcc3_sma3,mfcc4_sma3,F0semitoneFrom27.5Hz_sma3nz,jitterLocal_sma3nz
22.33788540740741,10.417725500000001,9.345457903703704,-1.6355467074074073,9.642558740740741,0.001926219925925926
23.773861370370373,2.1902418407407405,13.300935203703704,-33.18158217037037,35.44765833333333,0.017981907666666668
20.804832,-24.087543640740737,1.1092006,-26.501431074074073,30.281381962962968,0.0202787996
24.505451240740744,-13.144715122222223,2.4482034540740747,-16.156172027037037,28.04966192592592,0.01632938318888889
22.274086499999996,-22.00149580740741,-3.4101254333333335,-9.835514972222224,33.93064688888889,0.024998532207407404
30.968431129629632,2.994101218518518,-2.469982472777778,-11.052266720740741,21.720514925925926,0.03430692288888889
29.616066111111106,4.504256276666667,18.899998481481482,-19.91256768148148,9.691555333333334,0.004313402685185185
17.179387326666667,28.501125740740743,16.34331375925926,5.478340014814814,0.0,0.0
