mfcc1_sma3,mfcc2_sma3,mfcc3_sma3,mfcc4_sma3,F0semitoneFrom27.5Hz_sma3nz,jitterLocal_sma3nz
22.40318015625,10.09902778125,7.09045696875,7.8855979375,6.364851375000001,0.00316577575
18.735648068750002,3.0104628696875,9.074939180000001,-5.9766175538437505,13.783942249999999,0.004286220015625
18.2754740625,-20.117395625937498,-3.2299788375,-2.6689822146875,26.867950468750003,0.009185377006249999
27.491455062500002,-3.817749245,-8.522049105,-6.166949743750001,27.39903371875,0.02074493649375
21.10293818125,-7.0898503875,-5.063692193750001,7.355880986375,22.21688728125,0.00611638455625
26.513700625,20.617338637499998,4.7342087046875,-8.1355629428125,19.477644312499997,0.00840171778125
27.9107164375,10.837229409375,11.24331625,-5.1092294609375,6.57669359375,0.0021235346125
22.05447692105263,19.726893210526317,13.720996210526318,5.720040445789473,0.0,0.0
