mfcc1_sma3,mfcc2_sma3,mfcc3_sma3,mfcc4_sma3,F0semitoneFrom27.5Hz_sma3nz,jitterLocal_sma3nz
21.425869607142857,19.08255275,10.472675324999999,9.370942110714287,0.0,0.0
31.84579348214286,15.16616962142857,-0.9302874571428573,-11.894564767857144,21.66293317857143,0.010889495474999998
29.885650785714283,-4.560615305,-13.481209456964285,-15.749078120000002,8.29969925,0.013214966285714284
20.36068469642857,23.632005664285717,-5.866563196428572,-1.3062525764285713,18.96197485714286,0.025022739892857145
27.31033457142857,13.86458979107143,-6.427457047142858,-3.0567153999999994,0.0,0.0
29.383856642857147,-19.68096641071429,-6.847200685714285,-2.3994081321428573,0.0,0.0
17.060800767857142,19.252303535714283,7.404168548214286,2.9441990028571428,0.0,0.0
20.35560033333333,17.757272200000003,9.856729863333333,7.760381166666665,0.0,0.0
