mfcc1_sma3,mfcc2_sma3,mfcc3_sma3,mfcc4_sma3,F0semitoneFrom27.5Hz_sma3nz,jitterLocal_sma3nz
23.89538940909091,19.726698045454548,21.734836249999997,5.9985995090909086,12.474608,0.006114931163636364
35.770732227272724,1.5277671828636363,12.513583618863636,9.480187659090909,22.862271545454544,0.027769754954545457
35.84045436363637,11.435186015000001,-1.836914410909091,-7.024570536363635,27.952191045454548,0.03272798846818182
29.492790363636367,13.739257719545453,19.779244568181817,1.612979597727273,19.535043863636364,0.018219356413636367
44.471083045454556,6.286059336363638,-9.570147318181817,-26.424026613636364,24.619631136363637,0.017221633045454546
16.229635145454548,19.41452093181818,12.787916000000001,-14.505503922727273,6.314891772727273,0.0012494979090909091
39.58884872727272,21.096853340909096,-4.626262657272727,-36.53614136363636,16.606266,0.011609823636363637
22.827057681818175,23.689854227272725,10.281795599999999,-3.0333253839999994,0.0,0.0
