mfcc1_sma3,mfcc2_sma3,mfcc3_sma3,mfcc4_sma3,F0semitoneFrom27.5Hz_sma3nz,jitterLocal_sma3nz
24.757941473684212,9.895137157894737,3.6338466631578945,-5.9319985936842095,12.808505263157894,0.0001933525894736842
43.140819368421056,-0.7837682842105264,-12.608207010526316,-18.31052191052632,22.20079694736842,0.003362298484210526
37.24916194736843,-0.1083521521052632,-18.109599,-13.071365963157893,24.275142736842106,0.012358742142105262
24.845714315789472,16.63649626315789,4.748334413157895,-6.743389343157895,28.775405684210533,0.01601790931578947
24.714702221052633,16.548407345263154,6.2567895947368415,-3.1578376631578946,16.999139789473684,0.009052092473684211
35.68761063157894,-0.709604847368421,-8.909812701578948,-20.55639521052631,20.07773236842105,0.018144607894736844
36.28533373684211,6.219539352631579,-20.375833594736843,-30.557771684210525,3.8449307368421053,0.0005232744736842106
13.560316027307694,21.21029873076923,12.425182096153849,-6.6985016257692305,0.0,0.0
