mfcc1_sma3,mfcc2_sma3,mfcc3_sma3,mfcc4_sma3,F0semitoneFrom27.5Hz_sma3nz,jitterLocal_sma3nz
21.08024127777778,24.34509696296297,12.107866544444446,6.388934015185185,0.0,0.0
18.91734580555556,18.912862327777777,12.186423759259261,5.576608462962962,0.0,0.0
19.51336158333333,15.630274316666666,37.13322385185185,-0.06415291055555539,22.628510777777777,0.017012461504444444
21.188124464814816,19.771171347777777,21.033878327777778,3.345956132222222,12.822121537037038,0.011505552259259259
35.17549598148148,12.998736030555555,-4.81954420888889,-29.139487029629635,11.556269444444444,0.005755575398148148
26.412266074074072,20.145926061111112,23.787402512592593,-4.477000912962962,23.34028662962963,0.00926254093888889
30.189931074074078,25.032808111111105,4.041274403703704,-36.85880095925926,9.012193592592594,0.0026615528055555556
19.603554143636362,23.827798127272732,12.022974005454543,2.6565496177636363,0.0,0.0
