mfcc1_sma3,mfcc2_sma3,mfcc3_sma3,mfcc4_sma3,F0semitoneFrom27.5Hz_sma3nz,jitterLocal_sma3nz
23.24518869565217,27.201828826086963,14.201959956521737,7.9029812,0.0,0.0
21.631787391304346,20.55595069565217,11.539079395652175,4.2624490713043475,0.0,0.0
25.19612486956522,-5.905944924782609,2.498956826782609,-18.74436714347826,21.44232817391304,0.03448957847826087
31.318755739130438,-1.3268441639130435,7.49017257826087,-13.74899312173913,26.043777913043478,0.019625609939130435
17.126019739130435,16.159854806521736,10.471506008695654,6.3486532565217395,9.77403891304348,0.007363080760869565
21.50746557826087,5.0038376782608704,7.640324956521738,-3.355209852173914,4.4818488260869564,0.0021337194782608693
27.915922521739134,5.31839802173913,-2.520318353913044,-14.321049869565218,5.148665086956521,0.0020061749565217393
22.390112499999997,25.165755214285713,12.443033857142854,7.7732316975,0.0,0.0
