mfcc1_sma3,mfcc2_sma3,mfcc3_sma3,mfcc4_sma3,F0semitoneFrom27.5Hz_sma3nz,jitterLocal_sma3nz
22.300837906250003,27.37641225,15.32464425,5.6010029434375,0.0,0.0
13.491915130625,27.380553218750002,0.435053943834375,-18.9746357375,10.7429335,0.0053847024375
16.689963525,-9.79016729875,-14.152777721875001,-17.414095571875002,33.04558396875,0.009574857071874998
25.498690875,-12.278429334375,-2.09081314875,-5.2893907021875,25.36355496875,0.012160377625
26.369148703125,0.9524768812500001,-17.235337778125,-38.441443646875,35.189332593749995,0.032625703540624995
32.421837,7.1003830656249995,13.2551533125,-7.950958109375001,30.5467176875,0.0110158385375
4.042723695,11.0101394415625,6.329706612812499,3.3898007495,0.0,0.0
15.336659294285717,28.520541228571428,14.09506213142857,8.447603048571429,0.0,0.0
