mfcc1_sma3,mfcc2_sma3,mfcc3_sma3,mfcc4_sma3,F0semitoneFrom27.5Hz_sma3nz,jitterLocal_sma3nz
16.19756296666667,20.74738891428571,21.313972628571427,5.352175260952381,0.0,0.0
30.211007342857144,13.051579780952382,-3.9411535109523816,-28.46762670952381,24.639821523809527,0.016162044904761905
33.13761685714286,-8.779208399047619,9.598692388380952,-13.973340461904762,29.119561285714287,0.019744168852380953
27.629684642857143,3.3461049809523806,-4.220948509761905,-22.93244543,15.80398357142857,0.015003657047619048
27.803924809523807,-9.964258170952379,-10.891247271428572,-27.091381852380955,2.5053811904761907,0.012958186666666668
18.616880761904763,-5.189655269047618,13.707725190476191,7.247322518095237,0.0,0.0
22.879617761904765,24.637029333333334,10.665540433333334,7.670665990476191,0.0,0.0
22.218166919999998,27.082661639999998,12.042625340000003,6.150701674,0.0,0.0
