mfcc1_sma3,mfcc2_sma3,mfcc3_sma3,mfcc4_sma3,F0semitoneFrom27.5Hz_sma3nz,jitterLocal_sma3nz
22.741214363636367,27.417482909090914,13.663860863636364,6.171153306363635,0.0,0.0
24.091532954545457,9.50297465,5.481817881818183,-14.106174545454543,10.720015227272727,0.004549509181818181
24.71904209090909,4.140592627272726,-9.158251224545454,-16.977402963636365,33.45366036363637,0.032680157999999994
19.617867045454545,-16.686424163636364,1.1195399990909092,-8.757244154545456,39.38432718181818,0.025638585877272732
17.089531339090907,-1.3638295868181822,3.3090488181818203,-5.7606492115,24.91008713636364,0.010476010172727273
18.681702295454546,-22.730876809090912,-6.920275440909091,1.3184937877272724,26.98697936363636,0.007092063204545456
24.775410227272722,2.1437772440909098,11.144684513636363,4.533654757727273,0.0,0.0
22.68400212,27.16402076,12.061147592,5.3825145999999995,0.0,0.0
