mfcc1_sma3,mfcc2_sma3,mfcc3_sma3,mfcc4_sma3,F0semitoneFrom27.5Hz_sma3nz,jitterLocal_sma3nz
22.210669423076922,27.065205769230772,14.120555076923077,5.556768523076925,0.0,0.0
18.964535280576925,12.145392498076925,26.730882230769225,1.7705755780769235,12.659863576923076,0.024715134884615384
22.737052142499994,19.650683269230772,17.91351433846154,-0.9253161384615388,19.55176530769231,0.009026046769230769
34.258654192307695,2.0104397407692307,-20.16518625,-31.145820384615384,21.39878876923077,0.0066381125923076914
29.265992153846152,12.516756715384615,14.951583686538461,-7.557723903846154,15.155157576923076,0.004123786148076923
29.102095384615385,9.623079531153847,-7.283578817692307,-35.45016087692308,16.449299384615383,0.007760919538461539
27.920291115384614,21.631738076923074,7.775321434384616,-10.540158181461539,0.0,0.0
23.028904148148147,25.357539888888887,11.143722555555554,3.4957624533333336,0.0,0.0
