mfcc1_sma3,mfcc2_sma3,mfcc3_sma3,mfcc4_sma3,F0semitoneFrom27.5Hz_sma3nz,jitterLocal_sma3nz
21.06206682608696,11.818128413043476,7.885121669565217,5.3337480260869565,0.0,0.0
24.530715478260866,-0.4188671260869569,7.198165695652174,-1.4047878878260867,25.811982652173914,0.02056235240869565
8.726707604347826,16.463022845217388,12.085112430434782,-0.7965960191304345,21.06331404347826,0.013598044204347829
18.22523817478261,24.143995543478262,10.3390449,3.7400330999999993,7.428217826086956,0.0015799850652173915
26.80472613043478,14.747625095652177,5.68116593304348,-11.623142927826086,9.63733143478261,0.003985049565217391
31.19318091304348,15.20275515652174,-4.148615464347827,-4.684243844782609,0.0,0.0
21.714045304347827,25.706527347826082,12.035716630434782,5.628994306521741,0.0,0.0
21.55294132,25.702152639999998,11.62684376,6.820679844,0.0,0.0
