mfcc1_sma3,mfcc2_sma3,mfcc3_sma3,mfcc4_sma3,F0semitoneFrom27.5Hz_sma3nz,jitterLocal_sma3nz
25.162067200000003,23.638319666666668,14.771077766666668,9.660326193333331,0.0,0.0
25.3540843,19.92973205,15.377743876666665,13.251540603333334,11.370285466666667,0.004285292133333333
31.318867866666665,11.26378173333333,7.3668189019999994,5.604326468,23.252732466666668,0.0144734759
29.32317820666666,20.551850600000005,16.505102813999997,-1.7414152736666666,22.434236833333333,0.007962423140000001
19.6978334195,18.399717413333335,18.193766616,-4.0477350450000005,8.6574021,0.007229956733333333
29.22553422666666,27.057047066666666,11.27598088333333,-10.818415639,10.956454,0.005227434266666666
25.587434799999997,26.20473516666667,12.559642786666666,3.893620599666667,0.0,0.0
24.78581475,26.1035883125,11.439284490625,5.7149875675,0.0,0.0
