mfcc1_sma3,mfcc2_sma3,mfcc3_sma3,mfcc4_sma3,F0semitoneFrom27.5Hz_sma3nz,jitterLocal_sma3nz
21.86397167567568,27.515817621621625,13.237139229729728,7.62184292972973,0.0,0.0
17.46449474864865,16.734064027027028,13.184874475675675,8.26205978810811,4.838166810810811,0.003104770027027027
13.337875456756757,-9.542580282432432,-11.313765108108107,-34.428847389189194,28.5622467027027,0.020961914989189194
10.10180040945946,-34.93277918108108,-6.913651678378377,-20.770311343243243,42.731541297297305,0.007208225916216216
11.988269891891893,-27.291587777297302,-17.17044775135135,-37.00105682432432,33.98315562162163,0.014188624883783783
14.191041656756756,-2.8612821957837835,6.865555727027027,2.7258530670270265,0.0,0.0
22.902749027027028,16.585511310810812,3.662398626216216,5.283572251621621,0.0,0.0
22.09617825,26.378229925,11.7124891325,5.9894869475,0.0,0.0
