mfcc1_sma3,mfcc2_sma3,mfcc3_sma3,mfcc4_sma3,F0semitoneFrom27.5Hz_sma3nz,jitterLocal_sma3nz
26.16524070370371,23.876708481481483,19.391932814814815,10.69224034074074,12.902055962962962,0.008562804259259258
23.560219222222226,11.975590574074076,39.54282511111111,-5.471312798518518,28.796906370370372,0.05944292411111111
26.184123285185187,12.772879044444446,9.486673470370373,-18.627134892592593,24.557638851851852,0.010933437622222222
36.885501851851856,13.380955296296296,-15.450334448148148,-38.04168037037037,29.02657577777778,0.0090496787
35.74994051851852,18.996601003703706,5.566882096296296,-19.39345653703704,23.860529481481482,0.011897164537037038
17.455834595185184,8.417185696296295,22.85944454814815,4.584184948148149,15.423728333333337,0.00788428674074074
31.942440925925922,30.62900122222222,7.844142707407407,-38.58915666666667,9.93077462962963,0.004852333851851852
18.53262717272727,23.690803787878792,13.102926524242424,-2.0103906262121205,0.0,0.0
