mfcc1_sma3,mfcc2_sma3,mfcc3_sma3,mfcc4_sma3,F0semitoneFrom27.5Hz_sma3nz,jitterLocal_sma3nz
22.48873808695652,24.515313273913044,17.589886717391305,8.529634052173913,0.0,0.0
25.13488352173913,24.344511173913045,8.687692920000002,-8.620693573913043,14.633781391304346,0.007046247752173913
37.30507913043479,8.931441079565216,-1.4270268956521739,-24.81237791304347,20.86362413043478,0.019461322886956522
27.156838239130433,15.28362041304348,-1.5946443733478262,-9.087696860869565,5.040556869565217,0.004516359869565218
37.27184108695652,13.2306014,-12.454956520000001,-37.2989237826087,6.111300130434782,0.002276164782608696
24.3661212173913,17.032904730434783,4.989499969565217,4.729648854782608,0.0,0.0
21.978803652173912,25.181839956521735,10.44587786521739,4.974555647826087,0.0,0.0
22.70042839285714,25.479790857142856,11.266990525,9.549162092857143,0.0,0.0
