mfcc1_sma3,mfcc2_sma3,mfcc3_sma3,mfcc4_sma3,F0semitoneFrom27.5Hz_sma3nz,jitterLocal_sma3nz
22.81026325,25.00278928571429,13.114549017857142,6.911100335714287,0.0,0.0
22.810820142857143,19.290824507142855,11.294211310714285,2.9303832842857136,0.0,0.0
29.14388825,3.2276083214285713,9.917002701428572,-6.881616367500001,7.441584,0.003002864357142857
20.158413347499998,18.66903915357143,15.598466821428573,-4.946245729357143,5.290626214285715,0.0044996859642857144
20.616626182142856,22.50280745357142,3.2661034597499996,-5.628346194642857,0.0,0.0
40.52865394285714,16.019434153571428,-13.632487517857143,-18.868964978571427,11.884773964285714,0.0034862624392857145
24.608504928571424,25.46420232142857,9.993001632142855,0.3797841857142856,0.0,0.0
22.587949866666673,26.439661499999996,14.937308133333335,6.160785414666667,0.0,0.0
