mfcc1_sma3,mfcc2_sma3,mfcc3_sma3,mfcc4_sma3,F0semitoneFrom27.5Hz_sma3nz,jitterLocal_sma3nz
20.791364756756757,25.092397405405404,12.984135891891894,6.3063455747027035,0.0,0.0
26.018062594594596,11.583943016216216,8.279804994594596,2.4534950347027027,15.212658243243242,0.00977922651891892
29.403005567567572,16.945775327027032,0.6537208108108107,-19.15678227027027,29.357464108108104,0.02249772741891892
22.77995770270271,-2.420717456756756,13.357407615405407,-12.964514830810808,11.704724243243243,0.0037991089594594588
34.515577432432444,18.973645864864864,10.862812164864865,-12.671685902702704,28.581508999999997,0.014203833027027027
36.43182835135135,9.596306215405406,-9.111047462162162,-34.18027553243244,27.248070405405407,0.010880707151351351
31.592953432432424,-0.16039284210810761,-9.852373095945946,-5.756565743243243,17.82219002702703,0.007941652297297298
21.71167081395349,16.594678639534884,8.81969273488372,7.179576262790698,0.0,0.0
