mfcc1_sma3,mfcc2_sma3,mfcc3_sma3,mfcc4_sma3,F0semitoneFrom27.5Hz_sma3nz,jitterLocal_sma3nz
21.12992838235294,25.765891147058827,14.20579344117647,8.131642647058824,0.0,0.0
8.359930839588236,30.230070382352938,7.76591683235294,5.052155458823529,2.935993294117647,0.0013691074117647057
20.98829889852941,-7.917228526470588,-7.079741449999999,-4.840731463235294,34.03527264705882,0.013654270835294118
10.305809656588234,11.77177195,10.776007695294117,-16.137289552941173,4.92035855882353,0.002675792529411764
3.3617000697058823,22.8170698995,8.027160152941176,4.239158947058823,7.217618647058824,0.0025445108823529414
10.505874458823527,10.963493785294117,-10.953618432352942,-24.27337287588235,28.83936232352941,0.0071545929647058824
18.334516067647062,12.216438694117647,12.972205264705883,-3.53702070617647,0.0,0.0
21.27874894117647,26.454928000000002,14.536074279411766,5.934779869705882,0.0,0.0
