mfcc1_sma3,mfcc2_sma3,mfcc3_sma3,mfcc4_sma3,F0semitoneFrom27.5Hz_sma3nz,jitterLocal_sma3nz
16.948639625806454,23.92268438709677,16.96965415483871,8.663767745161291,0.0,0.0
20.173226645161293,5.26084087032258,8.152514281935485,6.432562109677419,0.0,0.0
18.482463422580647,-1.273900187096774,8.870455022580646,-11.475138058258064,20.121900161290323,0.0049383905935483875
21.708501,-11.530594907741936,-3.118402556774193,-1.6929828825806452,22.8809054516129,0.00608719530967742
22.636197193548387,-4.142972370967742,-2.716794503225805,3.972342170967742,21.086470064516124,0.005869655754838709
23.75879838064516,14.273652538709676,0.0040194419354840595,-4.8834797251612905,11.423591870967742,0.006108523774193549
22.953224935483874,4.688418509758065,9.47688595483871,-3.7453071230645163,2.9446465483870967,0.0012606587741935482
17.458972977142857,21.290129185714285,14.170096865714287,5.47045808,0.0,0.0
