mfcc1_sma3,mfcc2_sma3,mfcc3_sma3,mfcc4_sma3,F0semitoneFrom27.5Hz_sma3nz,jitterLocal_sma3nz
21.38841296875,27.96847925,17.3478194375,9.5959527296875,7.9076881875,0.00844013890625
17.6375348390625,6.243945205625,37.68103346875,-25.867932235937502,14.61716834375,0.02957742703125
29.8744621759375,0.8658769612500001,-13.182981806250002,-17.250896400000002,33.135590875000005,0.06619478634375
34.366929125,-8.539033133125,-5.533127834375,-21.818832306250002,24.9954433125,0.031526890809375006
29.34434203125,14.342812770312502,20.663419157187498,-19.708465331249997,31.3080513125,0.0159865222678125
22.93414896875,5.735058603125001,-1.0408459749999994,-31.894335621781252,22.618236625,0.03116528375
29.782033675,25.236681953125,-1.9186010581249997,-29.132885055437498,0.0,0.0
16.87529914285714,23.2083628,15.410269514285714,6.870080281028573,0.0,0.0
