mfcc1_sma3,mfcc2_sma3,mfcc3_sma3,mfcc4_sma3,F0semitoneFrom27.5Hz_sma3nz,jitterLocal_sma3nz
19.177657121875,12.587283584375001,10.1246463459375,4.308172128125,15.39871334375,0.005152712128125
23.9288401875,7.477670699999999,-3.8517665112499997,-21.365039585625002,32.33553046875,0.03587388201875
16.5167589375,-7.469717251562501,6.7312201146875,-21.87736825,25.428437062500002,0.012769244484375001
29.286237406250002,6.180369590625,2.7580887187500007,-23.170296440625002,30.343605125000003,0.012665936859375001
25.53119665625,-4.468859963437501,-17.31014158496875,-31.69061634375,37.35527628125,0.035002160146875
24.131391031249997,-2.1225574034375,-20.203277668749998,-11.998851009375,7.3660099375,0.007672014875
20.28029134375,6.841476836875,4.4408593253749995,16.3956936375,0.0,0.0
18.49027051428572,26.12773102857143,18.046141742857145,13.954012899999999,0.0,0.0
