mfcc1_sma3,mfcc2_sma3,mfcc3_sma3,mfcc4_sma3,F0semitoneFrom27.5Hz_sma3nz,jitterLocal_sma3nz
17.679636030303026,14.596430084848485,10.056172660909091,-1.9564739890909095,11.431971848484848,0.0022982260606060605
2.8283410406060607,-1.6246636212121204,-14.975147215151514,-5.204876530242425,30.897605696969695,0.008143628484848484
20.924147281818183,-18.4981383,-0.11378590000000029,-17.030561691515157,36.98675763636364,0.01473764329090909
20.935139848484848,-6.398421399803031,-14.020757645757577,-30.521396363636367,50.17050684848485,0.015102428666666667
17.750058136363634,-21.795799391212125,5.419715937878789,-28.37483991818182,37.87576660606061,0.03388451297151515
9.455536163636364,23.491058530303032,7.499912950848485,-3.836122024242423,0.0,0.0
14.763879074060606,31.16420215151515,15.066680430909088,14.412008833333333,0.0,0.0
18.496066894736842,26.80912747368421,18.48754164473684,10.763500336842105,0.0,0.0
