mfcc1_sma3,mfcc2_sma3,mfcc3_sma3,mfcc4_sma3,F0semitoneFrom27.5Hz_sma3nz,jitterLocal_sma3nz
17.913150367857146,25.810157642857146,17.327867910714282,10.361920042857145,0.0,0.0
18.51870917857143,19.764324357142858,20.993901035714284,14.753107535714284,0.0,0.0
11.203600064285713,26.41885053571428,12.77298787142857,13.964762414285715,2.382370642857143,0.0
28.512021821428572,19.98134069642857,-1.8446282285714288,-12.261336396428572,10.323723107142856,0.0033955541428571426
25.638245571428566,4.807211330714286,-7.288381972142858,-8.671145292857144,7.565075892857142,0.005805636964285714
25.67919503571429,8.61777121632143,-15.092716153571429,-23.34938233571429,12.62177325,0.008597781914285714
13.740321796428573,12.6254330125,11.662134708214284,11.142306660714283,0.0,0.0
14.38283524242424,20.30471148484849,17.970997696969697,11.43416988181818,0.0,0.0
