mfcc1_sma3,mfcc2_sma3,mfcc3_sma3,mfcc4_sma3,F0semitoneFrom27.5Hz_sma3nz,jitterLocal_sma3nz
17.569243625,23.17850446875,19.812728343750003,11.412161049999998,0.0,0.0
12.18077123125,21.5600088125,8.6342224615625,6.99025436460625,9.578248031249998,0.001090547575
12.227185234375,6.136346415625,-8.646313490625,0.15263813706250012,22.274696312499998,0.010488088656250002
3.5146495684375,16.0655252375,14.394676379999998,0.12958885468750014,3.1374140000000006,0.00050821540625
-6.9662656028125,21.1407642165625,7.4386464384375,13.255791348125001,9.35144971875,0.0019099804687500001
18.9931260625,5.98558925375,8.1239780875,-24.92088395625,14.20635853125,0.0163548990625
15.94529425796875,17.006378326562498,15.67283854375,7.03643924375,0.0,0.0
21.033406714285718,26.694353342857145,11.716227425714287,9.050780914285717,0.0,0.0
