mfcc1_sma3,mfcc2_sma3,mfcc3_sma3,mfcc4_sma3,F0semitoneFrom27.5Hz_sma3nz,jitterLocal_sma3nz
19.322319275862068,24.530302199999998,17.97881896551724,9.604422682413793,4.46597248275862,0.005709657827586207
20.70449334137931,20.49213450413793,10.075795931034484,-7.556478989655173,16.052250862068966,0.013261337758620689
28.30143827586207,-2.8353124737931035,-1.8332136172413793,-23.322622627586206,25.043811689655172,0.008863565486206895
24.84017931034483,7.587158967931034,-4.8365422234482764,-14.898025344827586,4.485611310344828,0.0016189937586206895
25.818955482758618,7.668234034482759,-15.084940920689654,-18.352612603448275,7.258011965517242,0.0015872811172413792
17.538581672413795,17.745261123103447,10.291173889655171,14.914038586206896,0.0,0.0
19.442153965517242,27.057269034482758,14.924440775862069,10.848746389655174,0.0,0.0
20.331749413793105,29.979951862068965,17.877570103448274,10.07353206275862,0.0,0.0
