mfcc1_sma3,mfcc2_sma3,mfcc3_sma3,mfcc4_sma3,F0semitoneFrom27.5Hz_sma3nz,jitterLocal_sma3nz
15.971103412000001,17.386374728,14.22409414,9.850668375999998,5.91868596,0.0
6.967468847999999,1.1266599480000001,5.5106279064,-19.835403516,29.3404588,0.016739920800000002
0.9402626424000001,-4.501915359999999,-0.35283422960000005,-9.289312347440001,20.77660848,0.011080693800000001
-2.9342709800000004,11.414728680000001,14.115494012000001,-17.805762228000003,32.37365168,0.01232470424
-0.6500585540000003,16.40061394194,3.2774459062000005,-5.1082806232,4.8106623200000005,0.00042093149199999997
16.477766719999998,13.8734695296,-2.0686306452,-15.135423607999998,21.95268132,0.0022895620920000003
27.03448116,0.9440641508000002,-15.5939968188,-22.41762028,9.39643316,0.0068685831200000005
22.95624925925926,20.209435236925927,7.09472702962963,13.632680981481478,1.992092,0.0
