mfcc1_sma3,mfcc2_sma3,mfcc3_sma3,mfcc4_sma3,F0semitoneFrom27.5Hz_sma3nz,jitterLocal_sma3nz
16.39421517777778,25.572191194444443,18.644258111111114,16.030762861111114,0.0,0.0
13.888437658333334,14.244530113888892,0.9705198011111114,13.241178368888889,0.0,0.0
14.220090825833331,25.62037786111111,14.13059320833333,24.92511297222222,1.1261453333333333,0.0
14.973664050833333,10.767488827777777,-0.4882340180555558,16.233958925,2.2565418888888886,0.0012704587222222223
26.55045219444444,14.388917322222223,5.252959756388889,7.843539044138889,5.459749361111111,0.007928491583333334
26.706609666666665,11.16921912777778,-4.318276484444445,-4.515548161111111,12.415054555555557,0.004247820333333333
23.119189527777777,26.798852833333328,15.101984719694444,13.460271602777778,1.1317052222222221,3.466496666666667e-05
22.66312210810811,28.936337054054057,16.03458144594595,14.414878918918921,3.919797513513514,0.002166489108108108
