mfcc1_sma3,mfcc2_sma3,mfcc3_sma3,mfcc4_sma3,F0semitoneFrom27.5Hz_sma3nz,jitterLocal_sma3nz
17.595242019999997,24.379741264000003,18.351018120000003,18.45598824,0.0,0.0
27.619276239999998,14.132760232,6.647750499600001,7.0848666972,11.10299076,0.019317237024
37.24080996,11.256123306400003,-0.7627834059999998,-9.470322896,29.064905600000003,0.043522065272000005
30.447878960000004,9.216320527999999,7.2456302152,-3.880911436,24.859822919999996,0.008752910256
20.576756551999996,16.941233139999998,13.206377328,11.768360747200001,20.16832732,0.010831893412
21.14911752,25.58314024,31.149934599999998,9.25552804,14.87206052,0.01609675672
20.75841896,22.279361199999997,16.95828406,18.026906812,4.4624044,0.01351849896
22.425175703703704,28.144283814814816,16.342968222222222,11.496941914814816,3.81227287037037,0.0014686696666666667
