mfcc1_sma3,mfcc2_sma3,mfcc3_sma3,mfcc4_sma3,F0semitoneFrom27.5Hz_sma3nz,jitterLocal_sma3nz
22.052661147058824,29.939780647058825,14.192903617647058,12.962936147058823,2.6875754411764707,0.0
14.32660150882353,25.917878088235295,10.518647364705881,15.793819382352941,7.627840676470589,0.002451485176470588
9.775205661764707,13.063203443235295,-2.0932170945588235,10.77138658235294,18.982724911764706,0.002922479388235294
7.094768903529411,24.182774447058822,15.87361723235294,7.270133223529412,7.451607764705882,0.0013244641176470588
-6.139671038235294,24.898851823529412,3.9336931494117646,16.209690117647057,2.835124058823529,0.0
22.59848772647059,12.951382424117647,11.980397188235296,-1.8801297735294118,9.419295205882353,0.002359559647058824
17.031284570588234,19.060571269411763,14.218443308823527,20.478743352941173,1.4993732647058824,0.0
23.207066853658535,29.492567682926836,13.044110182926829,14.355767012195122,0.9692497073170732,0.0
