mfcc1_sma3,mfcc2_sma3,mfcc3_sma3,mfcc4_sma3,F0semitoneFrom27.5Hz_sma3nz,jitterLocal_sma3nz
12.215400586956523,21.35647133173913,15.034416421739131,15.250760891304342,1.806864260869565,0.0
29.19656365217391,2.674652813043478,-6.090425856956523,-16.484689739130435,22.50640952173913,0.006598009
25.8375347826087,11.216904304347825,13.430736791304348,-23.11267207391304,10.970700739130436,0.005354013208695652
30.943344652173916,17.30217166086956,22.77738491304348,4.30424382173913,8.842676434782609,0.01753883913043478
27.842664956521734,8.343422560869564,3.5229531869565216,-25.6559942347826,15.011591173913043,0.008143447147826086
27.38273443478261,10.82722158869565,-10.755274058086957,-0.6415050434782611,3.2928287826086957,0.001163067
28.70439460869565,3.4402088521739134,-5.561370747826087,3.9728346869565216,0.0,0.0
25.385026892857145,27.598245607142854,12.776738839285715,15.23347545357143,1.8585365714285713,0.0
