mfcc1_sma3,mfcc2_sma3,mfcc3_sma3,mfcc4_sma3,F0semitoneFrom27.5Hz_sma3nz,jitterLocal_sma3nz
27.193896861904758,26.111386083333336,10.722476843666666,1.865704404761905,6.996801952380952,0.0031652386309523805
4.119077126190477,14.868099275714284,-0.5270286,-10.724722952142857,7.069520928571428,0.014945974642857143
24.213331845238095,15.777402888095237,-2.085168482142857,-16.462934852380954,6.190811595238094,0.0013417881738095239
22.104032935714283,8.067589455,10.468135126190475,-8.324350476904764,8.801949857142857,0.00902699799047619
30.72586457142857,28.031294761904757,5.385790829904762,-25.86345278571429,17.151472642857144,0.008647568997619048
21.409322128571425,9.400140373809526,13.333320010238097,9.885501357142855,14.38626742857143,0.007118707449999999
-8.893318225238096,18.56709020238095,14.2106985,1.680982407764286,1.320418857142857,0.0017598695238095238
26.470081666666665,28.998098377777776,13.193407011111107,13.678012873333332,0.6214696444444444,0.0005897992666666666
