mfcc1_sma3,mfcc2_sma3,mfcc3_sma3,mfcc4_sma3,F0semitoneFrom27.5Hz_sma3nz,jitterLocal_sma3nz
23.99046510810811,29.48733686486486,16.18956746486487,13.72868129189189,3.311485918918919,0.009843874351351352
14.20946045945946,17.12892998918919,15.260694312702707,16.82078511486486,5.167819675675676,0.0002329337837837838
28.762273675675672,12.010610447891892,-3.7845517256756755,-17.822100535945943,26.98253832432432,0.031366265762162164
20.00029554054054,8.603969874054055,-12.512725927027027,-18.14547250810811,7.151627756756757,0.0034586417297297295
12.57776781891892,3.307612854054054,9.187036178378378,11.561560372972973,0.0,0.0
13.962916567567566,13.587712364864863,7.5379114,13.963131810810813,0.0,0.0
20.780676418918915,24.227393756756754,18.182588432432436,16.821728,2.43042245945946,0.0
19.632448209302325,28.683895232558132,18.397699837209306,12.337177079069766,0.0,0.0
