mfcc1_sma3,mfcc2_sma3,mfcc3_sma3,mfcc4_sma3,F0semitoneFrom27.5Hz_sma3nz,jitterLocal_sma3nz
25.086100903225805,23.70942377419355,7.006894412903227,9.400595290322581,0.0,0.0
23.71906080645161,21.756963354838714,13.348280732258063,16.681951661290324,1.2290099032258064,0.0017771430000000001
23.132581580645162,19.63216587096774,17.27049583870967,22.183113548387094,0.0,0.0
3.646039758064517,21.639880193548386,9.255465352903228,13.442004503225803,3.3862493548387094,0.0
11.169277674193548,21.52674708709677,5.844786980645162,13.056540327612904,11.113954387096776,0.006813455712903226
-3.813493219354838,24.008237677419356,3.7814275241935498,14.863576735483871,6.042153935483871,0.0031408459032258064
19.028414504516128,6.813795501290323,12.110370312903225,21.57769929032258,0.0,0.0
23.939871687500002,24.690288562499997,16.395322999999998,18.720366615625,3.64181971875,0.00013996165625
