mfcc1_sma3,mfcc2_sma3,mfcc3_sma3,mfcc4_sma3,F0semitoneFrom27.5Hz_sma3nz,jitterLocal_sma3nz
22.608527702702702,26.68151824324324,14.031069621621619,14.500967864864863,0.0,0.0
16.427561572972976,17.091864781081078,13.672889759459459,5.615003103891891,14.435793297297298,0.003865637405405405
0.7679857548648646,-7.675468515135137,-0.8858935162162161,-21.33704487027027,33.15599256756757,0.014595346600000001
-4.286283795135134,0.3528772783783783,0.6746983169459462,-3.4886447432432433,24.100233486486484,0.009617870159459462
7.583117182972974,-3.5694387432432433,3.0832424383783783,-7.852943666216215,27.03954556756757,0.004182542681081081
5.569522908648648,-19.36372048648649,-5.988779198486486,-15.325581351621619,31.4500145945946,0.017676163743243246
10.992366112432432,11.040591494594596,17.120299632432435,-5.821915587027026,3.972577621621621,0.0005622778378378379
23.433346729729728,27.543394621621623,14.767855202702702,14.047787094594595,1.1563491351351352,0.0
