mfcc1_sma3,mfcc2_sma3,mfcc3_sma3,mfcc4_sma3,F0semitoneFrom27.5Hz_sma3nz,jitterLocal_sma3nz
23.946179851851852,26.317427444444448,14.408967244444446,13.43786485185185,0.0,0.0
22.814684396296297,13.910612974074077,0.964211644444444,-5.688138813333333,19.05861525925926,0.01681234274074074
23.963366237037032,19.348390162962964,-5.730225985555556,-6.586468714814814,11.801539074074075,0.0036569961481481483
23.51479107407408,-1.7588468740740741,6.000149892222221,-0.04743002074074077,24.145883444444443,0.00930126444074074
16.012141611111108,1.4087232074074068,12.0820074037037,-0.3497684979629629,19.821617703703705,0.17145521325925928
17.116858092592594,-11.46239336037037,8.780676205185184,10.47520174074074,10.948116222222222,0.059965499111111105
26.470542999999996,23.731695037037042,17.19511888888889,6.138518784074074,0.0,0.0
23.533868185185185,26.046190592592595,13.503786055555555,11.77656165925926,0.0,0.0
