mfcc1_sma3,mfcc2_sma3,mfcc3_sma3,mfcc4_sma3,F0semitoneFrom27.5Hz_sma3nz,jitterLocal_sma3nz
23.86669230952381,21.63626138095238,12.846540350000001,14.888296559166665,4.001715738095238,0.0008265040476190476
12.417946676190478,13.900099447619048,11.704821165333334,1.2832137377380957,16.382598238095238,0.005546862585714285
18.893549211904762,13.68787354285714,22.531356809523807,-0.4895804714285716,10.32939476190476,0.009207997214285715
22.307783166666667,0.5290927290476194,4.515799430952381,3.4322417714285716,24.58539330952381,0.03797454321190476
29.328610595238096,1.4140573097619047,-9.353717057142857,-7.875559248571428,4.93701788095238,0.00304127834047619
18.911271188095238,16.962724733333335,5.610016713095239,-6.856964399523809,4.053950166666667,0.0012062442857142858
30.87224376190476,7.5986721386904765,11.880587117857143,-4.538988896904762,16.93747330952381,0.011091930719047618
19.050112240816325,27.237842510204082,14.974813593877553,7.038183639387754,0.0,0.0
