mfcc1_sma3,mfcc2_sma3,mfcc3_sma3,mfcc4_sma3,F0semitoneFrom27.5Hz_sma3nz,jitterLocal_sma3nz
17.28007929448276,23.50118690344828,16.29536874137931,12.146978517241381,0.0,0.0
16.51921642413793,12.723089479310348,16.070520898275863,13.073678093103451,5.603142344827586,0.0
1.0562696310344823,9.33663332724138,7.441187551034483,-3.5444888517241377,15.804525896551727,0.007899160413793105
13.660023151724136,0.6051091896551727,11.091703296551726,3.03286247137931,27.701118103448277,0.009412838117241381
22.374162931034487,-6.792854362068966,-0.8562943179310346,-2.9486356362068973,24.521016344827586,0.010722414431034484
13.782173306896553,-2.4616549055172414,-20.42984139655172,-14.932682081034484,25.21319055172414,0.0034033275137931034
14.222912855172414,-3.517010921724139,1.547267749310345,14.239541267586207,0.0,0.0
25.077534333333332,24.580671555555554,13.329678791666666,13.541298041666668,2.6235048055555557,0.007074940444444445
