mfcc1_sma3_1,mfcc1_sma3_2,mfcc1_sma3_3,mfcc1_sma3_4,mfcc1_sma3_5,mfcc1_sma3_6,mfcc1_sma3_7,mfcc1_sma3_8,mfcc2_sma3_1,mfcc2_sma3_2,mfcc2_sma3_3,mfcc2_sma3_4,mfcc2_sma3_5,mfcc2_sma3_6,mfcc2_sma3_7,mfcc2_sma3_8,mfcc3_sma3_1,mfcc3_sma3_2,mfcc3_sma3_3,mfcc3_sma3_4,mfcc3_sma3_5,mfcc3_sma3_6,mfcc3_sma3_7,mfcc3_sma3_8,mfcc4_sma3_1,mfcc4_sma3_2,mfcc4_sma3_3,mfcc4_sma3_4,mfcc4_sma3_5,mfcc4_sma3_6,mfcc4_sma3_7,mfcc4_sma3_8,F0semitoneFrom27.5Hz_sma3nz_1,F0semitoneFrom27.5Hz_sma3nz_2,F0semitoneFrom27.5Hz_sma3nz_3,F0semitoneFrom27.5Hz_sma3nz_4,F0semitoneFrom27.5Hz_sma3nz_5,F0semitoneFrom27.5Hz_sma3nz_6,F0semitoneFrom27.5Hz_sma3nz_7,F0semitoneFrom27.5Hz_sma3nz_8,jitterLocal_sma3nz_1,jitterLocal_sma3nz_2,jitterLocal_sma3nz_3,jitterLocal_sma3nz_4,jitterLocal_sma3nz_5,jitterLocal_sma3nz_6,jitterLocal_sma3nz_7,jitterLocal_sma3nz_8
17.482830342222226,9.95289948148148,24.328545014814814,28.38680511111111,12.705644729629633,12.908725072962962,23.57642685185185,25.56293155882353,11.635730680370369,6.775304844444444,-9.898935529629629,-1.5986371433333333,6.665406578148147,13.49771642222222,12.770412111111112,18.802056161764703,9.743562166666669,-6.469423,-4.363356103703704,3.220901625555556,12.49921162222222,15.329820837037037,16.12740537037037,14.633883647058823,7.071841148148148,-17.730688011851854,-3.886979975555556,-25.331515600000003,3.086122155555555,11.161520374074076,17.988053055555557,14.617944264705882,7.665257296296297,25.100923703703707,13.841714629629632,24.042581740740737,3.937916407407408,0.0,0.0,0.0,0.0023019636666666,0.0068369886518518,0.0037769904814814,0.0142958087407407,0.0008764407518518,0.0,0.0,0.0
