mfcc1_sma3_1,mfcc1_sma3_2,mfcc1_sma3_3,mfcc1_sma3_4,mfcc1_sma3_5,mfcc1_sma3_6,mfcc1_sma3_7,mfcc1_sma3_8,mfcc2_sma3_1,mfcc2_sma3_2,mfcc2_sma3_3,mfcc2_sma3_4,mfcc2_sma3_5,mfcc2_sma3_6,mfcc2_sma3_7,mfcc2_sma3_8,mfcc3_sma3_1,mfcc3_sma3_2,mfcc3_sma3_3,mfcc3_sma3_4,mfcc3_sma3_5,mfcc3_sma3_6,mfcc3_sma3_7,mfcc3_sma3_8,mfcc4_sma3_1,mfcc4_sma3_2,mfcc4_sma3_3,mfcc4_sma3_4,mfcc4_sma3_5,mfcc4_sma3_6,mfcc4_sma3_7,mfcc4_sma3_8,F0semitoneFrom27.5Hz_sma3nz_1,F0semitoneFrom27.5Hz_sma3nz_2,F0semitoneFrom27.5Hz_sma3nz_3,F0semitoneFrom27.5Hz_sma3nz_4,F0semitoneFrom27.5Hz_sma3nz_5,F0semitoneFrom27.5Hz_sma3nz_6,F0semitoneFrom27.5Hz_sma3nz_7,F0semitoneFrom27.5Hz_sma3nz_8,jitterLocal_sma3nz_1,jitterLocal_sma3nz_2,jitterLocal_sma3nz_3,jitterLocal_sma3nz_4,jitterLocal_sma3nz_5,jitterLocal_sma3nz_6,jitterLocal_sma3nz_7,jitterLocal_sma3nz_8
23.835232473684208,13.995628884210529,28.18125934210526,22.17272551,16.26767385263158,13.844367926315789,20.95054572368421,21.23772853488372,18.181948671052638,3.106070740789475,-8.263008595789472,-1.7392872336842116,0.4930366007894737,7.000410028421053,5.064079260105262,17.39797988372093,12.37634752631579,17.262062328947366,-4.643030522105264,1.5400530421052632,13.609909073684213,25.772828973684213,15.522949508684214,12.597737425581396,11.583580439473684,14.88060847236842,-8.709164488157896,-2.6272095552631582,7.841524176315789,3.963375451578947,14.013709281578944,11.328952495348837,0.0,0.7321904736842105,32.015380210526324,27.824712210526314,33.1572097631579,32.26715502631579,0.0,0.0,0.0,0.0,0.0260181902447368,0.0049037542789473,0.0094599806342105,0.0084260760315789,0.0,0.0
