mfcc1_sma3_1,mfcc1_sma3_2,mfcc1_sma3_3,mfcc1_sma3_4,mfcc1_sma3_5,mfcc1_sma3_6,mfcc1_sma3_7,mfcc1_sma3_8,mfcc2_sma3_1,mfcc2_sma3_2,mfcc2_sma3_3,mfcc2_sma3_4,mfcc2_sma3_5,mfcc2_sma3_6,mfcc2_sma3_7,mfcc2_sma3_8,mfcc3_sma3_1,mfcc3_sma3_2,mfcc3_sma3_3,mfcc3_sma3_4,mfcc3_sma3_5,mfcc3_sma3_6,mfcc3_sma3_7,mfcc3_sma3_8,mfcc4_sma3_1,mfcc4_sma3_2,mfcc4_sma3_3,mfcc4_sma3_4,mfcc4_sma3_5,mfcc4_sma3_6,mfcc4_sma3_7,mfcc4_sma3_8,F0semitoneFrom27.5Hz_sma3nz_1,F0semitoneFrom27.5Hz_sma3nz_2,F0semitoneFrom27.5Hz_sma3nz_3,F0semitoneFrom27.5Hz_sma3nz_4,F0semitoneFrom27.5Hz_sma3nz_5,F0semitoneFrom27.5Hz_sma3nz_6,F0semitoneFrom27.5Hz_sma3nz_7,F0semitoneFrom27.5Hz_sma3nz_8,jitterLocal_sma3nz_1,jitterLocal_sma3nz_2,jitterLocal_sma3nz_3,jitterLocal_sma3nz_4,jitterLocal_sma3nz_5,jitterLocal_sma3nz_6,jitterLocal_sma3nz_7,jitterLocal_sma3nz_8
20.83982009090909,23.86739069318181,31.81986925,27.50534771590909,30.256120227272728,20.805760488636363,20.72830034090909,23.038726854166665,26.186778727272724,16.346484547727275,0.2955830372727273,11.52429691590909,19.15346330431818,27.611663204545447,27.31207822727272,27.934574395833334,19.744802386363634,23.168108221818184,-20.260840886363635,2.8048134181818174,-15.951030924090906,15.038680049999998,16.47611747727273,14.83557389375,10.076883604545456,-8.264984621513635,-28.11001796818182,-16.426345011136366,-35.361832695454545,9.313169260227273,10.288722393181818,7.317167658333335,0.0,28.21587520454545,21.04977225,21.73949127272727,14.399601386363637,0.0,0.0,0.0,0.0,0.0133070860522727,0.0212884617613636,0.018265490925,0.0041636920954545,0.0,0.0,0.0
