mfcc1_sma3_1,mfcc1_sma3_2,mfcc1_sma3_3,mfcc1_sma3_4,mfcc1_sma3_5,mfcc1_sma3_6,mfcc1_sma3_7,mfcc1_sma3_8,mfcc2_sma3_1,mfcc2_sma3_2,mfcc2_sma3_3,mfcc2_sma3_4,mfcc2_sma3_5,mfcc2_sma3_6,mfcc2_sma3_7,mfcc2_sma3_8,mfcc3_sma3_1,mfcc3_sma3_2,mfcc3_sma3_3,mfcc3_sma3_4,mfcc3_sma3_5,mfcc3_sma3_6,mfcc3_sma3_7,mfcc3_sma3_8,mfcc4_sma3_1,mfcc4_sma3_2,mfcc4_sma3_3,mfcc4_sma3_4,mfcc4_sma3_5,mfcc4_sma3_6,mfcc4_sma3_7,mfcc4_sma3_8,F0semitoneFrom27.5Hz_sma3nz_1,F0semitoneFrom27.5Hz_sma3nz_2,F0semitoneFrom27.5Hz_sma3nz_3,F0semitoneFrom27.5Hz_sma3nz_4,F0semitoneFrom27.5Hz_sma3nz_5,F0semitoneFrom27.5Hz_sma3nz_6,F0semitoneFrom27.5Hz_sma3nz_7,F0semitoneFrom27.5Hz_sma3nz_8,jitterLocal_sma3nz_1,jitterLocal_sma3nz_2,jitterLocal_sma3nz_3,jitterLocal_sma3nz_4,jitterLocal_sma3nz_5,jitterLocal_sma3nz_6,jitterLocal_sma3nz_7,jitterLocal_sma3nz_8
21.39248787096774,8.896667321612902,14.111950367741937,17.05637533870968,18.13019319032258,18.629435677419355,21.912005193548385,22.169391257142856,29.86666229032258,3.983544321612904,-5.610932562612904,-13.204536988387096,9.660968016129036,-6.346609521483871,26.152469580645164,28.36748365714286,19.01893264516129,2.666796227741936,-17.422392077419353,-7.540783600000001,-22.781311396774196,-7.74200714516129,18.695058000000003,18.71927408571429,9.544146351612902,-7.268903977419353,-38.37957958064517,-14.7290297483871,-19.203819641935485,-6.984987549677421,12.037977654838707,10.753375251428574,0.0,26.35579574193548,44.051628967741934,27.87667206451613,29.407859290322587,4.558838064516129,0.0,0.0,0.0,0.0106153788193548,0.0145634194709677,0.0079064976451612,0.0218064148806451,0.006103782032258,0.0,0.0
