mfcc1_sma3_1,mfcc1_sma3_2,mfcc1_sma3_3,mfcc1_sma3_4,mfcc1_sma3_5,mfcc1_sma3_6,mfcc1_sma3_7,mfcc1_sma3_8,mfcc2_sma3_1,mfcc2_sma3_2,mfcc2_sma3_3,mfcc2_sma3_4,mfcc2_sma3_5,mfcc2_sma3_6,mfcc2_sma3_7,mfcc2_sma3_8,mfcc3_sma3_1,mfcc3_sma3_2,mfcc3_sma3_3,mfcc3_sma3_4,mfcc3_sma3_5,mfcc3_sma3_6,mfcc3_sma3_7,mfcc3_sma3_8,mfcc4_sma3_1,mfcc4_sma3_2,mfcc4_sma3_3,mfcc4_sma3_4,mfcc4_sma3_5,mfcc4_sma3_6,mfcc4_sma3_7,mfcc4_sma3_8,F0semitoneFrom27.5Hz_sma3nz_1,F0semitoneFrom27.5Hz_sma3nz_2,F0semitoneFrom27.5Hz_sma3nz_3,F0semitoneFrom27.5Hz_sma3nz_4,F0semitoneFrom27.5Hz_sma3nz_5,F0semitoneFrom27.5Hz_sma3nz_6,F0semitoneFrom27.5Hz_sma3nz_7,F0semitoneFrom27.5Hz_sma3nz_8,jitterLocal_sma3nz_1,jitterLocal_sma3nz_2,jitterLocal_sma3nz_3,jitterLocal_sma3nz_4,jitterLocal_sma3nz_5,jitterLocal_sma3nz_6,jitterLocal_sma3nz_7,jitterLocal_sma3nz_8
21.125215307692308,19.3940055,13.211082442564102,16.99361723333333,4.977531605128205,15.988647351282056,31.214937935897435,23.01152372093023,26.17579792307693,7.73610647948718,12.028959307051284,4.578283353846154,11.824823735897436,17.75842975384616,18.72366034717948,22.64816453023256,15.950777507692314,3.989671611025642,17.60609763333333,4.545891963333332,10.993002683076924,0.6128345507692305,-9.249211828205128,10.066320574418604,12.381365756410256,4.497410682051283,-7.799746461025641,-8.036111394871794,-6.018841571794872,-1.1055130605641024,-21.608666261538463,9.745398460790698,0.0,15.301968666666667,23.88797892307692,26.926365897435897,29.122641589743587,14.896929282051282,8.948323076923076,0.0,0.0,0.0064989039205128,0.0050499818538461,0.0061533055897435,0.0089627298076923,0.0056157215333333,0.0030088223205128,0.0
