mfcc1_sma3_1,mfcc1_sma3_2,mfcc1_sma3_3,mfcc1_sma3_4,mfcc1_sma3_5,mfcc1_sma3_6,mfcc1_sma3_7,mfcc1_sma3_8,mfcc2_sma3_1,mfcc2_sma3_2,mfcc2_sma3_3,mfcc2_sma3_4,mfcc2_sma3_5,mfcc2_sma3_6,mfcc2_sma3_7,mfcc2_sma3_8,mfcc3_sma3_1,mfcc3_sma3_2,mfcc3_sma3_3,mfcc3_sma3_4,mfcc3_sma3_5,mfcc3_sma3_6,mfcc3_sma3_7,mfcc3_sma3_8,mfcc4_sma3_1,mfcc4_sma3_2,mfcc4_sma3_3,mfcc4_sma3_4,mfcc4_sma3_5,mfcc4_sma3_6,mfcc4_sma3_7,mfcc4_sma3_8,F0semitoneFrom27.5Hz_sma3nz_1,F0semitoneFrom27.5Hz_sma3nz_2,F0semitoneFrom27.5Hz_sma3nz_3,F0semitoneFrom27.5Hz_sma3nz_4,F0semitoneFrom27.5Hz_sma3nz_5,F0semitoneFrom27.5Hz_sma3nz_6,F0semitoneFrom27.5Hz_sma3nz_7,F0semitoneFrom27.5Hz_sma3nz_8,jitterLocal_sma3nz_1,jitterLocal_sma3nz_2,jitterLocal_sma3nz_3,jitterLocal_sma3nz_4,jitterLocal_sma3nz_5,jitterLocal_sma3nz_6,jitterLocal_sma3nz_7,jitterLocal_sma3nz_8
22.065066435897435,28.130879333333333,29.64191448717949,25.3173087948718,24.00109228205128,21.312978128205124,21.87636541025641,23.602678897435897,29.243272564102565,22.244269133333333,23.434424115384616,23.600237401794875,21.452436666666667,28.41407805128205,29.07070494871796,32.202895256410265,15.063501382051282,6.879550064102564,8.757775873538463,5.63378588871795,10.652883224102563,15.080042333333337,15.324004564102564,20.2312588974359,9.9309601,-10.440509794871794,-6.591537405384615,2.41391806923077,8.647196720512822,8.375770304615383,8.776721687179489,11.743542525641027,0.0,5.204242153846154,0.0,0.0,0.0,0.0,0.0,4.409643564102565,0.0,0.0026378593589743,0.0,0.0,0.0,0.0,0.0,0.0147414401282051
