mfcc1_sma3_1,mfcc1_sma3_2,mfcc1_sma3_3,mfcc1_sma3_4,mfcc1_sma3_5,mfcc1_sma3_6,mfcc1_sma3_7,mfcc1_sma3_8,mfcc2_sma3_1,mfcc2_sma3_2,mfcc2_sma3_3,mfcc2_sma3_4,mfcc2_sma3_5,mfcc2_sma3_6,mfcc2_sma3_7,mfcc2_sma3_8,mfcc3_sma3_1,mfcc3_sma3_2,mfcc3_sma3_3,mfcc3_sma3_4,mfcc3_sma3_5,mfcc3_sma3_6,mfcc3_sma3_7,mfcc3_sma3_8,mfcc4_sma3_1,mfcc4_sma3_2,mfcc4_sma3_3,mfcc4_sma3_4,mfcc4_sma3_5,mfcc4_sma3_6,mfcc4_sma3_7,mfcc4_sma3_8,F0semitoneFrom27.5Hz_sma3nz_1,F0semitoneFrom27.5Hz_sma3nz_2,F0semitoneFrom27.5Hz_sma3nz_3,F0semitoneFrom27.5Hz_sma3nz_4,F0semitoneFrom27.5Hz_sma3nz_5,F0semitoneFrom27.5Hz_sma3nz_6,F0semitoneFrom27.5Hz_sma3nz_7,F0semitoneFrom27.5Hz_sma3nz_8,jitterLocal_sma3nz_1,jitterLocal_sma3nz_2,jitterLocal_sma3nz_3,jitterLocal_sma3nz_4,jitterLocal_sma3nz_5,jitterLocal_sma3nz_6,jitterLocal_sma3nz_7,jitterLocal_sma3nz_8
24.16895170370371,11.440461464444445,14.752152988888888,7.992301331851853,9.438551628555556,14.095222137037036,20.99470444444444,23.07313490909091,21.725300111111117,5.827849871851852,-21.34507321481481,9.881902796296297,-7.382244148148148,-1.815743635555556,25.977692370370374,22.94567721212121,12.27803353333333,2.301133962962963,-19.25360976074074,-5.95266335925926,-4.437574107407407,11.022809974074072,17.784733962962964,13.911287693939393,10.225238407407408,-5.017533593703704,-10.182324912222224,-5.008379807777778,-23.18226512851852,-4.130441598148148,8.623521722222222,9.254537039393938,2.6558211851851854,27.342050296296293,36.79732796296297,26.408760962962965,31.920665592592588,0.0,0.0,0.0,0.0,0.0123445977962962,0.0094805789925925,0.0157674537555555,0.0066083454888888,0.0,0.0,0.0
