mfcc1_sma3_1,mfcc1_sma3_2,mfcc1_sma3_3,mfcc1_sma3_4,mfcc1_sma3_5,mfcc1_sma3_6,mfcc1_sma3_7,mfcc1_sma3_8,mfcc2_sma3_1,mfcc2_sma3_2,mfcc2_sma3_3,mfcc2_sma3_4,mfcc2_sma3_5,mfcc2_sma3_6,mfcc2_sma3_7,mfcc2_sma3_8,mfcc3_sma3_1,mfcc3_sma3_2,mfcc3_sma3_3,mfcc3_sma3_4,mfcc3_sma3_5,mfcc3_sma3_6,mfcc3_sma3_7,mfcc3_sma3_8,mfcc4_sma3_1,mfcc4_sma3_2,mfcc4_sma3_3,mfcc4_sma3_4,mfcc4_sma3_5,mfcc4_sma3_6,mfcc4_sma3_7,mfcc4_sma3_8,F0semitoneFrom27.5Hz_sma3nz_1,F0semitoneFrom27.5Hz_sma3nz_2,F0semitoneFrom27.5Hz_sma3nz_3,F0semitoneFrom27.5Hz_sma3nz_4,F0semitoneFrom27.5Hz_sma3nz_5,F0semitoneFrom27.5Hz_sma3nz_6,F0semitoneFrom27.5Hz_sma3nz_7,F0semitoneFrom27.5Hz_sma3nz_8,jitterLocal_sma3nz_1,jitterLocal_sma3nz_2,jitterLocal_sma3nz_3,jitterLocal_sma3nz_4,jitterLocal_sma3nz_5,jitterLocal_sma3nz_6,jitterLocal_sma3nz_7,jitterLocal_sma3nz_8
22.07608380952381,27.48103216666667,27.95831776190476,28.682396285714287,32.23166966666666,31.833646119047614,26.133000214285712,21.447378066666666,28.779236166666664,17.67053256071429,6.87263095,9.64422218095238,14.872452167214284,6.748480804761904,16.912473597619048,27.914535622222225,14.89106344047619,2.0089696333333333,5.217408880238095,13.934995206190475,-4.260198311190477,-13.774134776428571,6.1540660166666665,16.057629833333333,8.051230375809524,-12.055202066666666,-26.95055729761905,-7.796848753095237,-42.40300995238096,-17.91577901642857,9.016619914285714,8.633929897777778,0.0,12.801047309523808,29.104418380952374,18.292744142857146,20.187675166666665,6.276642214285715,4.696366714285714,0.0,0.0,0.004015587695238,0.0407352195761904,0.013999673397619,0.0136153441309523,0.0025036226333333,0.0192262697380952,0.0
