mfcc1_sma3_1,mfcc1_sma3_2,mfcc1_sma3_3,mfcc1_sma3_4,mfcc1_sma3_5,mfcc1_sma3_6,mfcc1_sma3_7,mfcc1_sma3_8,mfcc2_sma3_1,mfcc2_sma3_2,mfcc2_sma3_3,mfcc2_sma3_4,mfcc2_sma3_5,mfcc2_sma3_6,mfcc2_sma3_7,mfcc2_sma3_8,mfcc3_sma3_1,mfcc3_sma3_2,mfcc3_sma3_3,mfcc3_sma3_4,mfcc3_sma3_5,mfcc3_sma3_6,mfcc3_sma3_7,mfcc3_sma3_8,mfcc4_sma3_1,mfcc4_sma3_2,mfcc4_sma3_3,mfcc4_sma3_4,mfcc4_sma3_5,mfcc4_sma3_6,mfcc4_sma3_7,mfcc4_sma3_8,F0semitoneFrom27.5Hz_sma3nz_1,F0semitoneFrom27.5Hz_sma3nz_2,F0semitoneFrom27.5Hz_sma3nz_3,F0semitoneFrom27.5Hz_sma3nz_4,F0semitoneFrom27.5Hz_sma3nz_5,F0semitoneFrom27.5Hz_sma3nz_6,F0semitoneFrom27.5Hz_sma3nz_7,F0semitoneFrom27.5Hz_sma3nz_8,jitterLocal_sma3nz_1,jitterLocal_sma3nz_2,jitterLocal_sma3nz_3,jitterLocal_sma3nz_4,jitterLocal_sma3nz_5,jitterLocal_sma3nz_6,jitterLocal_sma3nz_7,jitterLocal_sma3nz_8
21.443703625,17.155593540625002,17.49943040625,22.917846875,27.77665271875,26.52982325,28.35622096875,21.614793114285717,28.72451871875,12.32711771875,4.369589478125,-2.599885646875,5.257949803125,-1.385736153125,0.410182615625,11.9354577,14.77340446875,19.7515768125,1.7044584690625002,-2.6295658787500003,20.8017501875,-8.892008376875,-12.4558815625,12.845995777142855,7.564352369374999,13.578144678125,-5.328246140625001,-22.743681843750004,-9.749885255,-28.435652903125,-20.337332141875,13.013167408571428,0.0,2.28231,19.84411915625,27.1213708125,27.39302521875,33.6278230625,5.04310703125,0.0,0.0,0.003022736375,0.044216483546875,0.007574341515625,0.02309708271875,0.0156297531875,0.00075124203125,0.0
