mfcc1_sma3_1,mfcc1_sma3_2,mfcc1_sma3_3,mfcc1_sma3_4,mfcc1_sma3_5,mfcc1_sma3_6,mfcc1_sma3_7,mfcc1_sma3_8,mfcc2_sma3_1,mfcc2_sma3_2,mfcc2_sma3_3,mfcc2_sma3_4,mfcc2_sma3_5,mfcc2_sma3_6,mfcc2_sma3_7,mfcc2_sma3_8,mfcc3_sma3_1,mfcc3_sma3_2,mfcc3_sma3_3,mfcc3_sma3_4,mfcc3_sma3_5,mfcc3_sma3_6,mfcc3_sma3_7,mfcc3_sma3_8,mfcc4_sma3_1,mfcc4_sma3_2,mfcc4_sma3_3,mfcc4_sma3_4,mfcc4_sma3_5,mfcc4_sma3_6,mfcc4_sma3_7,mfcc4_sma3_8,F0semitoneFrom27.5Hz_sma3nz_1,F0semitoneFrom27.5Hz_sma3nz_2,F0semitoneFrom27.5Hz_sma3nz_3,F0semitoneFrom27.5Hz_sma3nz_4,F0semitoneFrom27.5Hz_sma3nz_5,F0semitoneFrom27.5Hz_sma3nz_6,F0semitoneFrom27.5Hz_sma3nz_7,F0semitoneFrom27.5Hz_sma3nz_8,jitterLocal_sma3nz_1,jitterLocal_sma3nz_2,jitterLocal_sma3nz_3,jitterLocal_sma3nz_4,jitterLocal_sma3nz_5,jitterLocal_sma3nz_6,jitterLocal_sma3nz_7,jitterLocal_sma3nz_8
20.005000709677415,6.173217423870968,16.00567112580645,14.016709770967744,22.690057129032255,9.282635635483867,25.12233425806452,19.2734046,32.80492719354839,8.140051373225807,-15.637152201290323,4.650095712903227,6.198929061290323,17.61413796774194,21.591768622580645,30.155461028571438,24.868756096774195,29.46933593548388,-13.30073691935484,10.006906232258066,-14.202328219354838,4.523324567741935,-0.4048104080645164,20.92795028571429,15.49693035483871,-24.143406861290327,-17.53143352903226,-19.498455932258064,-58.66655512903226,-9.966717776129032,-53.93519400645162,15.52108712,0.0,28.904743290322585,29.22650174193549,15.744616193548389,40.555679,19.10793638709677,9.727965225806452,0.0,0.0,0.006368173616129,0.0137835124129032,0.003269862416129,0.0101952842645161,0.0060935384354838,0.0074452931419354,0.0
