mfcc1_sma3_1,mfcc1_sma3_2,mfcc1_sma3_3,mfcc1_sma3_4,mfcc1_sma3_5,mfcc1_sma3_6,mfcc1_sma3_7,mfcc1_sma3_8,mfcc2_sma3_1,mfcc2_sma3_2,mfcc2_sma3_3,mfcc2_sma3_4,mfcc2_sma3_5,mfcc2_sma3_6,mfcc2_sma3_7,mfcc2_sma3_8,mfcc3_sma3_1,mfcc3_sma3_2,mfcc3_sma3_3,mfcc3_sma3_4,mfcc3_sma3_5,mfcc3_sma3_6,mfcc3_sma3_7,mfcc3_sma3_8,mfcc4_sma3_1,mfcc4_sma3_2,mfcc4_sma3_3,mfcc4_sma3_4,mfcc4_sma3_5,mfcc4_sma3_6,mfcc4_sma3_7,mfcc4_sma3_8,F0semitoneFrom27.5Hz_sma3nz_1,F0semitoneFrom27.5Hz_sma3nz_2,F0semitoneFrom27.5Hz_sma3nz_3,F0semitoneFrom27.5Hz_sma3nz_4,F0semitoneFrom27.5Hz_sma3nz_5,F0semitoneFrom27.5Hz_sma3nz_6,F0semitoneFrom27.5Hz_sma3nz_7,F0semitoneFrom27.5Hz_sma3nz_8,jitterLocal_sma3nz_1,jitterLocal_sma3nz_2,jitterLocal_sma3nz_3,jitterLocal_sma3nz_4,jitterLocal_sma3nz_5,jitterLocal_sma3nz_6,jitterLocal_sma3nz_7,jitterLocal_sma3nz_8
20.37994085294118,15.225082750000002,14.160167216470589,7.3385310395882355,4.761759117647059,16.798944954411763,20.73236208823529,21.01486258536585,27.46477991176471,22.28253173529412,6.2316952538235295,17.24036975205882,8.45325352647059,4.134357465941177,28.62525073529412,29.22892231707317,18.622144294117646,19.21563418235294,1.8263101176470589,13.743765797058824,6.252869734117647,17.810375926470588,19.181140294117647,16.270905341463415,11.262714314705883,8.220218181029411,-1.2538170317647062,0.2780014751470588,-3.5885559485294123,-7.040993730294116,11.664137405882355,10.22799264390244,0.0,3.3011708823529413,25.44332,0.0,11.3788095,0.0,0.0,0.0,0.0,0.0,0.0099748782911764,0.0,0.0137483662058823,0.0,0.0,0.0
