mfcc1_sma3_1,mfcc1_sma3_2,mfcc1_sma3_3,mfcc1_sma3_4,mfcc1_sma3_5,mfcc1_sma3_6,mfcc1_sma3_7,mfcc1_sma3_8,mfcc2_sma3_1,mfcc2_sma3_2,mfcc2_sma3_3,mfcc2_sma3_4,mfcc2_sma3_5,mfcc2_sma3_6,mfcc2_sma3_7,mfcc2_sma3_8,mfcc3_sma3_1,mfcc3_sma3_2,mfcc3_sma3_3,mfcc3_sma3_4,mfcc3_sma3_5,mfcc3_sma3_6,mfcc3_sma3_7,mfcc3_sma3_8,mfcc4_sma3_1,mfcc4_sma3_2,mfcc4_sma3_3,mfcc4_sma3_4,mfcc4_sma3_5,mfcc4_sma3_6,mfcc4_sma3_7,mfcc4_sma3_8,F0semitoneFrom27.5Hz_sma3nz_1,F0semitoneFrom27.5Hz_sma3nz_2,F0semitoneFrom27.5Hz_sma3nz_3,F0semitoneFrom27.5Hz_sma3nz_4,F0semitoneFrom27.5Hz_sma3nz_5,F0semitoneFrom27.5Hz_sma3nz_6,F0semitoneFrom27.5Hz_sma3nz_7,F0semitoneFrom27.5Hz_sma3nz_8,jitterLocal_sma3nz_1,jitterLocal_sma3nz_2,jitterLocal_sma3nz_3,jitterLocal_sma3nz_4,jitterLocal_sma3nz_5,jitterLocal_sma3nz_6,jitterLocal_sma3nz_7,jitterLocal_sma3nz_8
22.155847931818183,22.521244863636365,21.12293704545455,21.629832443181822,27.618044590909093,24.04616618181818,22.255397113636363,21.263424088888893,30.573883909090902,19.99848284613636,6.8580635896818185,8.228265661363634,4.827964443636365,12.121880111363636,28.37358518181818,27.836210688888883,19.150958625,12.522019693181816,7.172436786363636,3.970112964772727,7.794552398045453,11.54098403409091,18.02359284090909,18.252640711111116,13.081805490909092,7.251113950000001,7.2190469729772735,6.018221743181818,0.6708806590909088,6.134493922272728,11.886650625,12.28298455111111,0.0,9.366442204545454,6.7631719318181815,16.921024977272726,21.801629613636365,3.237587954545455,0.0,0.0,0.0,0.0019508426704545,0.0041897204772727,0.004584696175,0.0100286504681818,0.0006435714795454,0.0,0.0
