mfcc1_sma3_1,mfcc1_sma3_2,mfcc1_sma3_3,mfcc1_sma3_4,mfcc1_sma3_5,mfcc1_sma3_6,mfcc1_sma3_7,mfcc1_sma3_8,mfcc2_sma3_1,mfcc2_sma3_2,mfcc2_sma3_3,mfcc2_sma3_4,mfcc2_sma3_5,mfcc2_sma3_6,mfcc2_sma3_7,mfcc2_sma3_8,mfcc3_sma3_1,mfcc3_sma3_2,mfcc3_sma3_3,mfcc3_sma3_4,mfcc3_sma3_5,mfcc3_sma3_6,mfcc3_sma3_7,mfcc3_sma3_8,mfcc4_sma3_1,mfcc4_sma3_2,mfcc4_sma3_3,mfcc4_sma3_4,mfcc4_sma3_5,mfcc4_sma3_6,mfcc4_sma3_7,mfcc4_sma3_8,F0semitoneFrom27.5Hz_sma3nz_1,F0semitoneFrom27.5Hz_sma3nz_2,F0semitoneFrom27.5Hz_sma3nz_3,F0semitoneFrom27.5Hz_sma3nz_4,F0semitoneFrom27.5Hz_sma3nz_5,F0semitoneFrom27.5Hz_sma3nz_6,F0semitoneFrom27.5Hz_sma3nz_7,F0semitoneFrom27.5Hz_sma3nz_8,jitterLocal_sma3nz_1,jitterLocal_sma3nz_2,jitterLocal_sma3nz_3,jitterLocal_sma3nz_4,jitterLocal_sma3nz_5,jitterLocal_sma3nz_6,jitterLocal_sma3nz_7,jitterLocal_sma3nz_8
21.559524787878782,14.25875751212121,13.358282086363635,12.62149317681818,22.52042953636364,2.0340551775757576,10.938863496969695,20.48848518421053,30.900049121212124,-1.9305405706060603,8.684595243636364,-11.425683750060609,-3.3894904696969697,-8.301239296969698,12.728877896969696,26.542632315789472,18.344687727272728,-8.13074833030303,12.05107553939394,0.2897336166666666,4.59075775878788,0.7978294954545455,15.496637518181815,14.219304863157893,10.763951442424244,-32.47346516363636,3.156440712121212,-19.682710340606064,-22.202526787878785,-11.900747786060608,-13.09422291818182,7.484863868421052,1.3262706969696971,33.54642727272727,12.465032454545453,29.34625206060606,9.921135727272729,14.168050393939394,0.0,0.0,0.0,0.0132854266454545,0.0030018641969696,0.013494483890909,0.0058002911818181,0.0043740377,0.0,0.0
