mfcc1_sma3_1,mfcc1_sma3_2,mfcc1_sma3_3,mfcc1_sma3_4,mfcc1_sma3_5,mfcc1_sma3_6,mfcc1_sma3_7,mfcc1_sma3_8,mfcc2_sma3_1,mfcc2_sma3_2,mfcc2_sma3_3,mfcc2_sma3_4,mfcc2_sma3_5,mfcc2_sma3_6,mfcc2_sma3_7,mfcc2_sma3_8,mfcc3_sma3_1,mfcc3_sma3_2,mfcc3_sma3_3,mfcc3_sma3_4,mfcc3_sma3_5,mfcc3_sma3_6,mfcc3_sma3_7,mfcc3_sma3_8,mfcc4_sma3_1,mfcc4_sma3_2,mfcc4_sma3_3,mfcc4_sma3_4,mfcc4_sma3_5,mfcc4_sma3_6,mfcc4_sma3_7,mfcc4_sma3_8,F0semitoneFrom27.5Hz_sma3nz_1,F0semitoneFrom27.5Hz_sma3nz_2,F0semitoneFrom27.5Hz_sma3nz_3,F0semitoneFrom27.5Hz_sma3nz_4,F0semitoneFrom27.5Hz_sma3nz_5,F0semitoneFrom27.5Hz_sma3nz_6,F0semitoneFrom27.5Hz_sma3nz_7,F0semitoneFrom27.5Hz_sma3nz_8,jitterLocal_sma3nz_1,jitterLocal_sma3nz_2,jitterLocal_sma3nz_3,jitterLocal_sma3nz_4,jitterLocal_sma3nz_5,jitterLocal_sma3nz_6,jitterLocal_sma3nz_7,jitterLocal_sma3nz_8
21.70791437142857,22.6596636,16.55650598457143,15.786551638,24.502559,28.457922142857143,26.56831357142857,21.658541439024397,29.12981822857143,15.797046934285715,0.2996558571428572,11.202878971428571,2.3263811168571427,-7.065549264571429,14.620218507428572,28.689249414634144,17.382100085714285,13.761719755142858,7.174984180571428,9.188799202314286,13.850449878,-1.246344830857143,5.9197363502857145,18.36009436585366,10.087790014285712,4.267138614285713,1.7837873982857144,16.591434426857138,-0.7548652742857141,-6.960774560571428,9.197868352857142,11.986839326829267,0.0,6.204957142857142,16.443159685714285,13.418144628571428,12.364362800000002,13.794753714285712,0.0,0.0,0.0,0.0045108596285714,0.0097203708428571,0.0105285145428571,0.0064873943828571,0.0214209499714285,0.0,0.0
