mfcc1_sma3_1,mfcc1_sma3_2,mfcc1_sma3_3,mfcc1_sma3_4,mfcc1_sma3_5,mfcc1_sma3_6,mfcc1_sma3_7,mfcc1_sma3_8,mfcc2_sma3_1,mfcc2_sma3_2,mfcc2_sma3_3,mfcc2_sma3_4,mfcc2_sma3_5,mfcc2_sma3_6,mfcc2_sma3_7,mfcc2_sma3_8,mfcc3_sma3_1,mfcc3_sma3_2,mfcc3_sma3_3,mfcc3_sma3_4,mfcc3_sma3_5,mfcc3_sma3_6,mfcc3_sma3_7,mfcc3_sma3_8,mfcc4_sma3_1,mfcc4_sma3_2,mfcc4_sma3_3,mfcc4_sma3_4,mfcc4_sma3_5,mfcc4_sma3_6,mfcc4_sma3_7,mfcc4_sma3_8,F0semitoneFrom27.5Hz_sma3nz_1,F0semitoneFrom27.5Hz_sma3nz_2,F0semitoneFrom27.5Hz_sma3nz_3,F0semitoneFrom27.5Hz_sma3nz_4,F0semitoneFrom27.5Hz_sma3nz_5,F0semitoneFrom27.5Hz_sma3nz_6,F0semitoneFrom27.5Hz_sma3nz_7,F0semitoneFrom27.5Hz_sma3nz_8,jitterLocal_sma3nz_1,jitterLocal_sma3nz_2,jitterLocal_sma3nz_3,jitterLocal_sma3nz_4,jitterLocal_sma3nz_5,jitterLocal_sma3nz_6,jitterLocal_sma3nz_7,jitterLocal_sma3nz_8
22.311021147058824,21.539158441176472,8.833183185588235,22.18984379411765,28.40314061764706,30.123132147058826,28.078223705882355,22.91382907894737,29.5310395,-4.344943926470588,16.095409588235295,-15.942954257352945,-10.373186,3.276426982352941,19.045137264705883,30.59891323684211,16.98096311764706,-1.207291077352941,17.921389858823527,-0.1242359264705884,-5.3226569823529415,3.0381324970588235,10.337260594117648,18.902983236842104,10.70536145,-1.5513303449999998,9.959792481470586,-0.2929229012058822,-4.2318750176470585,2.7304379601176474,6.972028929411763,11.350173960526316,0.0,16.432364029411765,16.15031867647059,31.446152117647063,32.39803573529411,8.495714470588235,0.0,0.0,0.0,0.0036722292823529,0.0064819429705882,0.0155620727323529,0.042040456667647,0.0032110002205882,0.0,0.0
