mfcc1_sma3_1,mfcc1_sma3_2,mfcc1_sma3_3,mfcc1_sma3_4,mfcc1_sma3_5,mfcc1_sma3_6,mfcc1_sma3_7,mfcc1_sma3_8,mfcc2_sma3_1,mfcc2_sma3_2,mfcc2_sma3_3,mfcc2_sma3_4,mfcc2_sma3_5,mfcc2_sma3_6,mfcc2_sma3_7,mfcc2_sma3_8,mfcc3_sma3_1,mfcc3_sma3_2,mfcc3_sma3_3,mfcc3_sma3_4,mfcc3_sma3_5,mfcc3_sma3_6,mfcc3_sma3_7,mfcc3_sma3_8,mfcc4_sma3_1,mfcc4_sma3_2,mfcc4_sma3_3,mfcc4_sma3_4,mfcc4_sma3_5,mfcc4_sma3_6,mfcc4_sma3_7,mfcc4_sma3_8,F0semitoneFrom27.5Hz_sma3nz_1,F0semitoneFrom27.5Hz_sma3nz_2,F0semitoneFrom27.5Hz_sma3nz_3,F0semitoneFrom27.5Hz_sma3nz_4,F0semitoneFrom27.5Hz_sma3nz_5,F0semitoneFrom27.5Hz_sma3nz_6,F0semitoneFrom27.5Hz_sma3nz_7,F0semitoneFrom27.5Hz_sma3nz_8,jitterLocal_sma3nz_1,jitterLocal_sma3nz_2,jitterLocal_sma3nz_3,jitterLocal_sma3nz_4,jitterLocal_sma3nz_5,jitterLocal_sma3nz_6,jitterLocal_sma3nz_7,jitterLocal_sma3nz_8
21.42164668181818,21.51329140909091,19.399341670454547,11.179809830909091,17.977203929545453,18.755826675,20.836853636363635,21.99457131372549,22.56447264772727,26.16679077272727,-2.370241952954545,1.1632801545454543,-4.780834822727273,-8.223586445681818,22.73603132954545,26.674707686274505,14.986851204545452,14.107216647727274,5.867290350681818,3.147967011363636,6.595926550681819,11.087678943181816,13.011734202272727,13.71762223529412,13.596185715909089,8.652931865,-8.411175395681818,4.3697139,-6.162966339545454,-9.173538095636363,7.474501304318181,8.410941439215685,0.0,0.8477880227272727,31.618984522727278,27.522075431818177,21.153733318181818,26.396961272727275,3.5576905,0.0,0.0,0.0,0.0280770926386363,0.0230406925886363,0.0057381200863636,0.0307668348363636,0.0053844857727272,0.0
