mfcc1_sma3_1,mfcc1_sma3_2,mfcc1_sma3_3,mfcc1_sma3_4,mfcc1_sma3_5,mfcc1_sma3_6,mfcc1_sma3_7,mfcc1_sma3_8,mfcc2_sma3_1,mfcc2_sma3_2,mfcc2_sma3_3,mfcc2_sma3_4,mfcc2_sma3_5,mfcc2_sma3_6,mfcc2_sma3_7,mfcc2_sma3_8,mfcc3_sma3_1,mfcc3_sma3_2,mfcc3_sma3_3,mfcc3_sma3_4,mfcc3_sma3_5,mfcc3_sma3_6,mfcc3_sma3_7,mfcc3_sma3_8,mfcc4_sma3_1,mfcc4_sma3_2,mfcc4_sma3_3,mfcc4_sma3_4,mfcc4_sma3_5,mfcc4_sma3_6,mfcc4_sma3_7,mfcc4_sma3_8,F0semitoneFrom27.5Hz_sma3nz_1,F0semitoneFrom27.5Hz_sma3nz_2,F0semitoneFrom27.5Hz_sma3nz_3,F0semitoneFrom27.5Hz_sma3nz_4,F0semitoneFrom27.5Hz_sma3nz_5,F0semitoneFrom27.5Hz_sma3nz_6,F0semitoneFrom27.5Hz_sma3nz_7,F0semitoneFrom27.5Hz_sma3nz_8,jitterLocal_sma3nz_1,jitterLocal_sma3nz_2,jitterLocal_sma3nz_3,jitterLocal_sma3nz_4,jitterLocal_sma3nz_5,jitterLocal_sma3nz_6,jitterLocal_sma3nz_7,jitterLocal_sma3nz_8
22.046083130434784,20.70382926086957,22.170782521739127,8.665453875652172,17.228824056521738,27.30826778260869,29.988473,25.97749228,28.4247397826087,11.536568563913043,-0.7229795343478262,14.354866836956525,18.570767039130438,17.37003764347826,3.696232614782608,20.9489442,18.023542086956525,14.88006757826087,20.41801202173913,18.681532060869564,11.683072869565216,7.047966662608696,-0.5969420586956522,14.389245679999997,12.909724173913046,5.982132013043477,-5.835219178260869,-0.6796245869565216,0.5084237195652174,-12.893660984347823,-3.919092513043479,3.51750304,0.0,15.574316130434784,43.11391260869565,32.756514260869565,18.308981739130434,7.513419695652174,0.0,0.0,0.0,0.0084905563913043,0.0369180717695652,0.0193236658043478,0.0161403164347826,0.001187174347826,0.0,0.0
