mfcc1_sma3_1,mfcc1_sma3_2,mfcc1_sma3_3,mfcc1_sma3_4,mfcc1_sma3_5,mfcc1_sma3_6,mfcc1_sma3_7,mfcc1_sma3_8,mfcc2_sma3_1,mfcc2_sma3_2,mfcc2_sma3_3,mfcc2_sma3_4,mfcc2_sma3_5,mfcc2_sma3_6,mfcc2_sma3_7,mfcc2_sma3_8,mfcc3_sma3_1,mfcc3_sma3_2,mfcc3_sma3_3,mfcc3_sma3_4,mfcc3_sma3_5,mfcc3_sma3_6,mfcc3_sma3_7,mfcc3_sma3_8,mfcc4_sma3_1,mfcc4_sma3_2,mfcc4_sma3_3,mfcc4_sma3_4,mfcc4_sma3_5,mfcc4_sma3_6,mfcc4_sma3_7,mfcc4_sma3_8,F0semitoneFrom27.5Hz_sma3nz_1,F0semitoneFrom27.5Hz_sma3nz_2,F0semitoneFrom27.5Hz_sma3nz_3,F0semitoneFrom27.5Hz_sma3nz_4,F0semitoneFrom27.5Hz_sma3nz_5,F0semitoneFrom27.5Hz_sma3nz_6,F0semitoneFrom27.5Hz_sma3nz_7,F0semitoneFrom27.5Hz_sma3nz_8,jitterLocal_sma3nz_1,jitterLocal_sma3nz_2,jitterLocal_sma3nz_3,jitterLocal_sma3nz_4,jitterLocal_sma3nz_5,jitterLocal_sma3nz_6,jitterLocal_sma3nz_7,jitterLocal_sma3nz_8
21.702185484848485,17.37494892424242,26.74974337575758,31.472356606060607,25.672136969696968,25.55514496969697,15.633281590909087,22.081379578947367,29.503538636363636,18.944948030303028,20.12097657575757,1.764233583121212,6.071624013636364,2.423385151515152,6.311590027272728,28.27345978947369,15.12419393939394,22.19946281818181,7.818741142121212,-7.860632282424244,-2.55454823030303,-19.31945823333333,13.684813084848484,16.30650267105263,9.707153630303033,12.50142613939394,-12.278227775757577,-15.018442966666663,-16.44199607939394,-12.15802239012121,11.420058735151516,9.484224307894737,0.0,0.0,20.21581354545454,31.63154787878788,24.09017281818182,0.0,0.0,0.0,0.0,0.0,0.0149272233030303,0.0090045616636363,0.0057746736272727,0.0,0.0,0.0
