mfcc1_sma3_1,mfcc1_sma3_2,mfcc1_sma3_3,mfcc1_sma3_4,mfcc1_sma3_5,mfcc1_sma3_6,mfcc1_sma3_7,mfcc1_sma3_8,mfcc2_sma3_1,mfcc2_sma3_2,mfcc2_sma3_3,mfcc2_sma3_4,mfcc2_sma3_5,mfcc2_sma3_6,mfcc2_sma3_7,mfcc2_sma3_8,mfcc3_sma3_1,mfcc3_sma3_2,mfcc3_sma3_3,mfcc3_sma3_4,mfcc3_sma3_5,mfcc3_sma3_6,mfcc3_sma3_7,mfcc3_sma3_8,mfcc4_sma3_1,mfcc4_sma3_2,mfcc4_sma3_3,mfcc4_sma3_4,mfcc4_sma3_5,mfcc4_sma3_6,mfcc4_sma3_7,mfcc4_sma3_8,F0semitoneFrom27.5Hz_sma3nz_1,F0semitoneFrom27.5Hz_sma3nz_2,F0semitoneFrom27.5Hz_sma3nz_3,F0semitoneFrom27.5Hz_sma3nz_4,F0semitoneFrom27.5Hz_sma3nz_5,F0semitoneFrom27.5Hz_sma3nz_6,F0semitoneFrom27.5Hz_sma3nz_7,F0semitoneFrom27.5Hz_sma3nz_8,jitterLocal_sma3nz_1,jitterLocal_sma3nz_2,jitterLocal_sma3nz_3,jitterLocal_sma3nz_4,jitterLocal_sma3nz_5,jitterLocal_sma3nz_6,jitterLocal_sma3nz_7,jitterLocal_sma3nz_8
20.172353627906976,21.4015925,28.50058323255814,24.83237968139535,34.793258483720926,10.779106621511628,27.252763860465123,20.043229822222223,25.605556000000004,15.046552488558136,14.077496246511627,25.88863300000001,22.927387081395352,16.968111516279066,25.692206627906973,26.66037186666667,18.790831232558137,25.88213804418605,10.723278493023257,15.631664397674417,-3.949849342093023,7.968713969767442,8.640498698023254,17.552145522222222,10.270116960465115,-16.740977932790695,-9.558629058837209,-6.070840447441861,-19.08351308848837,-0.2972039709767448,-6.517692493023256,10.140946993333335,0.0,18.375715302325577,20.348808139534885,5.865817372093023,26.28154839534884,8.530676418604653,0.0,0.0,0.0,0.0150642067558139,0.0136195709604651,0.002709819,0.0158940454023255,0.0034077695906976,0.0,0.0
