mfcc1_sma3_1,mfcc1_sma3_2,mfcc1_sma3_3,mfcc1_sma3_4,mfcc1_sma3_5,mfcc1_sma3_6,mfcc1_sma3_7,mfcc1_sma3_8,mfcc2_sma3_1,mfcc2_sma3_2,mfcc2_sma3_3,mfcc2_sma3_4,mfcc2_sma3_5,mfcc2_sma3_6,mfcc2_sma3_7,mfcc2_sma3_8,mfcc3_sma3_1,mfcc3_sma3_2,mfcc3_sma3_3,mfcc3_sma3_4,mfcc3_sma3_5,mfcc3_sma3_6,mfcc3_sma3_7,mfcc3_sma3_8,mfcc4_sma3_1,mfcc4_sma3_2,mfcc4_sma3_3,mfcc4_sma3_4,mfcc4_sma3_5,mfcc4_sma3_6,mfcc4_sma3_7,mfcc4_sma3_8,F0semitoneFrom27.5Hz_sma3nz_1,F0semitoneFrom27.5Hz_sma3nz_2,F0semitoneFrom27.5Hz_sma3nz_3,F0semitoneFrom27.5Hz_sma3nz_4,F0semitoneFrom27.5Hz_sma3nz_5,F0semitoneFrom27.5Hz_sma3nz_6,F0semitoneFrom27.5Hz_sma3nz_7,F0semitoneFrom27.5Hz_sma3nz_8,jitterLocal_sma3nz_1,jitterLocal_sma3nz_2,jitterLocal_sma3nz_3,jitterLocal_sma3nz_4,jitterLocal_sma3nz_5,jitterLocal_sma3nz_6,jitterLocal_sma3nz_7,jitterLocal_sma3nz_8
21.388477033333334,14.74772858666667,27.70119106666667,23.62366858333333,24.05172153333333,20.62915326666667,20.8683125,20.65139553125,28.805883633333327,17.710713636666664,3.8133047113333327,3.612620426666666,5.365367245666667,26.425314633333336,26.2910032,27.17301940625,14.95922078333333,8.978955796666666,-6.017239139666667,-11.851388594666668,-3.271517463333335,14.549110649999998,13.788530266666667,13.796813125,11.21561106666667,-3.867944783333333,-24.9147648,-5.98881917,5.579280702666667,11.736417806666667,9.260889246666665,9.281591790625,0.0,19.76767063333333,38.66468113333334,17.35619266666667,0.0,0.0,0.0,0.0,0.0,0.0182633646266666,0.0218355714033333,0.0211685783066666,0.0,0.0,0.0,0.0
