mfcc1_sma3_1,mfcc1_sma3_2,mfcc1_sma3_3,mfcc1_sma3_4,mfcc1_sma3_5,mfcc1_sma3_6,mfcc1_sma3_7,mfcc1_sma3_8,mfcc2_sma3_1,mfcc2_sma3_2,mfcc2_sma3_3,mfcc2_sma3_4,mfcc2_sma3_5,mfcc2_sma3_6,mfcc2_sma3_7,mfcc2_sma3_8,mfcc3_sma3_1,mfcc3_sma3_2,mfcc3_sma3_3,mfcc3_sma3_4,mfcc3_sma3_5,mfcc3_sma3_6,mfcc3_sma3_7,mfcc3_sma3_8,mfcc4_sma3_1,mfcc4_sma3_2,mfcc4_sma3_3,mfcc4_sma3_4,mfcc4_sma3_5,mfcc4_sma3_6,mfcc4_sma3_7,mfcc4_sma3_8,F0semitoneFrom27.5Hz_sma3nz_1,F0semitoneFrom27.5Hz_sma3nz_2,F0semitoneFrom27.5Hz_sma3nz_3,F0semitoneFrom27.5Hz_sma3nz_4,F0semitoneFrom27.5Hz_sma3nz_5,F0semitoneFrom27.5Hz_sma3nz_6,F0semitoneFrom27.5Hz_sma3nz_7,F0semitoneFrom27.5Hz_sma3nz_8,jitterLocal_sma3nz_1,jitterLocal_sma3nz_2,jitterLocal_sma3nz_3,jitterLocal_sma3nz_4,jitterLocal_sma3nz_5,jitterLocal_sma3nz_6,jitterLocal_sma3nz_7,jitterLocal_sma3nz_8
21.33361047619048,14.70711739047619,21.106260390476194,31.838388190476188,28.12693528571428,26.71195038095238,21.39797219047619,20.73806759090909,28.31402738095238,19.98417607142857,21.57763728571428,2.1192272266666663,10.05090151904762,-7.546422471428571,22.871053952380954,27.075450409090912,15.884646380952384,13.384881857142856,5.203449012380952,-4.241908528571429,-1.7288230371428572,-15.96199165047619,15.731687809523814,16.034826499999998,9.50866573809524,9.82827362809524,-9.149519222380952,-12.24229496666667,-1.312361936190476,-4.35560666095238,15.195748809523812,11.69541705,0.0,5.409302476190476,16.665933285714285,28.172927952380945,11.867458047619047,4.371983047619048,0.0,0.0,0.0,0.0010800036190476,0.0064277718380952,0.0104457822380952,0.0028628134285714,0.0022324336190476,0.0,0.0
