mfcc1_sma3_1,mfcc1_sma3_2,mfcc1_sma3_3,mfcc1_sma3_4,mfcc1_sma3_5,mfcc1_sma3_6,mfcc1_sma3_7,mfcc1_sma3_8,mfcc2_sma3_1,mfcc2_sma3_2,mfcc2_sma3_3,mfcc2_sma3_4,mfcc2_sma3_5,mfcc2_sma3_6,mfcc2_sma3_7,mfcc2_sma3_8,mfcc3_sma3_1,mfcc3_sma3_2,mfcc3_sma3_3,mfcc3_sma3_4,mfcc3_sma3_5,mfcc3_sma3_6,mfcc3_sma3_7,mfcc3_sma3_8,mfcc4_sma3_1,mfcc4_sma3_2,mfcc4_sma3_3,mfcc4_sma3_4,mfcc4_sma3_5,mfcc4_sma3_6,mfcc4_sma3_7,mfcc4_sma3_8,F0semitoneFrom27.5Hz_sma3nz_1,F0semitoneFrom27.5Hz_sma3nz_2,F0semitoneFrom27.5Hz_sma3nz_3,F0semitoneFrom27.5Hz_sma3nz_4,F0semitoneFrom27.5Hz_sma3nz_5,F0semitoneFrom27.5Hz_sma3nz_6,F0semitoneFrom27.5Hz_sma3nz_7,F0semitoneFrom27.5Hz_sma3nz_8,jitterLocal_sma3nz_1,jitterLocal_sma3nz_2,jitterLocal_sma3nz_3,jitterLocal_sma3nz_4,jitterLocal_sma3nz_5,jitterLocal_sma3nz_6,jitterLocal_sma3nz_7,jitterLocal_sma3nz_8
20.69917257894737,6.18517400868421,7.14046843236842,10.513356247368424,13.77547850789474,15.662434121052632,4.817665021578949,15.46156445116279,26.217886184210528,5.23436549131579,4.041160189473684,-6.365352168421052,-19.50505937894737,-6.083418934999999,-30.26546095694737,-7.556498264418605,15.503240815789471,15.658514884210526,-14.486182825000002,-12.004609111315787,5.738850657105263,-12.313585973684212,-18.11071998157895,10.281535895348838,10.974790173684212,-10.736049076315789,-25.25279250631579,-42.30752215789474,-20.181235581578942,-23.99967023102632,-34.12802661842104,3.585121652325581,0.0,26.527914473684213,22.405369842105262,36.683786184210526,34.56747613157895,24.236115500000004,30.786955763157906,0.0,0.0,0.0260407837368421,0.0200978586157894,0.0252428874657894,0.0372071137631578,0.0105781282078947,0.0146960775842105,0.0
