mfcc1_sma3_1,mfcc1_sma3_2,mfcc1_sma3_3,mfcc1_sma3_4,mfcc1_sma3_5,mfcc1_sma3_6,mfcc1_sma3_7,mfcc1_sma3_8,mfcc2_sma3_1,mfcc2_sma3_2,mfcc2_sma3_3,mfcc2_sma3_4,mfcc2_sma3_5,mfcc2_sma3_6,mfcc2_sma3_7,mfcc2_sma3_8,mfcc3_sma3_1,mfcc3_sma3_2,mfcc3_sma3_3,mfcc3_sma3_4,mfcc3_sma3_5,mfcc3_sma3_6,mfcc3_sma3_7,mfcc3_sma3_8,mfcc4_sma3_1,mfcc4_sma3_2,mfcc4_sma3_3,mfcc4_sma3_4,mfcc4_sma3_5,mfcc4_sma3_6,mfcc4_sma3_7,mfcc4_sma3_8,F0semitoneFrom27.5Hz_sma3nz_1,F0semitoneFrom27.5Hz_sma3nz_2,F0semitoneFrom27.5Hz_sma3nz_3,F0semitoneFrom27.5Hz_sma3nz_4,F0semitoneFrom27.5Hz_sma3nz_5,F0semitoneFrom27.5Hz_sma3nz_6,F0semitoneFrom27.5Hz_sma3nz_7,F0semitoneFrom27.5Hz_sma3nz_8,jitterLocal_sma3nz_1,jitterLocal_sma3nz_2,jitterLocal_sma3nz_3,jitterLocal_sma3nz_4,jitterLocal_sma3nz_5,jitterLocal_sma3nz_6,jitterLocal_sma3nz_7,jitterLocal_sma3nz_8
22.36773297619048,16.099311673809524,18.892291785714285,16.027964992857147,27.204156142857148,21.41190488095238,17.77450161904762,21.558195844444445,23.534483059523808,25.22761030952381,2.951390672380952,6.8041218,-0.9172692847619048,5.973057416666666,23.674833642857145,25.271527333333328,14.574159473809525,16.09637114047619,12.67507607,18.4901634,10.795651591666669,9.019520591833333,18.36848392857143,16.8203888,13.556169773809524,10.944314833333332,-6.956114230238096,6.03227507142857,-7.119975356190477,-3.477826057619047,9.932346228571427,10.00430826222222,0.0,0.0,15.299148309523808,19.94852676190477,14.167333,0.0,0.0,0.0,0.0,0.0,0.0071661117928571,0.0116396786142857,0.0034931957285714,0.0,0.0,0.0
