mfcc1_sma3_1,mfcc1_sma3_2,mfcc1_sma3_3,mfcc1_sma3_4,mfcc1_sma3_5,mfcc1_sma3_6,mfcc1_sma3_7,mfcc1_sma3_8,mfcc2_sma3_1,mfcc2_sma3_2,mfcc2_sma3_3,mfcc2_sma3_4,mfcc2_sma3_5,mfcc2_sma3_6,mfcc2_sma3_7,mfcc2_sma3_8,mfcc3_sma3_1,mfcc3_sma3_2,mfcc3_sma3_3,mfcc3_sma3_4,mfcc3_sma3_5,mfcc3_sma3_6,mfcc3_sma3_7,mfcc3_sma3_8,mfcc4_sma3_1,mfcc4_sma3_2,mfcc4_sma3_3,mfcc4_sma3_4,mfcc4_sma3_5,mfcc4_sma3_6,mfcc4_sma3_7,mfcc4_sma3_8,F0semitoneFrom27.5Hz_sma3nz_1,F0semitoneFrom27.5Hz_sma3nz_2,F0semitoneFrom27.5Hz_sma3nz_3,F0semitoneFrom27.5Hz_sma3nz_4,F0semitoneFrom27.5Hz_sma3nz_5,F0semitoneFrom27.5Hz_sma3nz_6,F0semitoneFrom27.5Hz_sma3nz_7,F0semitoneFrom27.5Hz_sma3nz_8,jitterLocal_sma3nz_1,jitterLocal_sma3nz_2,jitterLocal_sma3nz_3,jitterLocal_sma3nz_4,jitterLocal_sma3nz_5,jitterLocal_sma3nz_6,jitterLocal_sma3nz_7,jitterLocal_sma3nz_8
20.685505783333333,22.023001666666666,26.613447900000004,26.4808774,22.042717873333338,26.561658,26.322063466666677,21.663763861111114,28.080262333333334,20.890464266666665,1.3151322186666663,-0.4347026266666665,10.50113166,9.901097493333332,21.73725355,28.457103722222225,17.92473688333333,19.33650498333333,10.700938402333332,-0.0846278136666667,4.876521369,16.600618509999997,17.58250605,16.705574611111114,12.624256516666666,3.483643291666666,-7.687340363333334,-4.379745824366666,2.948190969333334,-4.470200768499999,4.304385608243333,10.868133544444444,0.0,4.2174956,31.73231613333333,16.5589123,7.281318866666667,6.6205157,5.062131699999999,0.0,0.0,0.0047537761,0.0139184434766666,0.0038455143766666,0.0026098432,0.0045442133,0.0063235908999999,0.0
