mfcc1_sma3_1,mfcc1_sma3_2,mfcc1_sma3_3,mfcc1_sma3_4,mfcc1_sma3_5,mfcc1_sma3_6,mfcc1_sma3_7,mfcc1_sma3_8,mfcc2_sma3_1,mfcc2_sma3_2,mfcc2_sma3_3,mfcc2_sma3_4,mfcc2_sma3_5,mfcc2_sma3_6,mfcc2_sma3_7,mfcc2_sma3_8,mfcc3_sma3_1,mfcc3_sma3_2,mfcc3_sma3_3,mfcc3_sma3_4,mfcc3_sma3_5,mfcc3_sma3_6,mfcc3_sma3_7,mfcc3_sma3_8,mfcc4_sma3_1,mfcc4_sma3_2,mfcc4_sma3_3,mfcc4_sma3_4,mfcc4_sma3_5,mfcc4_sma3_6,mfcc4_sma3_7,mfcc4_sma3_8,F0semitoneFrom27.5Hz_sma3nz_1,F0semitoneFrom27.5Hz_sma3nz_2,F0semitoneFrom27.5Hz_sma3nz_3,F0semitoneFrom27.5Hz_sma3nz_4,F0semitoneFrom27.5Hz_sma3nz_5,F0semitoneFrom27.5Hz_sma3nz_6,F0semitoneFrom27.5Hz_sma3nz_7,F0semitoneFrom27.5Hz_sma3nz_8,jitterLocal_sma3nz_1,jitterLocal_sma3nz_2,jitterLocal_sma3nz_3,jitterLocal_sma3nz_4,jitterLocal_sma3nz_5,jitterLocal_sma3nz_6,jitterLocal_sma3nz_7,jitterLocal_sma3nz_8
20.99521944,20.95167284,22.203933560000007,18.227636388,8.9215317112,19.2827932,16.26985526,22.695598,28.88363496000001,27.6495336,12.8385925676,-9.12905992,0.95132946,-23.867536944,1.1369836256,26.498056740740747,16.135843019999996,17.87363764,-0.4598851519999998,-9.0919204012,16.4124106384,-9.8359718812,22.02162894,15.072184296296298,9.188206064,13.433353544,-25.659381872,-16.290225,-7.86576268,4.176816006799999,-11.585202708,5.906891375555555,0.0,3.75420496,18.56620688,40.49167128,10.1143756,35.0341536,0.0,0.0,0.0,0.00167329064,0.00661699548,0.018984655748,0.0020749012,0.0072649193319999,0.0,0.0
