mfcc1_sma3_1,mfcc1_sma3_2,mfcc1_sma3_3,mfcc1_sma3_4,mfcc1_sma3_5,mfcc1_sma3_6,mfcc1_sma3_7,mfcc1_sma3_8,mfcc2_sma3_1,mfcc2_sma3_2,mfcc2_sma3_3,mfcc2_sma3_4,mfcc2_sma3_5,mfcc2_sma3_6,mfcc2_sma3_7,mfcc2_sma3_8,mfcc3_sma3_1,mfcc3_sma3_2,mfcc3_sma3_3,mfcc3_sma3_4,mfcc3_sma3_5,mfcc3_sma3_6,mfcc3_sma3_7,mfcc3_sma3_8,mfcc4_sma3_1,mfcc4_sma3_2,mfcc4_sma3_3,mfcc4_sma3_4,mfcc4_sma3_5,mfcc4_sma3_6,mfcc4_sma3_7,mfcc4_sma3_8,F0semitoneFrom27.5Hz_sma3nz_1,F0semitoneFrom27.5Hz_sma3nz_2,F0semitoneFrom27.5Hz_sma3nz_3,F0semitoneFrom27.5Hz_sma3nz_4,F0semitoneFrom27.5Hz_sma3nz_5,F0semitoneFrom27.5Hz_sma3nz_6,F0semitoneFrom27.5Hz_sma3nz_7,F0semitoneFrom27.5Hz_sma3nz_8,jitterLocal_sma3nz_1,jitterLocal_sma3nz_2,jitterLocal_sma3nz_3,jitterLocal_sma3nz_4,jitterLocal_sma3nz_5,jitterLocal_sma3nz_6,jitterLocal_sma3nz_7,jitterLocal_sma3nz_8
20.493585304347825,16.598974665217387,27.62035549130435,29.58743186956521,17.329252347826085,16.08303265217391,20.920612652173915,22.13258184,25.31352856521739,16.702176540434785,17.172510810434783,1.6624902995652175,8.423116857826084,8.07559691304348,16.1128017,28.002197039999995,17.21076210869565,19.195765221739133,0.5524471015217393,11.938409930434783,0.5035408739130434,7.712871196347825,14.829812282608694,18.34309264,9.688971834782608,-13.413300347826086,-7.4606234450434785,-1.922629012173913,-2.833187997826087,0.0330159086956517,12.145764339130436,11.75507132,0.0,12.04937843478261,7.461812391304348,33.77977469565218,11.861427869565215,0.0,0.0,0.0,0.0,0.0123450639565217,0.0048187038260869,0.021956301973913,0.0025991144782608,0.0,0.0,0.0
