mfcc1_sma3_1,mfcc1_sma3_2,mfcc1_sma3_3,mfcc1_sma3_4,mfcc1_sma3_5,mfcc1_sma3_6,mfcc1_sma3_7,mfcc1_sma3_8,mfcc2_sma3_1,mfcc2_sma3_2,mfcc2_sma3_3,mfcc2_sma3_4,mfcc2_sma3_5,mfcc2_sma3_6,mfcc2_sma3_7,mfcc2_sma3_8,mfcc3_sma3_1,mfcc3_sma3_2,mfcc3_sma3_3,mfcc3_sma3_4,mfcc3_sma3_5,mfcc3_sma3_6,mfcc3_sma3_7,mfcc3_sma3_8,mfcc4_sma3_1,mfcc4_sma3_2,mfcc4_sma3_3,mfcc4_sma3_4,mfcc4_sma3_5,mfcc4_sma3_6,mfcc4_sma3_7,mfcc4_sma3_8,F0semitoneFrom27.5Hz_sma3nz_1,F0semitoneFrom27.5Hz_sma3nz_2,F0semitoneFrom27.5Hz_sma3nz_3,F0semitoneFrom27.5Hz_sma3nz_4,F0semitoneFrom27.5Hz_sma3nz_5,F0semitoneFrom27.5Hz_sma3nz_6,F0semitoneFrom27.5Hz_sma3nz_7,F0semitoneFrom27.5Hz_sma3nz_8,jitterLocal_sma3nz_1,jitterLocal_sma3nz_2,jitterLocal_sma3nz_3,jitterLocal_sma3nz_4,jitterLocal_sma3nz_5,jitterLocal_sma3nz_6,jitterLocal_sma3nz_7,jitterLocal_sma3nz_8
20.025693166666667,18.16139528533333,-0.1286594910000001,14.18643277,23.164829883333333,22.788556550000003,0.6856340430000001,1.4228117055555554,28.5007902,17.721659509,-15.072506883333334,-10.561493866666668,-7.1644419400000015,4.195916499666667,-7.965321701666663,20.56453911111111,16.74766041666667,-8.345967435,-11.035781046666669,6.626795475933333,-5.721404943333334,3.087408733333333,16.84195108,5.844608670277777,8.570038153333334,-14.57678036,-1.748015156666667,-23.55289289333333,-10.589028490000002,-36.33172416,-36.28024036333333,15.541165694444445,0.0,26.76250733333334,33.509635366666664,27.81006,26.436839566666663,33.097402800000005,9.683257533333334,0.0,0.0,0.0391255852666666,0.0054557288633333,0.0059341698433333,0.01752952025,0.0055446219133333,0.00085472795,0.0
