mfcc1_sma3_1,mfcc1_sma3_2,mfcc1_sma3_3,mfcc1_sma3_4,mfcc1_sma3_5,mfcc1_sma3_6,mfcc1_sma3_7,mfcc1_sma3_8,mfcc2_sma3_1,mfcc2_sma3_2,mfcc2_sma3_3,mfcc2_sma3_4,mfcc2_sma3_5,mfcc2_sma3_6,mfcc2_sma3_7,mfcc2_sma3_8,mfcc3_sma3_1,mfcc3_sma3_2,mfcc3_sma3_3,mfcc3_sma3_4,mfcc3_sma3_5,mfcc3_sma3_6,mfcc3_sma3_7,mfcc3_sma3_8,mfcc4_sma3_1,mfcc4_sma3_2,mfcc4_sma3_3,mfcc4_sma3_4,mfcc4_sma3_5,mfcc4_sma3_6,mfcc4_sma3_7,mfcc4_sma3_8,F0semitoneFrom27.5Hz_sma3nz_1,F0semitoneFrom27.5Hz_sma3nz_2,F0semitoneFrom27.5Hz_sma3nz_3,F0semitoneFrom27.5Hz_sma3nz_4,F0semitoneFrom27.5Hz_sma3nz_5,F0semitoneFrom27.5Hz_sma3nz_6,F0semitoneFrom27.5Hz_sma3nz_7,F0semitoneFrom27.5Hz_sma3nz_8,jitterLocal_sma3nz_1,jitterLocal_sma3nz_2,jitterLocal_sma3nz_3,jitterLocal_sma3nz_4,jitterLocal_sma3nz_5,jitterLocal_sma3nz_6,jitterLocal_sma3nz_7,jitterLocal_sma3nz_8
18.820426310344825,20.29090113793104,21.78834851724138,23.529254793103448,21.401764717241377,26.740131862068964,20.906168482758623,18.217163816666663,27.50571324137931,0.1109416362068964,-3.5689729655172413,-10.98986529448276,-8.30005054137931,7.604922666206897,-0.9210214765517244,24.01487725,14.259575024137929,7.633665434896553,7.990804029310345,-8.374896076896551,-8.044677996551725,0.5302711882758624,16.796939682758623,15.493936458333334,6.428988581034482,-6.002827589655173,-13.594531192068963,-17.86230339172414,-2.184618510551724,-22.245524906896552,-15.627592568965516,8.675001044444443,0.0,8.469542620689655,24.490245482758617,25.31237706896552,16.8732675862069,28.41767217241379,22.922984896551725,0.0,0.0,0.0081653271034482,0.0222084205931034,0.0043168866275862,0.0078537510965517,0.0133328465965517,0.0022576227551724,0.0
