mfcc1_sma3_1,mfcc1_sma3_2,mfcc1_sma3_3,mfcc1_sma3_4,mfcc1_sma3_5,mfcc1_sma3_6,mfcc1_sma3_7,mfcc1_sma3_8,mfcc2_sma3_1,mfcc2_sma3_2,mfcc2_sma3_3,mfcc2_sma3_4,mfcc2_sma3_5,mfcc2_sma3_6,mfcc2_sma3_7,mfcc2_sma3_8,mfcc3_sma3_1,mfcc3_sma3_2,mfcc3_sma3_3,mfcc3_sma3_4,mfcc3_sma3_5,mfcc3_sma3_6,mfcc3_sma3_7,mfcc3_sma3_8,mfcc4_sma3_1,mfcc4_sma3_2,mfcc4_sma3_3,mfcc4_sma3_4,mfcc4_sma3_5,mfcc4_sma3_6,mfcc4_sma3_7,mfcc4_sma3_8,F0semitoneFrom27.5Hz_sma3nz_1,F0semitoneFrom27.5Hz_sma3nz_2,F0semitoneFrom27.5Hz_sma3nz_3,F0semitoneFrom27.5Hz_sma3nz_4,F0semitoneFrom27.5Hz_sma3nz_5,F0semitoneFrom27.5Hz_sma3nz_6,F0semitoneFrom27.5Hz_sma3nz_7,F0semitoneFrom27.5Hz_sma3nz_8,jitterLocal_sma3nz_1,jitterLocal_sma3nz_2,jitterLocal_sma3nz_3,jitterLocal_sma3nz_4,jitterLocal_sma3nz_5,jitterLocal_sma3nz_6,jitterLocal_sma3nz_7,jitterLocal_sma3nz_8
21.149429791666662,11.566244808333332,27.044280216666664,5.5637034835416666,-1.7084010750000005,20.60970925,18.928654041666665,21.020865928571425,22.238630916666665,28.32121791666667,7.499150979166667,22.82362720833333,15.983632833333331,10.249886584583336,20.644159875,26.007825821428572,17.20565145833333,15.305020791666667,-1.753514729583333,17.73669535,29.95016947083333,4.8329924958333335,14.205747166666663,13.430875642857142,7.431390825000001,-2.139248329166667,2.829566158333334,-10.925032616666668,-13.607791891666666,-13.273753491666668,4.200930887499999,6.293320142857141,0.0,7.165525083333333,1.3794152083333333,0.0,0.0,0.0,0.0,0.0,0.0,0.0002893352916666,0.0,0.0,0.0,0.0,0.0,0.0
