mfcc1_sma3_1,mfcc1_sma3_2,mfcc1_sma3_3,mfcc1_sma3_4,mfcc1_sma3_5,mfcc1_sma3_6,mfcc1_sma3_7,mfcc1_sma3_8,mfcc2_sma3_1,mfcc2_sma3_2,mfcc2_sma3_3,mfcc2_sma3_4,mfcc2_sma3_5,mfcc2_sma3_6,mfcc2_sma3_7,mfcc2_sma3_8,mfcc3_sma3_1,mfcc3_sma3_2,mfcc3_sma3_3,mfcc3_sma3_4,mfcc3_sma3_5,mfcc3_sma3_6,mfcc3_sma3_7,mfcc3_sma3_8,mfcc4_sma3_1,mfcc4_sma3_2,mfcc4_sma3_3,mfcc4_sma3_4,mfcc4_sma3_5,mfcc4_sma3_6,mfcc4_sma3_7,mfcc4_sma3_8,F0semitoneFrom27.5Hz_sma3nz_1,F0semitoneFrom27.5Hz_sma3nz_2,F0semitoneFrom27.5Hz_sma3nz_3,F0semitoneFrom27.5Hz_sma3nz_4,F0semitoneFrom27.5Hz_sma3nz_5,F0semitoneFrom27.5Hz_sma3nz_6,F0semitoneFrom27.5Hz_sma3nz_7,F0semitoneFrom27.5Hz_sma3nz_8,jitterLocal_sma3nz_1,jitterLocal_sma3nz_2,jitterLocal_sma3nz_3,jitterLocal_sma3nz_4,jitterLocal_sma3nz_5,jitterLocal_sma3nz_6,jitterLocal_sma3nz_7,jitterLocal_sma3nz_8
20.989709064516124,4.086816641935484,22.809727077419357,7.2443393241935485,7.005881893548388,22.128761058064512,18.760744751612904,21.07178090625,24.94696932258064,18.652138661290323,-4.604680562580644,27.135348712903227,8.99726942903226,-15.03324361935484,16.425256309677415,24.7202651875,14.248608370967744,4.281684409548387,-13.111499233225803,8.158335029032257,-5.00710381483871,11.554622512903228,13.436609632258063,13.09408115625,7.672960296774195,-3.2155153874193547,-16.847101022580645,5.662746567741936,-9.043278638387095,-6.3285581768838695,8.835103301935483,6.1983645718750005,1.1527092258064515,7.935827387096774,39.06485874193549,5.786581193548387,23.39635219354839,15.318780806451612,0.0,0.0,0.0,0.0155098251935483,0.0175546580419354,0.0045344861935483,0.0140118580709677,0.0111655597129032,0.0,0.0
