mfcc1_sma3_1,mfcc1_sma3_2,mfcc1_sma3_3,mfcc1_sma3_4,mfcc1_sma3_5,mfcc1_sma3_6,mfcc1_sma3_7,mfcc1_sma3_8,mfcc2_sma3_1,mfcc2_sma3_2,mfcc2_sma3_3,mfcc2_sma3_4,mfcc2_sma3_5,mfcc2_sma3_6,mfcc2_sma3_7,mfcc2_sma3_8,mfcc3_sma3_1,mfcc3_sma3_2,mfcc3_sma3_3,mfcc3_sma3_4,mfcc3_sma3_5,mfcc3_sma3_6,mfcc3_sma3_7,mfcc3_sma3_8,mfcc4_sma3_1,mfcc4_sma3_2,mfcc4_sma3_3,mfcc4_sma3_4,mfcc4_sma3_5,mfcc4_sma3_6,mfcc4_sma3_7,mfcc4_sma3_8,F0semitoneFrom27.5Hz_sma3nz_1,F0semitoneFrom27.5Hz_sma3nz_2,F0semitoneFrom27.5Hz_sma3nz_3,F0semitoneFrom27.5Hz_sma3nz_4,F0semitoneFrom27.5Hz_sma3nz_5,F0semitoneFrom27.5Hz_sma3nz_6,F0semitoneFrom27.5Hz_sma3nz_7,F0semitoneFrom27.5Hz_sma3nz_8,jitterLocal_sma3nz_1,jitterLocal_sma3nz_2,jitterLocal_sma3nz_3,jitterLocal_sma3nz_4,jitterLocal_sma3nz_5,jitterLocal_sma3nz_6,jitterLocal_sma3nz_7,jitterLocal_sma3nz_8
20.475302714285714,16.61332180952381,32.20111895238095,25.77895904761905,31.35210685714286,18.3055453,24.32154428571429,23.46255492,25.820256047619047,21.779612952380955,15.390875171428569,11.106290617619049,0.7736623119047621,-17.73051008095238,-3.4285374085714286,21.74120968,15.750216595238095,15.716500071428571,7.68320302,21.335217,25.320297809523804,12.788875496190476,9.184535182857145,10.265169628,5.719830357142856,3.5353098890476184,-3.5304495195238097,3.804244342857145,-14.79588728571429,-21.9769249047619,-16.187698452380953,2.0133771796,0.0,1.4276255714285715,11.221106476190474,15.703294,20.664463666666663,45.94262261904762,39.76704014285715,3.6604158,0.0,0.0,0.0037687486428571,0.0148495658095238,0.010978018647619,0.0243508002238095,0.0116484143428571,0.0017962548
