mfcc1_sma3_1,mfcc1_sma3_2,mfcc1_sma3_3,mfcc1_sma3_4,mfcc1_sma3_5,mfcc1_sma3_6,mfcc1_sma3_7,mfcc1_sma3_8,mfcc2_sma3_1,mfcc2_sma3_2,mfcc2_sma3_3,mfcc2_sma3_4,mfcc2_sma3_5,mfcc2_sma3_6,mfcc2_sma3_7,mfcc2_sma3_8,mfcc3_sma3_1,mfcc3_sma3_2,mfcc3_sma3_3,mfcc3_sma3_4,mfcc3_sma3_5,mfcc3_sma3_6,mfcc3_sma3_7,mfcc3_sma3_8,mfcc4_sma3_1,mfcc4_sma3_2,mfcc4_sma3_3,mfcc4_sma3_4,mfcc4_sma3_5,mfcc4_sma3_6,mfcc4_sma3_7,mfcc4_sma3_8,F0semitoneFrom27.5Hz_sma3nz_1,F0semitoneFrom27.5Hz_sma3nz_2,F0semitoneFrom27.5Hz_sma3nz_3,F0semitoneFrom27.5Hz_sma3nz_4,F0semitoneFrom27.5Hz_sma3nz_5,F0semitoneFrom27.5Hz_sma3nz_6,F0semitoneFrom27.5Hz_sma3nz_7,F0semitoneFrom27.5Hz_sma3nz_8,jitterLocal_sma3nz_1,jitterLocal_sma3nz_2,jitterLocal_sma3nz_3,jitterLocal_sma3nz_4,jitterLocal_sma3nz_5,jitterLocal_sma3nz_6,jitterLocal_sma3nz_7,jitterLocal_sma3nz_8
20.51907297142857,24.012207685714287,19.822987058857144,30.27105591428572,34.40531928571429,27.10740974285714,33.62357808571428,20.97580683783784,26.35089717142857,22.104366542857143,16.733160229428574,-3.497561451714286,16.721927237142854,16.341502213714286,31.59112442857143,24.628876162162165,15.355303142857146,18.747291502857145,19.141716290285714,-21.64914686571429,2.322894713428571,3.339439372571429,8.440243240000001,11.032116829729729,6.322706683428572,4.732676126857142,-2.6341892657142854,-34.00044125714286,-29.81990697428571,-21.05563640054286,-20.241953716,5.602852097027027,0.0,15.615236371428573,30.36526545714285,34.070137571428575,25.855196628571427,20.722589428571432,9.070609771428572,0.0,0.0,0.0173972793514285,0.0202536332171428,0.0049766700914285,0.0096557738057142,0.0075721039857142,0.0065288787999999,0.0
