mfcc1_sma3_1,mfcc1_sma3_2,mfcc1_sma3_3,mfcc1_sma3_4,mfcc1_sma3_5,mfcc1_sma3_6,mfcc1_sma3_7,mfcc1_sma3_8,mfcc2_sma3_1,mfcc2_sma3_2,mfcc2_sma3_3,mfcc2_sma3_4,mfcc2_sma3_5,mfcc2_sma3_6,mfcc2_sma3_7,mfcc2_sma3_8,mfcc3_sma3_1,mfcc3_sma3_2,mfcc3_sma3_3,mfcc3_sma3_4,mfcc3_sma3_5,mfcc3_sma3_6,mfcc3_sma3_7,mfcc3_sma3_8,mfcc4_sma3_1,mfcc4_sma3_2,mfcc4_sma3_3,mfcc4_sma3_4,mfcc4_sma3_5,mfcc4_sma3_6,mfcc4_sma3_7,mfcc4_sma3_8,F0semitoneFrom27.5Hz_sma3nz_1,F0semitoneFrom27.5Hz_sma3nz_2,F0semitoneFrom27.5Hz_sma3nz_3,F0semitoneFrom27.5Hz_sma3nz_4,F0semitoneFrom27.5Hz_sma3nz_5,F0semitoneFrom27.5Hz_sma3nz_6,F0semitoneFrom27.5Hz_sma3nz_7,F0semitoneFrom27.5Hz_sma3nz_8,jitterLocal_sma3nz_1,jitterLocal_sma3nz_2,jitterLocal_sma3nz_3,jitterLocal_sma3nz_4,jitterLocal_sma3nz_5,jitterLocal_sma3nz_6,jitterLocal_sma3nz_7,jitterLocal_sma3nz_8
22.661902739130436,28.10891578260869,23.147451582608696,22.62137556086957,27.58273856521739,28.195781130434785,22.55868560869565,22.683887285714285,27.276853478260865,14.69301511304348,8.402112182608693,7.062999626086956,-6.060079908695652,21.549365830434784,25.74877252173913,27.48041514285714,12.210961434782607,4.264044534782608,13.635280686956524,17.334552439130437,-11.690949839130434,15.035203239130434,10.336768043478262,12.08960601785714,4.31833127826087,-6.171412442173913,9.98628142173913,1.4109032852173915,-13.079850560869565,-9.564599273913045,4.037825235391304,6.025730651071429,0.0,11.473623652173911,22.06428647826087,19.50364404347826,21.97995908695652,10.110771434782608,0.0,0.0,0.0,0.0092624943043478,0.0127754710565217,0.0053672167913043,0.030490553547826,0.0033755601304347,0.0,0.0
