mfcc1_sma3_1,mfcc1_sma3_2,mfcc1_sma3_3,mfcc1_sma3_4,mfcc1_sma3_5,mfcc1_sma3_6,mfcc1_sma3_7,mfcc1_sma3_8,mfcc2_sma3_1,mfcc2_sma3_2,mfcc2_sma3_3,mfcc2_sma3_4,mfcc2_sma3_5,mfcc2_sma3_6,mfcc2_sma3_7,mfcc2_sma3_8,mfcc3_sma3_1,mfcc3_sma3_2,mfcc3_sma3_3,mfcc3_sma3_4,mfcc3_sma3_5,mfcc3_sma3_6,mfcc3_sma3_7,mfcc3_sma3_8,mfcc4_sma3_1,mfcc4_sma3_2,mfcc4_sma3_3,mfcc4_sma3_4,mfcc4_sma3_5,mfcc4_sma3_6,mfcc4_sma3_7,mfcc4_sma3_8,F0semitoneFrom27.5Hz_sma3nz_1,F0semitoneFrom27.5Hz_sma3nz_2,F0semitoneFrom27.5Hz_sma3nz_3,F0semitoneFrom27.5Hz_sma3nz_4,F0semitoneFrom27.5Hz_sma3nz_5,F0semitoneFrom27.5Hz_sma3nz_6,F0semitoneFrom27.5Hz_sma3nz_7,F0semitoneFrom27.5Hz_sma3nz_8,jitterLocal_sma3nz_1,jitterLocal_sma3nz_2,jitterLocal_sma3nz_3,jitterLocal_sma3nz_4,jitterLocal_sma3nz_5,jitterLocal_sma3nz_6,jitterLocal_sma3nz_7,jitterLocal_sma3nz_8
20.35940982758621,25.517719413793102,24.65175234482758,28.838127793103453,29.14144906896552,25.1718873137931,31.77564410344828,18.200872950000004,20.287164344827588,5.080489431034483,-10.51634068862069,-8.953962231724136,-12.220572016206898,23.49144019655173,14.048584396551728,23.12417780555556,16.888490413793104,6.072645695862068,9.840062848275863,3.700500564689656,-6.575891772413794,12.129383940000002,5.192691444827585,15.23221286111111,7.227887862068966,3.5073349710344823,-7.106327125517242,0.0070354803448276,-12.967217586206894,-1.0654081662068962,3.293527679310344,4.147367208611112,0.0,14.622012206896551,20.005366931034484,22.85535024137931,30.493643655172413,15.54826955172414,5.146502655172414,0.0,0.0,0.0089308036551724,0.0092385845586206,0.0200070605,0.0218543912172413,0.0109004474137931,0.0021552818965517,0.0
