mfcc1_sma3_1,mfcc1_sma3_2,mfcc1_sma3_3,mfcc1_sma3_4,mfcc1_sma3_5,mfcc1_sma3_6,mfcc1_sma3_7,mfcc1_sma3_8,mfcc2_sma3_1,mfcc2_sma3_2,mfcc2_sma3_3,mfcc2_sma3_4,mfcc2_sma3_5,mfcc2_sma3_6,mfcc2_sma3_7,mfcc2_sma3_8,mfcc3_sma3_1,mfcc3_sma3_2,mfcc3_sma3_3,mfcc3_sma3_4,mfcc3_sma3_5,mfcc3_sma3_6,mfcc3_sma3_7,mfcc3_sma3_8,mfcc4_sma3_1,mfcc4_sma3_2,mfcc4_sma3_3,mfcc4_sma3_4,mfcc4_sma3_5,mfcc4_sma3_6,mfcc4_sma3_7,mfcc4_sma3_8,F0semitoneFrom27.5Hz_sma3nz_1,F0semitoneFrom27.5Hz_sma3nz_2,F0semitoneFrom27.5Hz_sma3nz_3,F0semitoneFrom27.5Hz_sma3nz_4,F0semitoneFrom27.5Hz_sma3nz_5,F0semitoneFrom27.5Hz_sma3nz_6,F0semitoneFrom27.5Hz_sma3nz_7,F0semitoneFrom27.5Hz_sma3nz_8,jitterLocal_sma3nz_1,jitterLocal_sma3nz_2,jitterLocal_sma3nz_3,jitterLocal_sma3nz_4,jitterLocal_sma3nz_5,jitterLocal_sma3nz_6,jitterLocal_sma3nz_7,jitterLocal_sma3nz_8
21.67902039130435,27.39136978260869,26.08156043478261,24.86280004347825,25.50397769565217,19.53712973913043,22.137312347826093,23.626963535714285,23.611144217391303,3.6932339869565216,-12.388159515652172,-6.856828756521739,5.152464797391304,7.24256875347826,1.174776151000001,26.60039496428571,11.923943152173914,-2.722073482608696,-13.647534982608695,12.46815534347826,21.22484052173913,31.513587826086944,33.347469521739136,15.587634214285714,4.276355557826086,-8.456978943478262,-26.536596869565216,-32.34716608695652,-19.52871519565217,-34.94791178260869,-39.50552439130434,2.615895905357143,0.0,24.661991434782607,35.03687821739131,32.41715352173913,36.02402617391304,43.441842521739126,5.349523304347826,0.0,0.0,0.0250040693043478,0.0196621746434782,0.0151939845913043,0.0203953662608695,0.017133195947826,0.0068888138260869,0.0
