mfcc1_sma3_1,mfcc1_sma3_2,mfcc1_sma3_3,mfcc1_sma3_4,mfcc1_sma3_5,mfcc1_sma3_6,mfcc1_sma3_7,mfcc1_sma3_8,mfcc2_sma3_1,mfcc2_sma3_2,mfcc2_sma3_3,mfcc2_sma3_4,mfcc2_sma3_5,mfcc2_sma3_6,mfcc2_sma3_7,mfcc2_sma3_8,mfcc3_sma3_1,mfcc3_sma3_2,mfcc3_sma3_3,mfcc3_sma3_4,mfcc3_sma3_5,mfcc3_sma3_6,mfcc3_sma3_7,mfcc3_sma3_8,mfcc4_sma3_1,mfcc4_sma3_2,mfcc4_sma3_3,mfcc4_sma3_4,mfcc4_sma3_5,mfcc4_sma3_6,mfcc4_sma3_7,mfcc4_sma3_8,F0semitoneFrom27.5Hz_sma3nz_1,F0semitoneFrom27.5Hz_sma3nz_2,F0semitoneFrom27.5Hz_sma3nz_3,F0semitoneFrom27.5Hz_sma3nz_4,F0semitoneFrom27.5Hz_sma3nz_5,F0semitoneFrom27.5Hz_sma3nz_6,F0semitoneFrom27.5Hz_sma3nz_7,F0semitoneFrom27.5Hz_sma3nz_8,jitterLocal_sma3nz_1,jitterLocal_sma3nz_2,jitterLocal_sma3nz_3,jitterLocal_sma3nz_4,jitterLocal_sma3nz_5,jitterLocal_sma3nz_6,jitterLocal_sma3nz_7,jitterLocal_sma3nz_8
21.424147923076927,26.52633057692308,28.203963769230768,23.453965423076923,23.155523692307693,21.660229730769235,21.31913803846154,21.530842925925928,25.829243615384613,15.714661376923075,-1.1189124423076924,-3.653923763373077,3.7398133511538463,25.55626173076923,27.013696230769234,26.98188211111112,14.106253511538464,7.893867320769231,14.20763016923077,3.4609776538461534,14.124548999999998,13.388983173076925,15.359744269230768,14.885145314814816,6.956954603846155,-9.259733042346154,-7.011722195923078,-14.34439173846154,-14.964651238461538,4.8658724492307694,5.77163568573077,5.510270203703703,0.0,19.052889,31.49271203846154,30.16043646153846,18.755082615384616,0.0,0.0,0.0,0.0,0.0042833819653846,0.0190546264884615,0.0139086161576923,0.0061654022230769,0.0,0.0,0.0
