mfcc1_sma3_1,mfcc1_sma3_2,mfcc1_sma3_3,mfcc1_sma3_4,mfcc1_sma3_5,mfcc1_sma3_6,mfcc1_sma3_7,mfcc1_sma3_8,mfcc2_sma3_1,mfcc2_sma3_2,mfcc2_sma3_3,mfcc2_sma3_4,mfcc2_sma3_5,mfcc2_sma3_6,mfcc2_sma3_7,mfcc2_sma3_8,mfcc3_sma3_1,mfcc3_sma3_2,mfcc3_sma3_3,mfcc3_sma3_4,mfcc3_sma3_5,mfcc3_sma3_6,mfcc3_sma3_7,mfcc3_sma3_8,mfcc4_sma3_1,mfcc4_sma3_2,mfcc4_sma3_3,mfcc4_sma3_4,mfcc4_sma3_5,mfcc4_sma3_6,mfcc4_sma3_7,mfcc4_sma3_8,F0semitoneFrom27.5Hz_sma3nz_1,F0semitoneFrom27.5Hz_sma3nz_2,F0semitoneFrom27.5Hz_sma3nz_3,F0semitoneFrom27.5Hz_sma3nz_4,F0semitoneFrom27.5Hz_sma3nz_5,F0semitoneFrom27.5Hz_sma3nz_6,F0semitoneFrom27.5Hz_sma3nz_7,F0semitoneFrom27.5Hz_sma3nz_8,jitterLocal_sma3nz_1,jitterLocal_sma3nz_2,jitterLocal_sma3nz_3,jitterLocal_sma3nz_4,jitterLocal_sma3nz_5,jitterLocal_sma3nz_6,jitterLocal_sma3nz_7,jitterLocal_sma3nz_8
23.855233636363632,19.709327477272726,12.093778814545454,20.25752938636364,5.108138035454544,15.67187065909091,21.005875409090912,22.366755,25.81608872727273,18.6810126,0.8758770318181807,5.671952645454547,27.528158648636364,0.3973010827272732,12.195074645454548,26.068516199999998,13.64498863636364,8.980188900000002,-4.131806147727273,4.449960481818182,6.467057686363634,6.447241963636364,16.279414086363637,14.13741416,5.054730997272727,-2.498940009090909,-9.965436747727273,-9.080709327272729,4.362740495454545,-31.410858195454548,-2.9613073045454543,4.7251700234000005,0.0,16.379337636363637,30.342285909090904,26.85462286363636,9.967961,17.434677863636363,0.0,0.0,0.0,0.0090366581818181,0.023420495,0.0085351662954545,0.0132134819090909,0.0074650343727272,0.0,0.0
