mfcc1_sma3_1,mfcc1_sma3_2,mfcc1_sma3_3,mfcc1_sma3_4,mfcc1_sma3_5,mfcc1_sma3_6,mfcc1_sma3_7,mfcc1_sma3_8,mfcc2_sma3_1,mfcc2_sma3_2,mfcc2_sma3_3,mfcc2_sma3_4,mfcc2_sma3_5,mfcc2_sma3_6,mfcc2_sma3_7,mfcc2_sma3_8,mfcc3_sma3_1,mfcc3_sma3_2,mfcc3_sma3_3,mfcc3_sma3_4,mfcc3_sma3_5,mfcc3_sma3_6,mfcc3_sma3_7,mfcc3_sma3_8,mfcc4_sma3_1,mfcc4_sma3_2,mfcc4_sma3_3,mfcc4_sma3_4,mfcc4_sma3_5,mfcc4_sma3_6,mfcc4_sma3_7,mfcc4_sma3_8,F0semitoneFrom27.5Hz_sma3nz_1,F0semitoneFrom27.5Hz_sma3nz_2,F0semitoneFrom27.5Hz_sma3nz_3,F0semitoneFrom27.5Hz_sma3nz_4,F0semitoneFrom27.5Hz_sma3nz_5,F0semitoneFrom27.5Hz_sma3nz_6,F0semitoneFrom27.5Hz_sma3nz_7,F0semitoneFrom27.5Hz_sma3nz_8,jitterLocal_sma3nz_1,jitterLocal_sma3nz_2,jitterLocal_sma3nz_3,jitterLocal_sma3nz_4,jitterLocal_sma3nz_5,jitterLocal_sma3nz_6,jitterLocal_sma3nz_7,jitterLocal_sma3nz_8
22.635991724137927,24.99536968965517,10.11024644275862,26.2875301724138,29.74220210344828,28.930573655172413,13.409379382758624,23.134252310344827,26.257793241379307,25.00487810344828,9.67798973448276,-22.176159488620684,2.104968663103448,3.2460301234482767,18.144631172413792,27.549432172413795,12.611207310344827,10.13244982862069,-6.239421041724137,13.807641036206896,-5.343180645517243,21.034905927586205,13.522734308620691,15.206664655172414,4.84111620275862,-3.521350017241379,-9.303690841379307,-18.822774279310345,-35.52473577931035,-19.52934458275862,-5.904715234482757,7.058393955172415,0.0,9.997883206896551,19.610115310344828,30.99687079310345,29.260596448275862,29.74877106896552,0.0,1.281625327586207,0.0,0.0055715192655172,0.0018105204068965,0.0078853347310344,0.0093781534965517,0.0130722224551724,0.0,0.0001673491275862
