mfcc1_sma3_1,mfcc1_sma3_2,mfcc1_sma3_3,mfcc1_sma3_4,mfcc1_sma3_5,mfcc1_sma3_6,mfcc1_sma3_7,mfcc1_sma3_8,mfcc2_sma3_1,mfcc2_sma3_2,mfcc2_sma3_3,mfcc2_sma3_4,mfcc2_sma3_5,mfcc2_sma3_6,mfcc2_sma3_7,mfcc2_sma3_8,mfcc3_sma3_1,mfcc3_sma3_2,mfcc3_sma3_3,mfcc3_sma3_4,mfcc3_sma3_5,mfcc3_sma3_6,mfcc3_sma3_7,mfcc3_sma3_8,mfcc4_sma3_1,mfcc4_sma3_2,mfcc4_sma3_3,mfcc4_sma3_4,mfcc4_sma3_5,mfcc4_sma3_6,mfcc4_sma3_7,mfcc4_sma3_8,F0semitoneFrom27.5Hz_sma3nz_1,F0semitoneFrom27.5Hz_sma3nz_2,F0semitoneFrom27.5Hz_sma3nz_3,F0semitoneFrom27.5Hz_sma3nz_4,F0semitoneFrom27.5Hz_sma3nz_5,F0semitoneFrom27.5Hz_sma3nz_6,F0semitoneFrom27.5Hz_sma3nz_7,F0semitoneFrom27.5Hz_sma3nz_8,jitterLocal_sma3nz_1,jitterLocal_sma3nz_2,jitterLocal_sma3nz_3,jitterLocal_sma3nz_4,jitterLocal_sma3nz_5,jitterLocal_sma3nz_6,jitterLocal_sma3nz_7,jitterLocal_sma3nz_8
22.939421166666666,18.4770851875,22.459635791666667,18.902186575,15.5393289625,10.041300329166669,13.686474463333331,13.478263154838707,28.055369791666667,5.892915854166667,-0.0179518499999998,-0.8191183141666666,-13.166933901666669,4.3190433375,-16.165923744166665,15.69145117419355,12.4488446875,-2.527003897083333,-12.466547,12.660073854166669,3.099979695833333,9.58235715,5.630415924458333,12.5524828,5.3846913125,-20.07751454583333,-11.34308893875,-2.1447283666666657,-20.1089651875,-15.508978341666667,1.9270145791666664,-2.9640469751612897,0.0,26.08817666666667,15.353222791666669,18.80293820833333,30.428535291666662,18.253152291666662,26.947839791666667,4.270358870967742,0.0,0.0364489558333333,0.00795600975,0.00474837175,0.0128438926416666,0.0040097598124999,0.0023763995666666,0.003014942032258
