mfcc1_sma3_1,mfcc1_sma3_2,mfcc1_sma3_3,mfcc1_sma3_4,mfcc1_sma3_5,mfcc1_sma3_6,mfcc1_sma3_7,mfcc1_sma3_8,mfcc2_sma3_1,mfcc2_sma3_2,mfcc2_sma3_3,mfcc2_sma3_4,mfcc2_sma3_5,mfcc2_sma3_6,mfcc2_sma3_7,mfcc2_sma3_8,mfcc3_sma3_1,mfcc3_sma3_2,mfcc3_sma3_3,mfcc3_sma3_4,mfcc3_sma3_5,mfcc3_sma3_6,mfcc3_sma3_7,mfcc3_sma3_8,mfcc4_sma3_1,mfcc4_sma3_2,mfcc4_sma3_3,mfcc4_sma3_4,mfcc4_sma3_5,mfcc4_sma3_6,mfcc4_sma3_7,mfcc4_sma3_8,F0semitoneFrom27.5Hz_sma3nz_1,F0semitoneFrom27.5Hz_sma3nz_2,F0semitoneFrom27.5Hz_sma3nz_3,F0semitoneFrom27.5Hz_sma3nz_4,F0semitoneFrom27.5Hz_sma3nz_5,F0semitoneFrom27.5Hz_sma3nz_6,F0semitoneFrom27.5Hz_sma3nz_7,F0semitoneFrom27.5Hz_sma3nz_8,jitterLocal_sma3nz_1,jitterLocal_sma3nz_2,jitterLocal_sma3nz_3,jitterLocal_sma3nz_4,jitterLocal_sma3nz_5,jitterLocal_sma3nz_6,jitterLocal_sma3nz_7,jitterLocal_sma3nz_8
15.979029645454547,21.123235231818175,27.96392768181818,30.04962322727272,24.95898106818182,29.18247954545455,21.786315681818177,22.63038486363636,5.152308604545455,13.638136117727273,-16.052406054545457,-4.06743234,4.278294904999999,-7.358835104545457,8.568364613636364,29.31322240909091,12.718749334545452,5.086460443636363,-13.855805200000002,-11.227269655818183,-5.576761007272727,-22.242543045454543,0.1760290136363639,14.88824468181818,6.816987581818182,0.6873577727272722,-4.580382615454545,-14.39817561363636,-24.23408309090909,-20.43035131818182,5.097121195454547,7.667628140909094,7.857285999999999,20.776113,35.90065327272728,19.384182818181817,16.6446365,3.0031192727272726,0.0,0.0,0.0095623677272727,0.0137211728636363,0.0322377390954545,0.0031444412,0.0025727009,0.0003481279,0.0,0.0
