mfcc1_sma3_1,mfcc1_sma3_2,mfcc1_sma3_3,mfcc1_sma3_4,mfcc1_sma3_5,mfcc1_sma3_6,mfcc1_sma3_7,mfcc1_sma3_8,mfcc2_sma3_1,mfcc2_sma3_2,mfcc2_sma3_3,mfcc2_sma3_4,mfcc2_sma3_5,mfcc2_sma3_6,mfcc2_sma3_7,mfcc2_sma3_8,mfcc3_sma3_1,mfcc3_sma3_2,mfcc3_sma3_3,mfcc3_sma3_4,mfcc3_sma3_5,mfcc3_sma3_6,mfcc3_sma3_7,mfcc3_sma3_8,mfcc4_sma3_1,mfcc4_sma3_2,mfcc4_sma3_3,mfcc4_sma3_4,mfcc4_sma3_5,mfcc4_sma3_6,mfcc4_sma3_7,mfcc4_sma3_8,F0semitoneFrom27.5Hz_sma3nz_1,F0semitoneFrom27.5Hz_sma3nz_2,F0semitoneFrom27.5Hz_sma3nz_3,F0semitoneFrom27.5Hz_sma3nz_4,F0semitoneFrom27.5Hz_sma3nz_5,F0semitoneFrom27.5Hz_sma3nz_6,F0semitoneFrom27.5Hz_sma3nz_7,F0semitoneFrom27.5Hz_sma3nz_8,jitterLocal_sma3nz_1,jitterLocal_sma3nz_2,jitterLocal_sma3nz_3,jitterLocal_sma3nz_4,jitterLocal_sma3nz_5,jitterLocal_sma3nz_6,jitterLocal_sma3nz_7,jitterLocal_sma3nz_8
21.543901148148144,24.25296914814815,21.263316518518515,21.344258,18.19976417851852,8.561554385185186,25.747725359259263,21.95273174074073,27.41155496296296,-11.818120877777776,-14.611149862962964,-2.995128562962963,7.920477533333334,1.097201655925926,13.294672596296298,26.863874333333328,13.20524762962963,-9.24496893925926,-10.926955775555554,7.666455648148148,13.883310507407408,18.51372287037037,18.967502111111116,12.75851447037037,6.140064507777777,-24.71787389259259,-40.268516740740736,-27.460591851851845,-13.519490280740738,-42.06170348148148,-15.745410737777778,6.978734125925926,2.843592185185185,38.402661592592594,42.86789492592592,37.15464514814816,31.04635637037037,29.53027396296297,12.830773999999998,0.0,0.0,0.0210642034814814,0.0217123751111111,0.022405843037037,0.0085219070518518,0.0095140180999999,0.0104544083703703,0.0
