mfcc1_sma3_1,mfcc1_sma3_2,mfcc1_sma3_3,mfcc1_sma3_4,mfcc1_sma3_5,mfcc1_sma3_6,mfcc1_sma3_7,mfcc1_sma3_8,mfcc2_sma3_1,mfcc2_sma3_2,mfcc2_sma3_3,mfcc2_sma3_4,mfcc2_sma3_5,mfcc2_sma3_6,mfcc2_sma3_7,mfcc2_sma3_8,mfcc3_sma3_1,mfcc3_sma3_2,mfcc3_sma3_3,mfcc3_sma3_4,mfcc3_sma3_5,mfcc3_sma3_6,mfcc3_sma3_7,mfcc3_sma3_8,mfcc4_sma3_1,mfcc4_sma3_2,mfcc4_sma3_3,mfcc4_sma3_4,mfcc4_sma3_5,mfcc4_sma3_6,mfcc4_sma3_7,mfcc4_sma3_8,F0semitoneFrom27.5Hz_sma3nz_1,F0semitoneFrom27.5Hz_sma3nz_2,F0semitoneFrom27.5Hz_sma3nz_3,F0semitoneFrom27.5Hz_sma3nz_4,F0semitoneFrom27.5Hz_sma3nz_5,F0semitoneFrom27.5Hz_sma3nz_6,F0semitoneFrom27.5Hz_sma3nz_7,F0semitoneFrom27.5Hz_sma3nz_8,jitterLocal_sma3nz_1,jitterLocal_sma3nz_2,jitterLocal_sma3nz_3,jitterLocal_sma3nz_4,jitterLocal_sma3nz_5,jitterLocal_sma3nz_6,jitterLocal_sma3nz_7,jitterLocal_sma3nz_8
21.491597772727275,20.62218236363637,12.37448350909091,14.399521436363637,10.024544542272729,19.521337345454544,36.047334000000006,27.858779642857144,24.336070454545453,17.636971454545456,3.931462448181818,5.156009527272727,11.95925887,9.124769827272727,6.356802662727275,12.479467946428567,14.527525499999998,12.668026531818183,15.579577477272728,0.680074584090909,19.92800285818182,-2.9248970545454545,-7.64351155,3.500562446285714,7.498717099999999,3.1647660944545453,-14.36327972409091,-15.41926610454545,-17.80559706136364,-6.521681465,-18.78117629272728,3.441950893571428,0.0,7.123429499999999,22.05424695454545,30.954758454545452,39.32096327272727,22.557998863636364,28.35526809090909,9.1092895,0.0,0.0085340636363636,0.0100167130227272,0.011999483340909,0.0167215681181818,0.0039539537045454,0.0276233306818181,0.0040403138571428
