mfcc1_sma3_1,mfcc1_sma3_2,mfcc1_sma3_3,mfcc1_sma3_4,mfcc1_sma3_5,mfcc1_sma3_6,mfcc1_sma3_7,mfcc1_sma3_8,mfcc2_sma3_1,mfcc2_sma3_2,mfcc2_sma3_3,mfcc2_sma3_4,mfcc2_sma3_5,mfcc2_sma3_6,mfcc2_sma3_7,mfcc2_sma3_8,mfcc3_sma3_1,mfcc3_sma3_2,mfcc3_sma3_3,mfcc3_sma3_4,mfcc3_sma3_5,mfcc3_sma3_6,mfcc3_sma3_7,mfcc3_sma3_8,mfcc4_sma3_1,mfcc4_sma3_2,mfcc4_sma3_3,mfcc4_sma3_4,mfcc4_sma3_5,mfcc4_sma3_6,mfcc4_sma3_7,mfcc4_sma3_8,F0semitoneFrom27.5Hz_sma3nz_1,F0semitoneFrom27.5Hz_sma3nz_2,F0semitoneFrom27.5Hz_sma3nz_3,F0semitoneFrom27.5Hz_sma3nz_4,F0semitoneFrom27.5Hz_sma3nz_5,F0semitoneFrom27.5Hz_sma3nz_6,F0semitoneFrom27.5Hz_sma3nz_7,F0semitoneFrom27.5Hz_sma3nz_8,jitterLocal_sma3nz_1,jitterLocal_sma3nz_2,jitterLocal_sma3nz_3,jitterLocal_sma3nz_4,jitterLocal_sma3nz_5,jitterLocal_sma3nz_6,jitterLocal_sma3nz_7,jitterLocal_sma3nz_8
21.138339777777784,15.44162324074074,27.6866010925926,21.916415018518524,17.9598152037037,22.31033066666667,23.969435777777772,21.006275703703704,25.33714725925925,26.21346088888889,0.941927837037037,-6.203862748148148,-4.708587703703704,-25.261397040740743,-1.0607800074074074,18.37632788888889,13.98490562962963,15.833434922222224,-14.538300774074074,-0.2460948488888886,13.470125065925926,1.9218328592592595,15.820734729629631,12.42707937037037,5.913400644444443,2.655943162962964,-25.28095847037037,-11.72422095962963,-23.58399200000001,-19.338161722222225,-20.779198259259264,8.70046328148148,0.0,3.105440925925925,29.383958962962964,17.695306037037035,29.21498625925926,24.06400781481481,30.248713407407404,0.0,0.0,0.0,0.0151683621037037,0.0076783461111111,0.0198037036185185,0.0092055563148148,0.0439764785555555,0.0
