mfcc1_sma3_1,mfcc1_sma3_2,mfcc1_sma3_3,mfcc1_sma3_4,mfcc1_sma3_5,mfcc1_sma3_6,mfcc1_sma3_7,mfcc1_sma3_8,mfcc2_sma3_1,mfcc2_sma3_2,mfcc2_sma3_3,mfcc2_sma3_4,mfcc2_sma3_5,mfcc2_sma3_6,mfcc2_sma3_7,mfcc2_sma3_8,mfcc3_sma3_1,mfcc3_sma3_2,mfcc3_sma3_3,mfcc3_sma3_4,mfcc3_sma3_5,mfcc3_sma3_6,mfcc3_sma3_7,mfcc3_sma3_8,mfcc4_sma3_1,mfcc4_sma3_2,mfcc4_sma3_3,mfcc4_sma3_4,mfcc4_sma3_5,mfcc4_sma3_6,mfcc4_sma3_7,mfcc4_sma3_8,F0semitoneFrom27.5Hz_sma3nz_1,F0semitoneFrom27.5Hz_sma3nz_2,F0semitoneFrom27.5Hz_sma3nz_3,F0semitoneFrom27.5Hz_sma3nz_4,F0semitoneFrom27.5Hz_sma3nz_5,F0semitoneFrom27.5Hz_sma3nz_6,F0semitoneFrom27.5Hz_sma3nz_7,F0semitoneFrom27.5Hz_sma3nz_8,jitterLocal_sma3nz_1,jitterLocal_sma3nz_2,jitterLocal_sma3nz_3,jitterLocal_sma3nz_4,jitterLocal_sma3nz_5,jitterLocal_sma3nz_6,jitterLocal_sma3nz_7,jitterLocal_sma3nz_8
24.8637215,23.44842325,25.53308020833333,31.687898625000003,25.68088913333333,30.13259583333333,30.86247725,17.031375889032255,8.245849683333333,0.5255490004166666,-30.99837447916667,-11.49359702,0.7282536875000002,10.471394729166668,7.520752049041666,25.39050032258064,10.940577366666666,12.446899562083331,0.0837555666666666,-0.9801151375000002,-2.8346874275000005,-2.428723077083333,3.180207569583333,11.095266583870966,-6.370354425,-28.069052691666663,-21.413158104166666,-20.843731820833334,-5.018518941458333,-3.5718981,-1.8250540675,3.554567112903226,18.704750166666667,39.56005916666667,43.69644979166667,27.019537250000003,28.926404833333333,15.353056666666667,4.0200699166666665,0.0,0.0048367038333333,0.0123424947166666,0.0132398983625,0.00955366805,0.0079432961666666,0.0055317555541666,0.0029510166666666,0.0
