mfcc1_sma3_1,mfcc1_sma3_2,mfcc1_sma3_3,mfcc1_sma3_4,mfcc1_sma3_5,mfcc1_sma3_6,mfcc1_sma3_7,mfcc1_sma3_8,mfcc2_sma3_1,mfcc2_sma3_2,mfcc2_sma3_3,mfcc2_sma3_4,mfcc2_sma3_5,mfcc2_sma3_6,mfcc2_sma3_7,mfcc2_sma3_8,mfcc3_sma3_1,mfcc3_sma3_2,mfcc3_sma3_3,mfcc3_sma3_4,mfcc3_sma3_5,mfcc3_sma3_6,mfcc3_sma3_7,mfcc3_sma3_8,mfcc4_sma3_1,mfcc4_sma3_2,mfcc4_sma3_3,mfcc4_sma3_4,mfcc4_sma3_5,mfcc4_sma3_6,mfcc4_sma3_7,mfcc4_sma3_8,F0semitoneFrom27.5Hz_sma3nz_1,F0semitoneFrom27.5Hz_sma3nz_2,F0semitoneFrom27.5Hz_sma3nz_3,F0semitoneFrom27.5Hz_sma3nz_4,F0semitoneFrom27.5Hz_sma3nz_5,F0semitoneFrom27.5Hz_sma3nz_6,F0semitoneFrom27.5Hz_sma3nz_7,F0semitoneFrom27.5Hz_sma3nz_8,jitterLocal_sma3nz_1,jitterLocal_sma3nz_2,jitterLocal_sma3nz_3,jitterLocal_sma3nz_4,jitterLocal_sma3nz_5,jitterLocal_sma3nz_6,jitterLocal_sma3nz_7,jitterLocal_sma3nz_8
22.918732540540542,15.85274358378378,1.275881078108108,14.30643540540541,19.187667124324324,29.168456000000003,22.153553486486484,21.34431151351351,20.76007239189189,-9.498899895945945,13.161249515945944,-19.605917821621627,-13.675615548648649,4.671245185675676,18.30873018918919,22.751992405405403,6.403763062162162,-3.577937100000001,13.064226713513516,-18.713522727027023,-20.05967547567567,-6.937973106486488,9.731466129729728,8.388129251351353,4.365272313243243,-5.6670482,0.9729882335135134,-14.3761670227027,-24.6857207,-1.73524624972973,1.3340852588378378,5.112200884324324,0.8432021621621621,35.369450621621624,20.22583781081081,38.22246718918919,37.49552378378378,16.32970208108108,0.0,0.0,0.0,0.0084090934054054,0.0085910905054054,0.0069915895189189,0.0121355629648648,0.006918569227027,0.0,0.0
