mfcc1_sma3_1,mfcc1_sma3_2,mfcc1_sma3_3,mfcc1_sma3_4,mfcc1_sma3_5,mfcc1_sma3_6,mfcc1_sma3_7,mfcc1_sma3_8,mfcc2_sma3_1,mfcc2_sma3_2,mfcc2_sma3_3,mfcc2_sma3_4,mfcc2_sma3_5,mfcc2_sma3_6,mfcc2_sma3_7,mfcc2_sma3_8,mfcc3_sma3_1,mfcc3_sma3_2,mfcc3_sma3_3,mfcc3_sma3_4,mfcc3_sma3_5,mfcc3_sma3_6,mfcc3_sma3_7,mfcc3_sma3_8,mfcc4_sma3_1,mfcc4_sma3_2,mfcc4_sma3_3,mfcc4_sma3_4,mfcc4_sma3_5,mfcc4_sma3_6,mfcc4_sma3_7,mfcc4_sma3_8,F0semitoneFrom27.5Hz_sma3nz_1,F0semitoneFrom27.5Hz_sma3nz_2,F0semitoneFrom27.5Hz_sma3nz_3,F0semitoneFrom27.5Hz_sma3nz_4,F0semitoneFrom27.5Hz_sma3nz_5,F0semitoneFrom27.5Hz_sma3nz_6,F0semitoneFrom27.5Hz_sma3nz_7,F0semitoneFrom27.5Hz_sma3nz_8,jitterLocal_sma3nz_1,jitterLocal_sma3nz_2,jitterLocal_sma3nz_3,jitterLocal_sma3nz_4,jitterLocal_sma3nz_5,jitterLocal_sma3nz_6,jitterLocal_sma3nz_7,jitterLocal_sma3nz_8
21.100655774193548,21.32031498387097,16.149441435483872,27.89224116129033,31.082734354838717,30.71250080645161,28.32952635483871,22.780718685714287,21.695442806451616,9.93990767483871,12.282937527419357,0.0595252469354835,4.016601240806453,21.019953870967747,18.365992722580653,21.3143702,12.718903351612903,20.94944094516129,20.09926371000001,-26.291510554838712,-15.706795973677416,2.4100504774193547,-13.186993767741937,6.012914971428571,7.532985264516128,-8.656446054838709,-9.20658663548387,-25.4395789032258,-19.467098552258065,-11.24307313870968,-38.22959487096774,-5.570989588571429,0.0,17.757226774193548,21.175549387096776,37.57204119354838,21.588163483870968,23.142586064516127,25.89971438709677,0.0,0.0,0.0084168209806451,0.0148895538387096,0.0109526719129032,0.0096766169838709,0.0127397197870967,0.0203452029806451,0.0
