mfcc1_sma3_1,mfcc1_sma3_2,mfcc1_sma3_3,mfcc1_sma3_4,mfcc1_sma3_5,mfcc1_sma3_6,mfcc1_sma3_7,mfcc1_sma3_8,mfcc2_sma3_1,mfcc2_sma3_2,mfcc2_sma3_3,mfcc2_sma3_4,mfcc2_sma3_5,mfcc2_sma3_6,mfcc2_sma3_7,mfcc2_sma3_8,mfcc3_sma3_1,mfcc3_sma3_2,mfcc3_sma3_3,mfcc3_sma3_4,mfcc3_sma3_5,mfcc3_sma3_6,mfcc3_sma3_7,mfcc3_sma3_8,mfcc4_sma3_1,mfcc4_sma3_2,mfcc4_sma3_3,mfcc4_sma3_4,mfcc4_sma3_5,mfcc4_sma3_6,mfcc4_sma3_7,mfcc4_sma3_8,F0semitoneFrom27.5Hz_sma3nz_1,F0semitoneFrom27.5Hz_sma3nz_2,F0semitoneFrom27.5Hz_sma3nz_3,F0semitoneFrom27.5Hz_sma3nz_4,F0semitoneFrom27.5Hz_sma3nz_5,F0semitoneFrom27.5Hz_sma3nz_6,F0semitoneFrom27.5Hz_sma3nz_7,F0semitoneFrom27.5Hz_sma3nz_8,jitterLocal_sma3nz_1,jitterLocal_sma3nz_2,jitterLocal_sma3nz_3,jitterLocal_sma3nz_4,jitterLocal_sma3nz_5,jitterLocal_sma3nz_6,jitterLocal_sma3nz_7,jitterLocal_sma3nz_8
19.848013804761905,14.91374563904762,28.454866095238096,27.538884952380958,28.265961809523816,23.924839761904764,21.937933047619044,22.19597364,17.393666761904758,16.991386595238094,5.634552299047619,5.42861475952381,-4.6295391071428575,9.378455542857145,16.78520461904762,16.65664864,8.376865385714286,1.3395875347619046,-10.21872053809524,0.0601506438095238,-13.685713,1.8052320804761903,6.529006985714285,6.690359832,8.57226221904762,5.089361704761905,-19.798942190476183,-2.824155143714285,-14.41489178857143,11.022134193333333,10.337903933333331,7.423068996,0.0,17.90297566666667,34.98111676190476,25.94344876190476,21.064256904761905,0.0,0.0,0.0,0.0,0.0046813473333333,0.0153735444142857,0.0124787742666666,0.0067510970238095,0.0,0.0,0.0
