mfcc1_sma3_1,mfcc1_sma3_2,mfcc1_sma3_3,mfcc1_sma3_4,mfcc1_sma3_5,mfcc1_sma3_6,mfcc1_sma3_7,mfcc1_sma3_8,mfcc2_sma3_1,mfcc2_sma3_2,mfcc2_sma3_3,mfcc2_sma3_4,mfcc2_sma3_5,mfcc2_sma3_6,mfcc2_sma3_7,mfcc2_sma3_8,mfcc3_sma3_1,mfcc3_sma3_2,mfcc3_sma3_3,mfcc3_sma3_4,mfcc3_sma3_5,mfcc3_sma3_6,mfcc3_sma3_7,mfcc3_sma3_8,mfcc4_sma3_1,mfcc4_sma3_2,mfcc4_sma3_3,mfcc4_sma3_4,mfcc4_sma3_5,mfcc4_sma3_6,mfcc4_sma3_7,mfcc4_sma3_8,F0semitoneFrom27.5Hz_sma3nz_1,F0semitoneFrom27.5Hz_sma3nz_2,F0semitoneFrom27.5Hz_sma3nz_3,F0semitoneFrom27.5Hz_sma3nz_4,F0semitoneFrom27.5Hz_sma3nz_5,F0semitoneFrom27.5Hz_sma3nz_6,F0semitoneFrom27.5Hz_sma3nz_7,F0semitoneFrom27.5Hz_sma3nz_8,jitterLocal_sma3nz_1,jitterLocal_sma3nz_2,jitterLocal_sma3nz_3,jitterLocal_sma3nz_4,jitterLocal_sma3nz_5,jitterLocal_sma3nz_6,jitterLocal_sma3nz_7,jitterLocal_sma3nz_8
20.979780148148148,26.428613962962963,35.20278866666667,14.685736444444444,8.65530987037037,14.299899151851854,6.791723784444445,19.929593621212124,18.36594888888889,9.510380627407407,13.738092343703704,-2.10928378037037,14.986931306444443,-19.5591551,8.773641244444445,18.662964409090907,10.32069706666667,-2.1332051244444448,-5.643006778148147,10.063425975555552,15.155808414814816,9.413331788888891,13.082024696296298,11.046369551515152,7.182427783333334,-13.092837092592593,-8.91401868037037,-19.5058835925926,-6.666709428237035,-21.316013688888884,-12.057156392592594,6.900250907575757,0.0,21.77967922222222,23.470018703703705,32.37441322222222,13.524492111111112,29.69030888888889,8.427116555555555,0.0,0.0,0.0109307672592592,0.0141590418888888,0.0107546912222222,0.0083267335,0.005363118837037,0.0032652932407407,0.0
