mfcc1_sma3_1,mfcc1_sma3_2,mfcc1_sma3_3,mfcc1_sma3_4,mfcc1_sma3_5,mfcc1_sma3_6,mfcc1_sma3_7,mfcc1_sma3_8,mfcc2_sma3_1,mfcc2_sma3_2,mfcc2_sma3_3,mfcc2_sma3_4,mfcc2_sma3_5,mfcc2_sma3_6,mfcc2_sma3_7,mfcc2_sma3_8,mfcc3_sma3_1,mfcc3_sma3_2,mfcc3_sma3_3,mfcc3_sma3_4,mfcc3_sma3_5,mfcc3_sma3_6,mfcc3_sma3_7,mfcc3_sma3_8,mfcc4_sma3_1,mfcc4_sma3_2,mfcc4_sma3_3,mfcc4_sma3_4,mfcc4_sma3_5,mfcc4_sma3_6,mfcc4_sma3_7,mfcc4_sma3_8,F0semitoneFrom27.5Hz_sma3nz_1,F0semitoneFrom27.5Hz_sma3nz_2,F0semitoneFrom27.5Hz_sma3nz_3,F0semitoneFrom27.5Hz_sma3nz_4,F0semitoneFrom27.5Hz_sma3nz_5,F0semitoneFrom27.5Hz_sma3nz_6,F0semitoneFrom27.5Hz_sma3nz_7,F0semitoneFrom27.5Hz_sma3nz_8,jitterLocal_sma3nz_1,jitterLocal_sma3nz_2,jitterLocal_sma3nz_3,jitterLocal_sma3nz_4,jitterLocal_sma3nz_5,jitterLocal_sma3nz_6,jitterLocal_sma3nz_7,jitterLocal_sma3nz_8
19.082580371428573,27.107790392857144,29.51941357142857,29.36670253571428,19.15036876785714,29.682610035714283,22.22926867857143,22.853378107142856,17.870507335714287,5.272147128571428,0.1335136407142858,0.184229110714286,24.207762046428567,16.941599785714285,17.938923732142857,18.13610660714286,11.257826570714286,9.21108557025,-0.5604076284642857,-2.6178732982142856,5.1754126071428574,3.3730907542857147,8.822885432142858,10.350051796428572,6.716976892857143,2.6925044042857142,-1.697702321785714,2.162901060928572,7.316384053571428,-2.589413948928571,6.102928333214285,9.936837092857145,0.0,6.846565892857143,0.0,3.0291416785714285,5.36569325,5.999426499999999,0.0,0.0,0.0,0.0045296290714285,0.0,0.0,0.0032954741071428,0.0039277339821428,0.0,0.0
