mfcc1_sma3_1,mfcc1_sma3_2,mfcc1_sma3_3,mfcc1_sma3_4,mfcc1_sma3_5,mfcc1_sma3_6,mfcc1_sma3_7,mfcc1_sma3_8,mfcc2_sma3_1,mfcc2_sma3_2,mfcc2_sma3_3,mfcc2_sma3_4,mfcc2_sma3_5,mfcc2_sma3_6,mfcc2_sma3_7,mfcc2_sma3_8,mfcc3_sma3_1,mfcc3_sma3_2,mfcc3_sma3_3,mfcc3_sma3_4,mfcc3_sma3_5,mfcc3_sma3_6,mfcc3_sma3_7,mfcc3_sma3_8,mfcc4_sma3_1,mfcc4_sma3_2,mfcc4_sma3_3,mfcc4_sma3_4,mfcc4_sma3_5,mfcc4_sma3_6,mfcc4_sma3_7,mfcc4_sma3_8,F0semitoneFrom27.5Hz_sma3nz_1,F0semitoneFrom27.5Hz_sma3nz_2,F0semitoneFrom27.5Hz_sma3nz_3,F0semitoneFrom27.5Hz_sma3nz_4,F0semitoneFrom27.5Hz_sma3nz_5,F0semitoneFrom27.5Hz_sma3nz_6,F0semitoneFrom27.5Hz_sma3nz_7,F0semitoneFrom27.5Hz_sma3nz_8,jitterLocal_sma3nz_1,jitterLocal_sma3nz_2,jitterLocal_sma3nz_3,jitterLocal_sma3nz_4,jitterLocal_sma3nz_5,jitterLocal_sma3nz_6,jitterLocal_sma3nz_7,jitterLocal_sma3nz_8
22.27772308333333,27.194051583333334,32.192516708333336,26.938128229166665,39.66916470833333,9.587924190833332,37.02627591666667,28.57859916129032,23.86787025,5.4146854766666666,-2.023826383333333,9.162132251383332,0.839786154166667,22.359153000000003,22.192923208333337,26.27902587096774,13.941889291666667,21.372086183333334,-18.460248891666662,11.468662858333332,-10.700644358333331,7.36935715,-9.372568454166666,4.884694775806451,7.440822129166666,-4.614235,-21.557407875,-6.6132378916666665,-35.60815066666667,-7.480527041249999,-47.519830875,-20.19481358645161,0.0,28.630903250000003,37.893094375,33.169985458333336,34.08768654166667,13.463788875,29.13971870833333,0.0,0.0,0.0133888956666666,0.0134431194416666,0.0230738928583333,0.0191696228375,0.0130884822083333,0.0346405390958333,0.0
