mfcc1_sma3_1,mfcc1_sma3_2,mfcc1_sma3_3,mfcc1_sma3_4,mfcc1_sma3_5,mfcc1_sma3_6,mfcc1_sma3_7,mfcc1_sma3_8,mfcc2_sma3_1,mfcc2_sma3_2,mfcc2_sma3_3,mfcc2_sma3_4,mfcc2_sma3_5,mfcc2_sma3_6,mfcc2_sma3_7,mfcc2_sma3_8,mfcc3_sma3_1,mfcc3_sma3_2,mfcc3_sma3_3,mfcc3_sma3_4,mfcc3_sma3_5,mfcc3_sma3_6,mfcc3_sma3_7,mfcc3_sma3_8,mfcc4_sma3_1,mfcc4_sma3_2,mfcc4_sma3_3,mfcc4_sma3_4,mfcc4_sma3_5,mfcc4_sma3_6,mfcc4_sma3_7,mfcc4_sma3_8,F0semitoneFrom27.5Hz_sma3nz_1,F0semitoneFrom27.5Hz_sma3nz_2,F0semitoneFrom27.5Hz_sma3nz_3,F0semitoneFrom27.5Hz_sma3nz_4,F0semitoneFrom27.5Hz_sma3nz_5,F0semitoneFrom27.5Hz_sma3nz_6,F0semitoneFrom27.5Hz_sma3nz_7,F0semitoneFrom27.5Hz_sma3nz_8,jitterLocal_sma3nz_1,jitterLocal_sma3nz_2,jitterLocal_sma3nz_3,jitterLocal_sma3nz_4,jitterLocal_sma3nz_5,jitterLocal_sma3nz_6,jitterLocal_sma3nz_7,jitterLocal_sma3nz_8
24.75794147368421,43.140819368421056,37.24916194736843,24.845714315789472,24.714702221052637,35.68761063157894,36.28533373684211,13.560316027307694,9.895137157894736,-0.7837682842105264,-0.1083521521052632,16.63649626315789,16.548407345263154,-0.709604847368421,6.219539352631579,21.21029873076923,3.6338466631578954,-12.608207010526316,-18.109599,4.748334413157895,6.2567895947368415,-8.909812701578948,-20.375833594736843,12.425182096153849,-5.9319985936842095,-18.31052191052632,-13.071365963157891,-6.743389343157895,-3.1578376631578946,-20.55639521052631,-30.557771684210525,-6.698501625769231,12.808505263157894,22.20079694736842,24.275142736842103,28.775405684210533,16.999139789473684,20.07773236842105,3.844930736842105,0.0,0.0001933525894736,0.0033622984842105,0.0123587421421052,0.0160179093157894,0.0090520924736842,0.0181446078947368,0.0005232744736842,0.0
