mfcc1_sma3_1,mfcc1_sma3_2,mfcc1_sma3_3,mfcc1_sma3_4,mfcc1_sma3_5,mfcc1_sma3_6,mfcc1_sma3_7,mfcc1_sma3_8,mfcc2_sma3_1,mfcc2_sma3_2,mfcc2_sma3_3,mfcc2_sma3_4,mfcc2_sma3_5,mfcc2_sma3_6,mfcc2_sma3_7,mfcc2_sma3_8,mfcc3_sma3_1,mfcc3_sma3_2,mfcc3_sma3_3,mfcc3_sma3_4,mfcc3_sma3_5,mfcc3_sma3_6,mfcc3_sma3_7,mfcc3_sma3_8,mfcc4_sma3_1,mfcc4_sma3_2,mfcc4_sma3_3,mfcc4_sma3_4,mfcc4_sma3_5,mfcc4_sma3_6,mfcc4_sma3_7,mfcc4_sma3_8,F0semitoneFrom27.5Hz_sma3nz_1,F0semitoneFrom27.5Hz_sma3nz_2,F0semitoneFrom27.5Hz_sma3nz_3,F0semitoneFrom27.5Hz_sma3nz_4,F0semitoneFrom27.5Hz_sma3nz_5,F0semitoneFrom27.5Hz_sma3nz_6,F0semitoneFrom27.5Hz_sma3nz_7,F0semitoneFrom27.5Hz_sma3nz_8,jitterLocal_sma3nz_1,jitterLocal_sma3nz_2,jitterLocal_sma3nz_3,jitterLocal_sma3nz_4,jitterLocal_sma3nz_5,jitterLocal_sma3nz_6,jitterLocal_sma3nz_7,jitterLocal_sma3nz_8
23.89538940909091,35.770732227272724,35.84045436363637,29.492790363636367,44.47108304545456,16.229635145454548,39.58884872727272,22.82705768181817,19.726698045454548,1.5277671828636363,11.435186015,13.739257719545453,6.286059336363638,19.41452093181818,21.096853340909096,23.689854227272725,21.73483625,12.513583618863636,-1.836914410909091,19.779244568181817,-9.570147318181816,12.787916,-4.626262657272727,10.2817956,5.9985995090909086,9.480187659090909,-7.024570536363635,1.612979597727273,-26.424026613636364,-14.505503922727272,-36.53614136363636,-3.0333253839999994,12.474608,22.862271545454544,27.952191045454548,19.535043863636364,24.61963113636364,6.314891772727273,16.606266,0.0,0.0061149311636363,0.0277697549545454,0.0327279884681818,0.0182193564136363,0.0172216330454545,0.0012494979090909,0.0116098236363636,0.0
