mfcc1_sma3_1,mfcc1_sma3_2,mfcc1_sma3_3,mfcc1_sma3_4,mfcc1_sma3_5,mfcc1_sma3_6,mfcc1_sma3_7,mfcc1_sma3_8,mfcc2_sma3_1,mfcc2_sma3_2,mfcc2_sma3_3,mfcc2_sma3_4,mfcc2_sma3_5,mfcc2_sma3_6,mfcc2_sma3_7,mfcc2_sma3_8,mfcc3_sma3_1,mfcc3_sma3_2,mfcc3_sma3_3,mfcc3_sma3_4,mfcc3_sma3_5,mfcc3_sma3_6,mfcc3_sma3_7,mfcc3_sma3_8,mfcc4_sma3_1,mfcc4_sma3_2,mfcc4_sma3_3,mfcc4_sma3_4,mfcc4_sma3_5,mfcc4_sma3_6,mfcc4_sma3_7,mfcc4_sma3_8,F0semitoneFrom27.5Hz_sma3nz_1,F0semitoneFrom27.5Hz_sma3nz_2,F0semitoneFrom27.5Hz_sma3nz_3,F0semitoneFrom27.5Hz_sma3nz_4,F0semitoneFrom27.5Hz_sma3nz_5,F0semitoneFrom27.5Hz_sma3nz_6,F0semitoneFrom27.5Hz_sma3nz_7,F0semitoneFrom27.5Hz_sma3nz_8,jitterLocal_sma3nz_1,jitterLocal_sma3nz_2,jitterLocal_sma3nz_3,jitterLocal_sma3nz_4,jitterLocal_sma3nz_5,jitterLocal_sma3nz_6,jitterLocal_sma3nz_7,jitterLocal_sma3nz_8
17.794659503703702,12.374459425925927,9.13876619074074,10.04180412962963,13.962354962962964,11.71241517037037,20.12476240740741,16.833878870000003,24.457571333333323,5.510627128518518,-14.300274807407408,0.4608316659259259,-23.34875855555556,-29.843289851851857,-21.1564487037037,-2.0050160703333333,12.43328912962963,20.193082333333333,-1.41979280962963,-3.903291567518519,-14.833270033333337,-17.726857444444445,-21.09392243074074,-13.818694913333331,7.669711018518519,7.54780686925926,-8.959240166666667,-0.9477270185185186,-16.69636737037037,-16.802288407407406,-7.928854177777778,-18.353298533333334,0.0,0.0,35.803137407407405,7.689476666666668,31.44840440740741,39.904557,22.900925333333337,13.7119835,0.0,0.0,0.1054139792592592,0.0021625224444444,0.0242619208888888,0.0196636705185185,0.028271982037037,0.0134383674333333
