mfcc1_sma3_1,mfcc1_sma3_2,mfcc1_sma3_3,mfcc1_sma3_4,mfcc1_sma3_5,mfcc1_sma3_6,mfcc1_sma3_7,mfcc1_sma3_8,mfcc2_sma3_1,mfcc2_sma3_2,mfcc2_sma3_3,mfcc2_sma3_4,mfcc2_sma3_5,mfcc2_sma3_6,mfcc2_sma3_7,mfcc2_sma3_8,mfcc3_sma3_1,mfcc3_sma3_2,mfcc3_sma3_3,mfcc3_sma3_4,mfcc3_sma3_5,mfcc3_sma3_6,mfcc3_sma3_7,mfcc3_sma3_8,mfcc4_sma3_1,mfcc4_sma3_2,mfcc4_sma3_3,mfcc4_sma3_4,mfcc4_sma3_5,mfcc4_sma3_6,mfcc4_sma3_7,mfcc4_sma3_8,F0semitoneFrom27.5Hz_sma3nz_1,F0semitoneFrom27.5Hz_sma3nz_2,F0semitoneFrom27.5Hz_sma3nz_3,F0semitoneFrom27.5Hz_sma3nz_4,F0semitoneFrom27.5Hz_sma3nz_5,F0semitoneFrom27.5Hz_sma3nz_6,F0semitoneFrom27.5Hz_sma3nz_7,F0semitoneFrom27.5Hz_sma3nz_8,jitterLocal_sma3nz_1,jitterLocal_sma3nz_2,jitterLocal_sma3nz_3,jitterLocal_sma3nz_4,jitterLocal_sma3nz_5,jitterLocal_sma3nz_6,jitterLocal_sma3nz_7,jitterLocal_sma3nz_8
22.87859482142857,17.907244607142857,19.069542125,19.65973453571429,21.80352410714286,7.523021827857144,26.8516525,22.6545999,26.61294296428572,19.64035331428571,-10.735171028571427,0.8692565785714287,5.445824286071429,18.460185482142855,24.34987725,25.38308053333333,11.699943764285717,22.30233397857143,-2.5497371785714287,10.01540186857143,-3.787321842857143,1.2940330539285712,3.57004017325,13.460395083333337,5.432207996428572,2.686541965714286,-8.073119355,-19.19898170142857,-57.28939596428571,-23.70968815,-52.25478555035715,7.425275038333333,0.0,5.635028785714286,31.24034732142857,34.82793257142857,31.744692178571427,12.829925535714285,0.0,0.0,0.0,0.0007683307142857,0.0227863551285714,0.0117713631142857,0.0124550846321428,0.0017776468892857,0.0,0.0
