mfcc1_sma3_1,mfcc1_sma3_2,mfcc1_sma3_3,mfcc1_sma3_4,mfcc1_sma3_5,mfcc1_sma3_6,mfcc1_sma3_7,mfcc1_sma3_8,mfcc2_sma3_1,mfcc2_sma3_2,mfcc2_sma3_3,mfcc2_sma3_4,mfcc2_sma3_5,mfcc2_sma3_6,mfcc2_sma3_7,mfcc2_sma3_8,mfcc3_sma3_1,mfcc3_sma3_2,mfcc3_sma3_3,mfcc3_sma3_4,mfcc3_sma3_5,mfcc3_sma3_6,mfcc3_sma3_7,mfcc3_sma3_8,mfcc4_sma3_1,mfcc4_sma3_2,mfcc4_sma3_3,mfcc4_sma3_4,mfcc4_sma3_5,mfcc4_sma3_6,mfcc4_sma3_7,mfcc4_sma3_8,F0semitoneFrom27.5Hz_sma3nz_1,F0semitoneFrom27.5Hz_sma3nz_2,F0semitoneFrom27.5Hz_sma3nz_3,F0semitoneFrom27.5Hz_sma3nz_4,F0semitoneFrom27.5Hz_sma3nz_5,F0semitoneFrom27.5Hz_sma3nz_6,F0semitoneFrom27.5Hz_sma3nz_7,F0semitoneFrom27.5Hz_sma3nz_8,jitterLocal_sma3nz_1,jitterLocal_sma3nz_2,jitterLocal_sma3nz_3,jitterLocal_sma3nz_4,jitterLocal_sma3nz_5,jitterLocal_sma3nz_6,jitterLocal_sma3nz_7,jitterLocal_sma3nz_8
23.24518869565217,21.631787391304343,25.19612486956522,31.31875573913044,17.126019739130435,21.50746557826087,27.91592252173913,22.3901125,27.201828826086963,20.55595069565217,-5.905944924782609,-1.3268441639130435,16.159854806521736,5.0038376782608704,5.31839802173913,25.165755214285717,14.201959956521735,11.539079395652177,2.498956826782609,7.49017257826087,10.471506008695654,7.640324956521738,-2.520318353913044,12.443033857142854,7.9029812,4.262449071304348,-18.74436714347826,-13.74899312173913,6.34865325652174,-3.355209852173914,-14.321049869565218,7.7732316975,0.0,0.0,21.44232817391304,26.04377791304348,9.77403891304348,4.4818488260869564,5.148665086956521,0.0,0.0,0.0,0.0344895784782608,0.0196256099391304,0.0073630807608695,0.0021337194782608,0.0020061749565217,0.0
