mfcc1_sma3_1,mfcc1_sma3_2,mfcc1_sma3_3,mfcc1_sma3_4,mfcc1_sma3_5,mfcc1_sma3_6,mfcc1_sma3_7,mfcc1_sma3_8,mfcc2_sma3_1,mfcc2_sma3_2,mfcc2_sma3_3,mfcc2_sma3_4,mfcc2_sma3_5,mfcc2_sma3_6,mfcc2_sma3_7,mfcc2_sma3_8,mfcc3_sma3_1,mfcc3_sma3_2,mfcc3_sma3_3,mfcc3_sma3_4,mfcc3_sma3_5,mfcc3_sma3_6,mfcc3_sma3_7,mfcc3_sma3_8,mfcc4_sma3_1,mfcc4_sma3_2,mfcc4_sma3_3,mfcc4_sma3_4,mfcc4_sma3_5,mfcc4_sma3_6,mfcc4_sma3_7,mfcc4_sma3_8,F0semitoneFrom27.5Hz_sma3nz_1,F0semitoneFrom27.5Hz_sma3nz_2,F0semitoneFrom27.5Hz_sma3nz_3,F0semitoneFrom27.5Hz_sma3nz_4,F0semitoneFrom27.5Hz_sma3nz_5,F0semitoneFrom27.5Hz_sma3nz_6,F0semitoneFrom27.5Hz_sma3nz_7,F0semitoneFrom27.5Hz_sma3nz_8,jitterLocal_sma3nz_1,jitterLocal_sma3nz_2,jitterLocal_sma3nz_3,jitterLocal_sma3nz_4,jitterLocal_sma3nz_5,jitterLocal_sma3nz_6,jitterLocal_sma3nz_7,jitterLocal_sma3nz_8
22.559037545454547,26.431556909090908,25.585841181818186,32.12567006060606,29.39519321212121,20.26103945454545,19.733528333333336,21.94114991428572,26.76451521212121,-0.2450119284848483,-4.063638342575758,12.469436519090912,-2.4743646290909087,5.019529348484848,3.278414206969696,25.617584142857144,12.726585,0.5768995624242425,5.426715048484848,11.222719276666666,-9.50629677121212,-8.47245151969697,7.115694909090908,11.368804893142858,7.140011793939394,-10.21421890090909,-19.685471369696973,-29.47015041121212,-24.56076971030303,-49.70458781818182,-0.0429520039393939,6.288692805714286,0.0,21.213540424242424,32.37516345454546,32.97069127272727,25.81304745454545,16.86730812121212,0.0,0.0,0.0,0.0127241554848484,0.0134800243787878,0.0085436111515151,0.0048211215666666,0.0073395642727272,0.0,0.0
