mfcc1_sma3_1,mfcc1_sma3_2,mfcc1_sma3_3,mfcc1_sma3_4,mfcc1_sma3_5,mfcc1_sma3_6,mfcc1_sma3_7,mfcc1_sma3_8,mfcc2_sma3_1,mfcc2_sma3_2,mfcc2_sma3_3,mfcc2_sma3_4,mfcc2_sma3_5,mfcc2_sma3_6,mfcc2_sma3_7,mfcc2_sma3_8,mfcc3_sma3_1,mfcc3_sma3_2,mfcc3_sma3_3,mfcc3_sma3_4,mfcc3_sma3_5,mfcc3_sma3_6,mfcc3_sma3_7,mfcc3_sma3_8,mfcc4_sma3_1,mfcc4_sma3_2,mfcc4_sma3_3,mfcc4_sma3_4,mfcc4_sma3_5,mfcc4_sma3_6,mfcc4_sma3_7,mfcc4_sma3_8,F0semitoneFrom27.5Hz_sma3nz_1,F0semitoneFrom27.5Hz_sma3nz_2,F0semitoneFrom27.5Hz_sma3nz_3,F0semitoneFrom27.5Hz_sma3nz_4,F0semitoneFrom27.5Hz_sma3nz_5,F0semitoneFrom27.5Hz_sma3nz_6,F0semitoneFrom27.5Hz_sma3nz_7,F0semitoneFrom27.5Hz_sma3nz_8,jitterLocal_sma3nz_1,jitterLocal_sma3nz_2,jitterLocal_sma3nz_3,jitterLocal_sma3nz_4,jitterLocal_sma3nz_5,jitterLocal_sma3nz_6,jitterLocal_sma3nz_7,jitterLocal_sma3nz_8
19.12530487904761,23.487402714285714,19.662535761904763,20.998453047619048,17.24088575238095,20.14644423809524,20.305159776190475,21.1138324,21.068134785714285,-2.674900523809524,-28.66677861904762,-16.13376135714286,-6.256552261904762,-22.76424585714286,-17.981225614285712,10.8647979,10.081177019047615,-6.520113270476191,-5.010403080952381,6.025479580476191,-13.603281656190475,-24.602293666666665,-6.066488709523808,9.388018952,8.171430828571427,-33.17962346857143,-21.769810000000003,-17.89577064761905,-40.53710985714286,-42.39790612380952,-2.799295051190476,8.429163216,27.29921076190476,37.76830790476191,41.34743904761905,28.60418223809524,30.471156523809523,20.264100809523807,0.0,0.0,0.0141523350714285,0.0170371592666666,0.0092664264666666,0.0102216733333333,0.0036704342380952,0.0031940375809523,0.0,0.0
