mfcc1_sma3_1,mfcc1_sma3_2,mfcc1_sma3_3,mfcc1_sma3_4,mfcc1_sma3_5,mfcc1_sma3_6,mfcc1_sma3_7,mfcc1_sma3_8,mfcc2_sma3_1,mfcc2_sma3_2,mfcc2_sma3_3,mfcc2_sma3_4,mfcc2_sma3_5,mfcc2_sma3_6,mfcc2_sma3_7,mfcc2_sma3_8,mfcc3_sma3_1,mfcc3_sma3_2,mfcc3_sma3_3,mfcc3_sma3_4,mfcc3_sma3_5,mfcc3_sma3_6,mfcc3_sma3_7,mfcc3_sma3_8,mfcc4_sma3_1,mfcc4_sma3_2,mfcc4_sma3_3,mfcc4_sma3_4,mfcc4_sma3_5,mfcc4_sma3_6,mfcc4_sma3_7,mfcc4_sma3_8,F0semitoneFrom27.5Hz_sma3nz_1,F0semitoneFrom27.5Hz_sma3nz_2,F0semitoneFrom27.5Hz_sma3nz_3,F0semitoneFrom27.5Hz_sma3nz_4,F0semitoneFrom27.5Hz_sma3nz_5,F0semitoneFrom27.5Hz_sma3nz_6,F0semitoneFrom27.5Hz_sma3nz_7,F0semitoneFrom27.5Hz_sma3nz_8,jitterLocal_sma3nz_1,jitterLocal_sma3nz_2,jitterLocal_sma3nz_3,jitterLocal_sma3nz_4,jitterLocal_sma3nz_5,jitterLocal_sma3nz_6,jitterLocal_sma3nz_7,jitterLocal_sma3nz_8
21.646159243243243,19.899036824324323,24.795537567567564,31.20395791891892,26.504977978378378,23.27155367675676,22.090733227027027,19.787398651162796,25.84289045945945,13.95119517837838,3.031030814756757,7.609735435675675,6.227080052702704,15.851424570270268,14.567707994594596,23.234757639534884,14.030796091891894,12.941906313513512,14.267848992162165,0.7528884064324326,-0.4875704135135131,11.003504075675677,12.221659589189189,14.730712116279069,8.778869327027026,2.747690751732433,-1.031976435135135,-13.64107925837838,-6.006141321081081,-2.8154701593783797,1.327533414432433,7.3601983,0.0,6.468194513513513,12.261210216216217,28.084677459459456,9.379286702702702,14.572260702702703,16.637157081081078,0.0,0.0,0.0028811568918918,0.0083246453783783,0.0107830838675675,0.007379275054054,0.0091608518297297,0.0076834983486486,0.0
