mfcc1_sma3_1,mfcc1_sma3_2,mfcc1_sma3_3,mfcc1_sma3_4,mfcc1_sma3_5,mfcc1_sma3_6,mfcc1_sma3_7,mfcc1_sma3_8,mfcc2_sma3_1,mfcc2_sma3_2,mfcc2_sma3_3,mfcc2_sma3_4,mfcc2_sma3_5,mfcc2_sma3_6,mfcc2_sma3_7,mfcc2_sma3_8,mfcc3_sma3_1,mfcc3_sma3_2,mfcc3_sma3_3,mfcc3_sma3_4,mfcc3_sma3_5,mfcc3_sma3_6,mfcc3_sma3_7,mfcc3_sma3_8,mfcc4_sma3_1,mfcc4_sma3_2,mfcc4_sma3_3,mfcc4_sma3_4,mfcc4_sma3_5,mfcc4_sma3_6,mfcc4_sma3_7,mfcc4_sma3_8,F0semitoneFrom27.5Hz_sma3nz_1,F0semitoneFrom27.5Hz_sma3nz_2,F0semitoneFrom27.5Hz_sma3nz_3,F0semitoneFrom27.5Hz_sma3nz_4,F0semitoneFrom27.5Hz_sma3nz_5,F0semitoneFrom27.5Hz_sma3nz_6,F0semitoneFrom27.5Hz_sma3nz_7,F0semitoneFrom27.5Hz_sma3nz_8,jitterLocal_sma3nz_1,jitterLocal_sma3nz_2,jitterLocal_sma3nz_3,jitterLocal_sma3nz_4,jitterLocal_sma3nz_5,jitterLocal_sma3nz_6,jitterLocal_sma3nz_7,jitterLocal_sma3nz_8
25.162067200000003,25.3540843,31.318867866666665,29.32317820666666,19.6978334195,29.22553422666666,25.5874348,24.78581475,23.638319666666668,19.92973205,11.26378173333333,20.551850600000005,18.39971741333333,27.057047066666662,26.20473516666667,26.1035883125,14.771077766666668,15.377743876666663,7.366818901999999,16.505102813999997,18.193766616,11.27598088333333,12.559642786666666,11.439284490625,9.660326193333333,13.251540603333334,5.604326468,-1.7414152736666666,-4.0477350450000005,-10.818415639,3.893620599666667,5.7149875675,0.0,11.370285466666669,23.252732466666668,22.434236833333333,8.6574021,10.956454,0.0,0.0,0.0,0.0042852921333333,0.0144734759,0.00796242314,0.0072299567333333,0.0052274342666666,0.0,0.0
