mfcc1_sma3_1,mfcc1_sma3_2,mfcc1_sma3_3,mfcc1_sma3_4,mfcc1_sma3_5,mfcc1_sma3_6,mfcc1_sma3_7,mfcc1_sma3_8,mfcc2_sma3_1,mfcc2_sma3_2,mfcc2_sma3_3,mfcc2_sma3_4,mfcc2_sma3_5,mfcc2_sma3_6,mfcc2_sma3_7,mfcc2_sma3_8,mfcc3_sma3_1,mfcc3_sma3_2,mfcc3_sma3_3,mfcc3_sma3_4,mfcc3_sma3_5,mfcc3_sma3_6,mfcc3_sma3_7,mfcc3_sma3_8,mfcc4_sma3_1,mfcc4_sma3_2,mfcc4_sma3_3,mfcc4_sma3_4,mfcc4_sma3_5,mfcc4_sma3_6,mfcc4_sma3_7,mfcc4_sma3_8,F0semitoneFrom27.5Hz_sma3nz_1,F0semitoneFrom27.5Hz_sma3nz_2,F0semitoneFrom27.5Hz_sma3nz_3,F0semitoneFrom27.5Hz_sma3nz_4,F0semitoneFrom27.5Hz_sma3nz_5,F0semitoneFrom27.5Hz_sma3nz_6,F0semitoneFrom27.5Hz_sma3nz_7,F0semitoneFrom27.5Hz_sma3nz_8,jitterLocal_sma3nz_1,jitterLocal_sma3nz_2,jitterLocal_sma3nz_3,jitterLocal_sma3nz_4,jitterLocal_sma3nz_5,jitterLocal_sma3nz_6,jitterLocal_sma3nz_7,jitterLocal_sma3nz_8
22.927718972222223,21.008232861111114,17.066010805555557,21.948960222222222,23.495176697222224,13.925050261666666,27.32735733333333,22.03390465,28.08056636111111,25.73846755555555,17.843284779722225,-2.616232749166666,7.490881961111111,12.969410883611111,25.372486805555557,25.42414585,14.34360215277778,14.051130444444444,29.05932738888889,7.099983398333334,15.17278027055556,4.503431130277778,8.30428941361111,13.3923383625,7.803242277777778,6.970389205555555,3.2737180263888885,-10.069757620277777,-18.533899190166665,-20.156928979722224,-41.229921394444446,5.191932264,0.0,0.0,11.909152333333331,31.203054416666664,32.11487530555556,17.390266999999998,2.884461111111111,0.0,0.0,0.0,0.0037264294166666,0.0195378706027777,0.0089075917138888,0.0063540090888888,0.0009094177583333,0.0
