mfcc1_sma3_1,mfcc1_sma3_2,mfcc1_sma3_3,mfcc1_sma3_4,mfcc1_sma3_5,mfcc1_sma3_6,mfcc1_sma3_7,mfcc1_sma3_8,mfcc2_sma3_1,mfcc2_sma3_2,mfcc2_sma3_3,mfcc2_sma3_4,mfcc2_sma3_5,mfcc2_sma3_6,mfcc2_sma3_7,mfcc2_sma3_8,mfcc3_sma3_1,mfcc3_sma3_2,mfcc3_sma3_3,mfcc3_sma3_4,mfcc3_sma3_5,mfcc3_sma3_6,mfcc3_sma3_7,mfcc3_sma3_8,mfcc4_sma3_1,mfcc4_sma3_2,mfcc4_sma3_3,mfcc4_sma3_4,mfcc4_sma3_5,mfcc4_sma3_6,mfcc4_sma3_7,mfcc4_sma3_8,F0semitoneFrom27.5Hz_sma3nz_1,F0semitoneFrom27.5Hz_sma3nz_2,F0semitoneFrom27.5Hz_sma3nz_3,F0semitoneFrom27.5Hz_sma3nz_4,F0semitoneFrom27.5Hz_sma3nz_5,F0semitoneFrom27.5Hz_sma3nz_6,F0semitoneFrom27.5Hz_sma3nz_7,F0semitoneFrom27.5Hz_sma3nz_8,jitterLocal_sma3nz_1,jitterLocal_sma3nz_2,jitterLocal_sma3nz_3,jitterLocal_sma3nz_4,jitterLocal_sma3nz_5,jitterLocal_sma3nz_6,jitterLocal_sma3nz_7,jitterLocal_sma3nz_8
21.86397167567568,17.46449474864865,13.337875456756755,10.10180040945946,11.988269891891893,14.191041656756756,22.902749027027028,22.09617825,27.515817621621625,16.734064027027028,-9.542580282432432,-34.93277918108108,-27.291587777297305,-2.8612821957837835,16.585511310810812,26.378229925,13.237139229729728,13.184874475675675,-11.313765108108107,-6.913651678378377,-17.17044775135135,6.865555727027027,3.662398626216216,11.7124891325,7.62184292972973,8.26205978810811,-34.428847389189194,-20.770311343243243,-37.00105682432432,2.7258530670270265,5.283572251621621,5.9894869475,0.0,4.838166810810811,28.5622467027027,42.731541297297305,33.98315562162163,0.0,0.0,0.0,0.0,0.003104770027027,0.0209619149891891,0.0072082259162162,0.0141886248837837,0.0,0.0,0.0
