mfcc1_sma3_1,mfcc1_sma3_2,mfcc1_sma3_3,mfcc1_sma3_4,mfcc1_sma3_5,mfcc1_sma3_6,mfcc1_sma3_7,mfcc1_sma3_8,mfcc2_sma3_1,mfcc2_sma3_2,mfcc2_sma3_3,mfcc2_sma3_4,mfcc2_sma3_5,mfcc2_sma3_6,mfcc2_sma3_7,mfcc2_sma3_8,mfcc3_sma3_1,mfcc3_sma3_2,mfcc3_sma3_3,mfcc3_sma3_4,mfcc3_sma3_5,mfcc3_sma3_6,mfcc3_sma3_7,mfcc3_sma3_8,mfcc4_sma3_1,mfcc4_sma3_2,mfcc4_sma3_3,mfcc4_sma3_4,mfcc4_sma3_5,mfcc4_sma3_6,mfcc4_sma3_7,mfcc4_sma3_8,F0semitoneFrom27.5Hz_sma3nz_1,F0semitoneFrom27.5Hz_sma3nz_2,F0semitoneFrom27.5Hz_sma3nz_3,F0semitoneFrom27.5Hz_sma3nz_4,F0semitoneFrom27.5Hz_sma3nz_5,F0semitoneFrom27.5Hz_sma3nz_6,F0semitoneFrom27.5Hz_sma3nz_7,F0semitoneFrom27.5Hz_sma3nz_8,jitterLocal_sma3nz_1,jitterLocal_sma3nz_2,jitterLocal_sma3nz_3,jitterLocal_sma3nz_4,jitterLocal_sma3nz_5,jitterLocal_sma3nz_6,jitterLocal_sma3nz_7,jitterLocal_sma3nz_8
20.96581604545455,18.28543290909091,21.75586669090909,24.83342868181818,24.808772772727263,26.136649409090907,21.434434000000003,20.529199357142858,28.704305,18.50394234090909,-4.178358386363637,-12.165546631818184,-16.921779304545453,-8.000527868181816,24.79650588636364,28.26696571428571,13.883873409090912,15.71563041818182,-13.552707513636364,-14.12055115,-31.61779754545454,2.331341268181818,13.865223750000002,12.32539676785714,9.444179536363638,4.25076370909091,-30.94974467727272,-14.236138731818182,-46.72308145454545,-10.62144131818182,10.28956251818182,8.231908857142857,0.0,13.253094772727271,40.90904654545455,27.661442863636363,25.962454954545457,0.0,0.0,0.0,0.0,0.0079689844090909,0.0093574208772727,0.0102025862227272,0.0048433666545454,0.0,0.0,0.0
