mfcc1_sma3_1,mfcc1_sma3_2,mfcc1_sma3_3,mfcc1_sma3_4,mfcc1_sma3_5,mfcc1_sma3_6,mfcc1_sma3_7,mfcc1_sma3_8,mfcc2_sma3_1,mfcc2_sma3_2,mfcc2_sma3_3,mfcc2_sma3_4,mfcc2_sma3_5,mfcc2_sma3_6,mfcc2_sma3_7,mfcc2_sma3_8,mfcc3_sma3_1,mfcc3_sma3_2,mfcc3_sma3_3,mfcc3_sma3_4,mfcc3_sma3_5,mfcc3_sma3_6,mfcc3_sma3_7,mfcc3_sma3_8,mfcc4_sma3_1,mfcc4_sma3_2,mfcc4_sma3_3,mfcc4_sma3_4,mfcc4_sma3_5,mfcc4_sma3_6,mfcc4_sma3_7,mfcc4_sma3_8,F0semitoneFrom27.5Hz_sma3nz_1,F0semitoneFrom27.5Hz_sma3nz_2,F0semitoneFrom27.5Hz_sma3nz_3,F0semitoneFrom27.5Hz_sma3nz_4,F0semitoneFrom27.5Hz_sma3nz_5,F0semitoneFrom27.5Hz_sma3nz_6,F0semitoneFrom27.5Hz_sma3nz_7,F0semitoneFrom27.5Hz_sma3nz_8,jitterLocal_sma3nz_1,jitterLocal_sma3nz_2,jitterLocal_sma3nz_3,jitterLocal_sma3nz_4,jitterLocal_sma3nz_5,jitterLocal_sma3nz_6,jitterLocal_sma3nz_7,jitterLocal_sma3nz_8
21.94438586206897,26.864662310344823,21.702237051724136,29.08482562068965,34.959501448275866,27.46632586206897,20.916823448275867,21.305294620689654,24.94431431034483,-0.1974386275862066,18.01011388275862,-5.7964820903448295,-9.465406320689654,15.01273854,23.90466948275862,26.41984058620689,13.988659965517243,15.640639344827584,10.517896921448276,8.348944027586207,-2.873972794137931,13.919174010344824,13.857865703448278,13.802359293103446,8.355184341379312,-10.946491546896551,-0.399832697586207,-15.581518772068964,-17.190150923448275,-1.2935840513793102,6.434521565517242,6.075087782758621,0.0,8.012772310344829,20.942670655172417,22.12619010344828,29.42579827586207,0.0,0.0,0.0,0.0,0.0031551580344827,0.0097143169482758,0.0061066496793103,0.0146782579413793,0.0,0.0,0.0
