mfcc1_sma3_1,mfcc1_sma3_2,mfcc1_sma3_3,mfcc1_sma3_4,mfcc1_sma3_5,mfcc1_sma3_6,mfcc1_sma3_7,mfcc1_sma3_8,mfcc2_sma3_1,mfcc2_sma3_2,mfcc2_sma3_3,mfcc2_sma3_4,mfcc2_sma3_5,mfcc2_sma3_6,mfcc2_sma3_7,mfcc2_sma3_8,mfcc3_sma3_1,mfcc3_sma3_2,mfcc3_sma3_3,mfcc3_sma3_4,mfcc3_sma3_5,mfcc3_sma3_6,mfcc3_sma3_7,mfcc3_sma3_8,mfcc4_sma3_1,mfcc4_sma3_2,mfcc4_sma3_3,mfcc4_sma3_4,mfcc4_sma3_5,mfcc4_sma3_6,mfcc4_sma3_7,mfcc4_sma3_8,F0semitoneFrom27.5Hz_sma3nz_1,F0semitoneFrom27.5Hz_sma3nz_2,F0semitoneFrom27.5Hz_sma3nz_3,F0semitoneFrom27.5Hz_sma3nz_4,F0semitoneFrom27.5Hz_sma3nz_5,F0semitoneFrom27.5Hz_sma3nz_6,F0semitoneFrom27.5Hz_sma3nz_7,F0semitoneFrom27.5Hz_sma3nz_8,jitterLocal_sma3nz_1,jitterLocal_sma3nz_2,jitterLocal_sma3nz_3,jitterLocal_sma3nz_4,jitterLocal_sma3nz_5,jitterLocal_sma3nz_6,jitterLocal_sma3nz_7,jitterLocal_sma3nz_8
22.81026325,22.810820142857143,29.14388825,20.1584133475,20.616626182142856,40.52865394285714,24.608504928571424,22.587949866666676,25.00278928571429,19.29082450714285,3.227608321428572,18.66903915357143,22.50280745357142,16.019434153571428,25.46420232142857,26.4396615,13.114549017857142,11.294211310714283,9.917002701428572,15.598466821428572,3.26610345975,-13.632487517857143,9.993001632142857,14.937308133333335,6.911100335714287,2.9303832842857136,-6.881616367500001,-4.946245729357143,-5.628346194642857,-18.868964978571427,0.3797841857142856,6.160785414666667,0.0,0.0,7.441584,5.290626214285715,0.0,11.884773964285714,0.0,0.0,0.0,0.0,0.0030028643571428,0.0044996859642857,0.0,0.0034862624392857,0.0,0.0
