mfcc1_sma3_1,mfcc1_sma3_2,mfcc1_sma3_3,mfcc1_sma3_4,mfcc1_sma3_5,mfcc1_sma3_6,mfcc1_sma3_7,mfcc1_sma3_8,mfcc2_sma3_1,mfcc2_sma3_2,mfcc2_sma3_3,mfcc2_sma3_4,mfcc2_sma3_5,mfcc2_sma3_6,mfcc2_sma3_7,mfcc2_sma3_8,mfcc3_sma3_1,mfcc3_sma3_2,mfcc3_sma3_3,mfcc3_sma3_4,mfcc3_sma3_5,mfcc3_sma3_6,mfcc3_sma3_7,mfcc3_sma3_8,mfcc4_sma3_1,mfcc4_sma3_2,mfcc4_sma3_3,mfcc4_sma3_4,mfcc4_sma3_5,mfcc4_sma3_6,mfcc4_sma3_7,mfcc4_sma3_8,F0semitoneFrom27.5Hz_sma3nz_1,F0semitoneFrom27.5Hz_sma3nz_2,F0semitoneFrom27.5Hz_sma3nz_3,F0semitoneFrom27.5Hz_sma3nz_4,F0semitoneFrom27.5Hz_sma3nz_5,F0semitoneFrom27.5Hz_sma3nz_6,F0semitoneFrom27.5Hz_sma3nz_7,F0semitoneFrom27.5Hz_sma3nz_8,jitterLocal_sma3nz_1,jitterLocal_sma3nz_2,jitterLocal_sma3nz_3,jitterLocal_sma3nz_4,jitterLocal_sma3nz_5,jitterLocal_sma3nz_6,jitterLocal_sma3nz_7,jitterLocal_sma3nz_8
22.689185970588237,35.22048523529412,32.12344048529411,35.4653575882353,40.29591094117647,35.76744914705882,25.045049147058823,21.730263024390243,27.152870735294115,8.080601547058825,8.254622529411764,17.534382605882353,19.19559769117647,13.304017000882354,16.849922997058826,26.913550365853663,15.391624235294117,-7.051736180294118,1.8731371705882356,4.945622882147059,-3.311887547058823,-13.55228275676471,3.423917870588235,15.233119146341462,5.516553252617648,-8.539892314705881,-11.649413976470589,-3.762700182352941,-32.19289676470588,-19.308507032647057,-1.2491239746470586,5.986291749512195,0.0,3.315752676470588,11.777335147058825,24.189070205882352,23.87159611764706,3.4990450882352944,0.0,0.0,0.0,0.0,0.0374146225588235,0.0133096873823529,0.0118916061323529,0.0016698599117647,0.0,0.0
