mfcc1_sma3_1,mfcc1_sma3_2,mfcc1_sma3_3,mfcc1_sma3_4,mfcc1_sma3_5,mfcc1_sma3_6,mfcc1_sma3_7,mfcc1_sma3_8,mfcc2_sma3_1,mfcc2_sma3_2,mfcc2_sma3_3,mfcc2_sma3_4,mfcc2_sma3_5,mfcc2_sma3_6,mfcc2_sma3_7,mfcc2_sma3_8,mfcc3_sma3_1,mfcc3_sma3_2,mfcc3_sma3_3,mfcc3_sma3_4,mfcc3_sma3_5,mfcc3_sma3_6,mfcc3_sma3_7,mfcc3_sma3_8,mfcc4_sma3_1,mfcc4_sma3_2,mfcc4_sma3_3,mfcc4_sma3_4,mfcc4_sma3_5,mfcc4_sma3_6,mfcc4_sma3_7,mfcc4_sma3_8,F0semitoneFrom27.5Hz_sma3nz_1,F0semitoneFrom27.5Hz_sma3nz_2,F0semitoneFrom27.5Hz_sma3nz_3,F0semitoneFrom27.5Hz_sma3nz_4,F0semitoneFrom27.5Hz_sma3nz_5,F0semitoneFrom27.5Hz_sma3nz_6,F0semitoneFrom27.5Hz_sma3nz_7,F0semitoneFrom27.5Hz_sma3nz_8,jitterLocal_sma3nz_1,jitterLocal_sma3nz_2,jitterLocal_sma3nz_3,jitterLocal_sma3nz_4,jitterLocal_sma3nz_5,jitterLocal_sma3nz_6,jitterLocal_sma3nz_7,jitterLocal_sma3nz_8
16.948639625806454,20.173226645161293,18.482463422580647,21.708501,22.636197193548387,23.75879838064516,22.953224935483878,17.458972977142857,23.92268438709677,5.26084087032258,-1.273900187096774,-11.530594907741936,-4.142972370967742,14.273652538709676,4.688418509758065,21.290129185714285,16.96965415483871,8.152514281935485,8.870455022580646,-3.118402556774193,-2.716794503225805,0.004019441935484,9.47688595483871,14.170096865714289,8.663767745161291,6.432562109677419,-11.475138058258064,-1.6929828825806452,3.972342170967742,-4.8834797251612905,-3.745307123064516,5.47045808,0.0,0.0,20.121900161290323,22.8809054516129,21.086470064516124,11.423591870967742,2.9446465483870967,0.0,0.0,0.0,0.0049383905935483,0.0060871953096774,0.0058696557548387,0.0061085237741935,0.0012606587741935,0.0
