mfcc1_sma3_1,mfcc1_sma3_2,mfcc1_sma3_3,mfcc1_sma3_4,mfcc1_sma3_5,mfcc1_sma3_6,mfcc1_sma3_7,mfcc1_sma3_8,mfcc2_sma3_1,mfcc2_sma3_2,mfcc2_sma3_3,mfcc2_sma3_4,mfcc2_sma3_5,mfcc2_sma3_6,mfcc2_sma3_7,mfcc2_sma3_8,mfcc3_sma3_1,mfcc3_sma3_2,mfcc3_sma3_3,mfcc3_sma3_4,mfcc3_sma3_5,mfcc3_sma3_6,mfcc3_sma3_7,mfcc3_sma3_8,mfcc4_sma3_1,mfcc4_sma3_2,mfcc4_sma3_3,mfcc4_sma3_4,mfcc4_sma3_5,mfcc4_sma3_6,mfcc4_sma3_7,mfcc4_sma3_8,F0semitoneFrom27.5Hz_sma3nz_1,F0semitoneFrom27.5Hz_sma3nz_2,F0semitoneFrom27.5Hz_sma3nz_3,F0semitoneFrom27.5Hz_sma3nz_4,F0semitoneFrom27.5Hz_sma3nz_5,F0semitoneFrom27.5Hz_sma3nz_6,F0semitoneFrom27.5Hz_sma3nz_7,F0semitoneFrom27.5Hz_sma3nz_8,jitterLocal_sma3nz_1,jitterLocal_sma3nz_2,jitterLocal_sma3nz_3,jitterLocal_sma3nz_4,jitterLocal_sma3nz_5,jitterLocal_sma3nz_6,jitterLocal_sma3nz_7,jitterLocal_sma3nz_8
22.12516921621621,20.21652529729729,21.02909562162161,18.94456686486486,10.37806704162162,14.311339715135134,32.91251091891891,31.180857000000003,21.11298706756757,25.09098610810811,15.252997953243243,-0.1631245648648652,19.606239708108102,20.566818364864865,19.766089013513515,13.553074296279071,14.816200689189188,17.86798991891892,13.190466105405408,14.476044224324324,13.63442666027027,11.28539668810811,-2.069143779027028,-10.832199974418604,6.701039611351352,7.215093575675677,2.525465708108108,-22.74225601891892,-18.82907514864865,-4.566534586486486,-15.98246281891892,-6.065276892093024,0.0,0.0,0.0,20.216582270270276,19.13749989189189,14.498153513513516,23.05608335135135,0.7203314651162791,0.0,0.0,0.0,0.0161822205405405,0.0081927123378378,0.0080880743621621,0.0089248619621621,8.861391395348837e-05
