mfcc1_sma3_1,mfcc1_sma3_2,mfcc1_sma3_3,mfcc1_sma3_4,mfcc1_sma3_5,mfcc1_sma3_6,mfcc1_sma3_7,mfcc1_sma3_8,mfcc2_sma3_1,mfcc2_sma3_2,mfcc2_sma3_3,mfcc2_sma3_4,mfcc2_sma3_5,mfcc2_sma3_6,mfcc2_sma3_7,mfcc2_sma3_8,mfcc3_sma3_1,mfcc3_sma3_2,mfcc3_sma3_3,mfcc3_sma3_4,mfcc3_sma3_5,mfcc3_sma3_6,mfcc3_sma3_7,mfcc3_sma3_8,mfcc4_sma3_1,mfcc4_sma3_2,mfcc4_sma3_3,mfcc4_sma3_4,mfcc4_sma3_5,mfcc4_sma3_6,mfcc4_sma3_7,mfcc4_sma3_8,F0semitoneFrom27.5Hz_sma3nz_1,F0semitoneFrom27.5Hz_sma3nz_2,F0semitoneFrom27.5Hz_sma3nz_3,F0semitoneFrom27.5Hz_sma3nz_4,F0semitoneFrom27.5Hz_sma3nz_5,F0semitoneFrom27.5Hz_sma3nz_6,F0semitoneFrom27.5Hz_sma3nz_7,F0semitoneFrom27.5Hz_sma3nz_8,jitterLocal_sma3nz_1,jitterLocal_sma3nz_2,jitterLocal_sma3nz_3,jitterLocal_sma3nz_4,jitterLocal_sma3nz_5,jitterLocal_sma3nz_6,jitterLocal_sma3nz_7,jitterLocal_sma3nz_8
17.734486660714285,21.318252746428573,33.01027825,26.18056882142858,28.60312021428572,30.668558321428574,9.086296940714284,19.50712713333333,13.49933391785714,21.16416948571429,-7.609938546428572,-5.278381642857143,1.0602367621428574,0.0225031937499999,25.015247285714285,25.219573466666667,21.61617401785715,-6.532632871071429,-8.024034121428572,-2.614016646428571,-10.483097021642855,7.645496987857142,6.579199700000001,14.862595616666663,10.15328072857143,-8.553560681785715,-16.79784612857143,-10.495367339285712,-27.908826592857142,-2.8953643974999994,15.126992860714289,7.349326379999999,0.0,22.96214960714285,17.28893075,16.270681285714286,37.96408967857143,24.95202114285714,0.0,0.0,0.0,0.0062450397142857,0.0072857981785714,0.0022428813571428,0.0167484558214285,0.0382350657142857,0.0,0.0
