mfcc1_sma3_1,mfcc1_sma3_2,mfcc1_sma3_3,mfcc1_sma3_4,mfcc1_sma3_5,mfcc1_sma3_6,mfcc1_sma3_7,mfcc1_sma3_8,mfcc2_sma3_1,mfcc2_sma3_2,mfcc2_sma3_3,mfcc2_sma3_4,mfcc2_sma3_5,mfcc2_sma3_6,mfcc2_sma3_7,mfcc2_sma3_8,mfcc3_sma3_1,mfcc3_sma3_2,mfcc3_sma3_3,mfcc3_sma3_4,mfcc3_sma3_5,mfcc3_sma3_6,mfcc3_sma3_7,mfcc3_sma3_8,mfcc4_sma3_1,mfcc4_sma3_2,mfcc4_sma3_3,mfcc4_sma3_4,mfcc4_sma3_5,mfcc4_sma3_6,mfcc4_sma3_7,mfcc4_sma3_8,F0semitoneFrom27.5Hz_sma3nz_1,F0semitoneFrom27.5Hz_sma3nz_2,F0semitoneFrom27.5Hz_sma3nz_3,F0semitoneFrom27.5Hz_sma3nz_4,F0semitoneFrom27.5Hz_sma3nz_5,F0semitoneFrom27.5Hz_sma3nz_6,F0semitoneFrom27.5Hz_sma3nz_7,F0semitoneFrom27.5Hz_sma3nz_8,jitterLocal_sma3nz_1,jitterLocal_sma3nz_2,jitterLocal_sma3nz_3,jitterLocal_sma3nz_4,jitterLocal_sma3nz_5,jitterLocal_sma3nz_6,jitterLocal_sma3nz_7,jitterLocal_sma3nz_8
18.889140774193557,18.01591936451613,19.28278724193548,17.755613022580643,8.417369975161291,24.750791967741936,19.43646898387097,19.6261285,25.587753677419357,28.211971322580645,7.052222399516128,11.856674754838709,31.71905541935484,-25.80271346741936,-2.9935145225806457,25.6750703125,16.64612406451613,11.323345819999998,-7.7436514012903235,-5.452523595806453,4.700020098709677,3.083686771838709,15.997389993548389,17.135338328125002,8.734503390322581,8.082201824709676,0.732641019354839,-0.7142688106451613,-5.070507009677419,-35.24123209677419,-9.530292208064516,11.383911909375,0.0,0.0,21.43751958064516,7.600351838709678,14.001440548387096,36.24336887096774,0.0,0.0,0.0,0.0,0.0176105706774193,0.0037543918387096,0.0047988185903225,0.0982891946129032,0.0,0.0
