mfcc1_sma3_1,mfcc1_sma3_2,mfcc1_sma3_3,mfcc1_sma3_4,mfcc1_sma3_5,mfcc1_sma3_6,mfcc1_sma3_7,mfcc1_sma3_8,mfcc2_sma3_1,mfcc2_sma3_2,mfcc2_sma3_3,mfcc2_sma3_4,mfcc2_sma3_5,mfcc2_sma3_6,mfcc2_sma3_7,mfcc2_sma3_8,mfcc3_sma3_1,mfcc3_sma3_2,mfcc3_sma3_3,mfcc3_sma3_4,mfcc3_sma3_5,mfcc3_sma3_6,mfcc3_sma3_7,mfcc3_sma3_8,mfcc4_sma3_1,mfcc4_sma3_2,mfcc4_sma3_3,mfcc4_sma3_4,mfcc4_sma3_5,mfcc4_sma3_6,mfcc4_sma3_7,mfcc4_sma3_8,F0semitoneFrom27.5Hz_sma3nz_1,F0semitoneFrom27.5Hz_sma3nz_2,F0semitoneFrom27.5Hz_sma3nz_3,F0semitoneFrom27.5Hz_sma3nz_4,F0semitoneFrom27.5Hz_sma3nz_5,F0semitoneFrom27.5Hz_sma3nz_6,F0semitoneFrom27.5Hz_sma3nz_7,F0semitoneFrom27.5Hz_sma3nz_8,jitterLocal_sma3nz_1,jitterLocal_sma3nz_2,jitterLocal_sma3nz_3,jitterLocal_sma3nz_4,jitterLocal_sma3nz_5,jitterLocal_sma3nz_6,jitterLocal_sma3nz_7,jitterLocal_sma3nz_8
19.97866245833333,20.78622784166667,27.32009077083333,26.768616916666662,16.570541203333335,25.599857291666662,21.167709916666663,20.701111416666667,28.225045500000004,24.964905250000005,11.333732047916667,5.322993549166667,-0.9746387625000006,6.578381785,24.56815258333333,27.52928758333333,15.3051495625,11.470728229166667,-0.1809304383333335,23.40904233566667,11.087695088333334,12.186753607916666,11.081692679166666,13.019674083333332,11.807757583333332,6.18625273875,-10.28419495,5.3290274,-9.112390029166669,-6.632996019166666,8.853522129166667,9.816891841666669,0.0,2.214801291666667,19.411751791666667,25.46192320833333,26.78713975,15.649549124999998,0.0,0.0,0.0,0.0,0.0077150889,0.0125269157083333,0.013577736425,0.0045759170208333,0.0,0.0
