mfcc1_sma3_1,mfcc1_sma3_2,mfcc1_sma3_3,mfcc1_sma3_4,mfcc1_sma3_5,mfcc1_sma3_6,mfcc1_sma3_7,mfcc1_sma3_8,mfcc2_sma3_1,mfcc2_sma3_2,mfcc2_sma3_3,mfcc2_sma3_4,mfcc2_sma3_5,mfcc2_sma3_6,mfcc2_sma3_7,mfcc2_sma3_8,mfcc3_sma3_1,mfcc3_sma3_2,mfcc3_sma3_3,mfcc3_sma3_4,mfcc3_sma3_5,mfcc3_sma3_6,mfcc3_sma3_7,mfcc3_sma3_8,mfcc4_sma3_1,mfcc4_sma3_2,mfcc4_sma3_3,mfcc4_sma3_4,mfcc4_sma3_5,mfcc4_sma3_6,mfcc4_sma3_7,mfcc4_sma3_8,F0semitoneFrom27.5Hz_sma3nz_1,F0semitoneFrom27.5Hz_sma3nz_2,F0semitoneFrom27.5Hz_sma3nz_3,F0semitoneFrom27.5Hz_sma3nz_4,F0semitoneFrom27.5Hz_sma3nz_5,F0semitoneFrom27.5Hz_sma3nz_6,F0semitoneFrom27.5Hz_sma3nz_7,F0semitoneFrom27.5Hz_sma3nz_8,jitterLocal_sma3nz_1,jitterLocal_sma3nz_2,jitterLocal_sma3nz_3,jitterLocal_sma3nz_4,jitterLocal_sma3nz_5,jitterLocal_sma3nz_6,jitterLocal_sma3nz_7,jitterLocal_sma3nz_8
16.977638896296295,16.104229407407406,7.559514247407408,21.68557103703704,23.116492703703702,23.341375629629628,19.361325629629636,20.44301147058823,24.42787009888889,16.777101314814814,21.45955807407407,0.5017370481481481,0.1617669466666667,-7.529578099999999,18.368860288222223,26.49138385294118,12.755513313703704,29.174275814814813,6.110834196851852,-2.6615628788888888,1.6980007361481486,-18.986447988888887,11.501559812962965,12.853482599999998,9.92738894685185,14.365342318518518,1.9736678111111108,-25.637778222222224,-11.506576146666667,-27.82452331111111,10.98467556,8.762546191176469,0.0,0.0,18.86820114814815,35.759912407407406,21.739248962962964,12.692019814814817,0.0,0.0,0.0,0.0,0.0014630037925925,0.0097191461851851,0.0114726104444444,0.0237940326851851,0.0,0.0
