mfcc1_sma3_1,mfcc1_sma3_2,mfcc1_sma3_3,mfcc1_sma3_4,mfcc1_sma3_5,mfcc1_sma3_6,mfcc1_sma3_7,mfcc1_sma3_8,mfcc2_sma3_1,mfcc2_sma3_2,mfcc2_sma3_3,mfcc2_sma3_4,mfcc2_sma3_5,mfcc2_sma3_6,mfcc2_sma3_7,mfcc2_sma3_8,mfcc3_sma3_1,mfcc3_sma3_2,mfcc3_sma3_3,mfcc3_sma3_4,mfcc3_sma3_5,mfcc3_sma3_6,mfcc3_sma3_7,mfcc3_sma3_8,mfcc4_sma3_1,mfcc4_sma3_2,mfcc4_sma3_3,mfcc4_sma3_4,mfcc4_sma3_5,mfcc4_sma3_6,mfcc4_sma3_7,mfcc4_sma3_8,F0semitoneFrom27.5Hz_sma3nz_1,F0semitoneFrom27.5Hz_sma3nz_2,F0semitoneFrom27.5Hz_sma3nz_3,F0semitoneFrom27.5Hz_sma3nz_4,F0semitoneFrom27.5Hz_sma3nz_5,F0semitoneFrom27.5Hz_sma3nz_6,F0semitoneFrom27.5Hz_sma3nz_7,F0semitoneFrom27.5Hz_sma3nz_8,jitterLocal_sma3nz_1,jitterLocal_sma3nz_2,jitterLocal_sma3nz_3,jitterLocal_sma3nz_4,jitterLocal_sma3nz_5,jitterLocal_sma3nz_6,jitterLocal_sma3nz_7,jitterLocal_sma3nz_8
15.984744170370371,21.77598277777778,30.243826962962967,32.52472203703704,21.20531517777778,26.68321201851852,24.628418888888888,20.07117862962963,24.418618814814813,9.68159310740741,-0.0314733576296298,4.101671593703704,11.374802671851851,18.28171455185185,19.555690185185185,26.189893777777776,17.944983681481485,2.9334788885185183,-6.651247659259258,-6.592440343333335,11.421102303703703,21.110423925925925,23.83174201851853,13.369799266666666,10.663153807407408,1.637995935111111,-34.73260605185185,-32.41240914814815,-5.39512725962963,-6.032818178777778,-2.073221175555556,9.596895866666667,0.0,6.631563999999999,30.647247592592592,31.75556777777778,16.816645851851852,11.634475074074077,0.0,0.0,0.0,0.0011860914629629,0.0615297275333333,0.0224606044777777,0.0032625999111111,0.0123557443333333,0.0,0.0
