mfcc1_sma3_1,mfcc1_sma3_2,mfcc1_sma3_3,mfcc1_sma3_4,mfcc1_sma3_5,mfcc1_sma3_6,mfcc1_sma3_7,mfcc1_sma3_8,mfcc2_sma3_1,mfcc2_sma3_2,mfcc2_sma3_3,mfcc2_sma3_4,mfcc2_sma3_5,mfcc2_sma3_6,mfcc2_sma3_7,mfcc2_sma3_8,mfcc3_sma3_1,mfcc3_sma3_2,mfcc3_sma3_3,mfcc3_sma3_4,mfcc3_sma3_5,mfcc3_sma3_6,mfcc3_sma3_7,mfcc3_sma3_8,mfcc4_sma3_1,mfcc4_sma3_2,mfcc4_sma3_3,mfcc4_sma3_4,mfcc4_sma3_5,mfcc4_sma3_6,mfcc4_sma3_7,mfcc4_sma3_8,F0semitoneFrom27.5Hz_sma3nz_1,F0semitoneFrom27.5Hz_sma3nz_2,F0semitoneFrom27.5Hz_sma3nz_3,F0semitoneFrom27.5Hz_sma3nz_4,F0semitoneFrom27.5Hz_sma3nz_5,F0semitoneFrom27.5Hz_sma3nz_6,F0semitoneFrom27.5Hz_sma3nz_7,F0semitoneFrom27.5Hz_sma3nz_8,jitterLocal_sma3nz_1,jitterLocal_sma3nz_2,jitterLocal_sma3nz_3,jitterLocal_sma3nz_4,jitterLocal_sma3nz_5,jitterLocal_sma3nz_6,jitterLocal_sma3nz_7,jitterLocal_sma3nz_8
15.638981578125,14.31192753875,29.3213089375,30.05814015625,22.821570781250003,18.58378209375,20.758223875,19.94836957142857,28.24442475,22.6245654375,7.0443502375,0.6576313375,10.676225540625,0.5731820418750001,16.8465418375,24.3462662,16.699179625,14.653923984375002,13.196387124375,3.566913942740625,-3.54669548875,-2.24117383125,13.052638425,12.377618,12.369254021875,9.8707134221875,-2.546633878125,-13.658826008125,-22.47427385125,3.174038159375,8.82893670625,7.121490988571428,0.0,2.40042378125,21.46278309375,18.78782103125,5.37430690625,0.0,0.0,0.0,0.0,0.0010012051875,0.01176714834375,0.007985465165625,0.001151667625,0.0,0.0,0.0
