mfcc1_sma3_1,mfcc1_sma3_2,mfcc1_sma3_3,mfcc1_sma3_4,mfcc1_sma3_5,mfcc1_sma3_6,mfcc1_sma3_7,mfcc1_sma3_8,mfcc2_sma3_1,mfcc2_sma3_2,mfcc2_sma3_3,mfcc2_sma3_4,mfcc2_sma3_5,mfcc2_sma3_6,mfcc2_sma3_7,mfcc2_sma3_8,mfcc3_sma3_1,mfcc3_sma3_2,mfcc3_sma3_3,mfcc3_sma3_4,mfcc3_sma3_5,mfcc3_sma3_6,mfcc3_sma3_7,mfcc3_sma3_8,mfcc4_sma3_1,mfcc4_sma3_2,mfcc4_sma3_3,mfcc4_sma3_4,mfcc4_sma3_5,mfcc4_sma3_6,mfcc4_sma3_7,mfcc4_sma3_8,F0semitoneFrom27.5Hz_sma3nz_1,F0semitoneFrom27.5Hz_sma3nz_2,F0semitoneFrom27.5Hz_sma3nz_3,F0semitoneFrom27.5Hz_sma3nz_4,F0semitoneFrom27.5Hz_sma3nz_5,F0semitoneFrom27.5Hz_sma3nz_6,F0semitoneFrom27.5Hz_sma3nz_7,F0semitoneFrom27.5Hz_sma3nz_8,jitterLocal_sma3nz_1,jitterLocal_sma3nz_2,jitterLocal_sma3nz_3,jitterLocal_sma3nz_4,jitterLocal_sma3nz_5,jitterLocal_sma3nz_6,jitterLocal_sma3nz_7,jitterLocal_sma3nz_8
16.833766346153848,21.79485303846154,14.196725338461537,23.92663185384616,-1.9338320455384608,19.145004825615384,15.213550288461535,11.402661773288887,26.300639346153844,-6.227675606115384,-9.882943073076923,-3.0213879100000005,18.901408853846156,3.0329929719230764,-6.069399092307692,21.66631522222222,12.825113783846152,-2.5156883015384617,-3.1053759407692305,-9.64340714,0.8491890205000001,-6.859322100769232,-12.594398603846155,16.56789840740741,9.78931935,-24.681462276923074,-17.848375115384616,-22.897692549999995,-2.4513276300000006,7.509394642307693,-23.949580738461545,9.615788143333337,6.252998923076924,37.24676207692308,42.32012415384616,33.566677846153844,16.162379346153845,25.93806830769231,8.42276076923077,2.313346185185185,0.0,0.0273929710615384,0.0233230749807692,0.0116247011653846,0.006212490076923,0.0069948967576923,0.0120043384615384,0.0065781029629629
