mfcc1_sma3_1,mfcc1_sma3_2,mfcc1_sma3_3,mfcc1_sma3_4,mfcc1_sma3_5,mfcc1_sma3_6,mfcc1_sma3_7,mfcc1_sma3_8,mfcc2_sma3_1,mfcc2_sma3_2,mfcc2_sma3_3,mfcc2_sma3_4,mfcc2_sma3_5,mfcc2_sma3_6,mfcc2_sma3_7,mfcc2_sma3_8,mfcc3_sma3_1,mfcc3_sma3_2,mfcc3_sma3_3,mfcc3_sma3_4,mfcc3_sma3_5,mfcc3_sma3_6,mfcc3_sma3_7,mfcc3_sma3_8,mfcc4_sma3_1,mfcc4_sma3_2,mfcc4_sma3_3,mfcc4_sma3_4,mfcc4_sma3_5,mfcc4_sma3_6,mfcc4_sma3_7,mfcc4_sma3_8,F0semitoneFrom27.5Hz_sma3nz_1,F0semitoneFrom27.5Hz_sma3nz_2,F0semitoneFrom27.5Hz_sma3nz_3,F0semitoneFrom27.5Hz_sma3nz_4,F0semitoneFrom27.5Hz_sma3nz_5,F0semitoneFrom27.5Hz_sma3nz_6,F0semitoneFrom27.5Hz_sma3nz_7,F0semitoneFrom27.5Hz_sma3nz_8,jitterLocal_sma3nz_1,jitterLocal_sma3nz_2,jitterLocal_sma3nz_3,jitterLocal_sma3nz_4,jitterLocal_sma3nz_5,jitterLocal_sma3nz_6,jitterLocal_sma3nz_7,jitterLocal_sma3nz_8
19.486465359375,8.9628420196875,12.727091459375,24.658703503125,19.18803746625,20.4390871546875,22.306184796875,11.570548841714288,30.6678300625,8.713499659375,-6.4215561870625,-3.4278808796875,-4.23203870625,19.687930115625,2.5124116878125,23.918482314285715,16.320826953125,6.139669365625,8.7977626959375,-5.98467632228125,-8.708845446875,-2.420912545,17.3991255859375,13.249887264857144,11.6112874875,-4.596246356125,-13.370382389375,-2.4000134430625,-3.3268335171875,1.7847515446874995,-15.606355074375,11.141809910571428,1.7455790625,20.64807578125,30.38412596875,30.6319966875,26.0406473125,16.77576359375,3.44467853125,0.0,0.0,0.0170741461875,0.01729999565625,0.01453962510625,0.007895662521875,0.00486567821875,0.000395951,0.0
