mfcc1_sma3_1,mfcc1_sma3_2,mfcc1_sma3_3,mfcc1_sma3_4,mfcc1_sma3_5,mfcc1_sma3_6,mfcc1_sma3_7,mfcc1_sma3_8,mfcc2_sma3_1,mfcc2_sma3_2,mfcc2_sma3_3,mfcc2_sma3_4,mfcc2_sma3_5,mfcc2_sma3_6,mfcc2_sma3_7,mfcc2_sma3_8,mfcc3_sma3_1,mfcc3_sma3_2,mfcc3_sma3_3,mfcc3_sma3_4,mfcc3_sma3_5,mfcc3_sma3_6,mfcc3_sma3_7,mfcc3_sma3_8,mfcc4_sma3_1,mfcc4_sma3_2,mfcc4_sma3_3,mfcc4_sma3_4,mfcc4_sma3_5,mfcc4_sma3_6,mfcc4_sma3_7,mfcc4_sma3_8,F0semitoneFrom27.5Hz_sma3nz_1,F0semitoneFrom27.5Hz_sma3nz_2,F0semitoneFrom27.5Hz_sma3nz_3,F0semitoneFrom27.5Hz_sma3nz_4,F0semitoneFrom27.5Hz_sma3nz_5,F0semitoneFrom27.5Hz_sma3nz_6,F0semitoneFrom27.5Hz_sma3nz_7,F0semitoneFrom27.5Hz_sma3nz_8,jitterLocal_sma3nz_1,jitterLocal_sma3nz_2,jitterLocal_sma3nz_3,jitterLocal_sma3nz_4,jitterLocal_sma3nz_5,jitterLocal_sma3nz_6,jitterLocal_sma3nz_7,jitterLocal_sma3nz_8
5.8365104080000005,17.4154044104,18.718869112,15.8720496,20.00548758,22.507499000000003,23.018021320000003,22.370126629629628,8.4161006972,-2.44704365,0.273391244,-10.272688808,3.8307900888,26.23637256,28.99115224,29.63822307407407,3.2258479256,-10.938696748,7.918928144000001,-17.06404276,0.6197519599999998,12.470526428,16.614673399999997,15.99007624074074,-10.5804032688,-34.99523156,-5.274015653199999,-22.7000723256,15.779669436,13.99235488,16.99627848,13.797665037037032,28.30161128,38.987030440000005,15.01585708,6.618677,0.0,0.0,2.0606517600000003,4.136858777777778,0.0127915969999999,0.01299652218,0.008086444256,0.008103933,0.0,0.0,0.0,0.0019576655555555
