mfcc1_sma3_1,mfcc1_sma3_2,mfcc1_sma3_3,mfcc1_sma3_4,mfcc1_sma3_5,mfcc1_sma3_6,mfcc1_sma3_7,mfcc1_sma3_8,mfcc2_sma3_1,mfcc2_sma3_2,mfcc2_sma3_3,mfcc2_sma3_4,mfcc2_sma3_5,mfcc2_sma3_6,mfcc2_sma3_7,mfcc2_sma3_8,mfcc3_sma3_1,mfcc3_sma3_2,mfcc3_sma3_3,mfcc3_sma3_4,mfcc3_sma3_5,mfcc3_sma3_6,mfcc3_sma3_7,mfcc3_sma3_8,mfcc4_sma3_1,mfcc4_sma3_2,mfcc4_sma3_3,mfcc4_sma3_4,mfcc4_sma3_5,mfcc4_sma3_6,mfcc4_sma3_7,mfcc4_sma3_8,F0semitoneFrom27.5Hz_sma3nz_1,F0semitoneFrom27.5Hz_sma3nz_2,F0semitoneFrom27.5Hz_sma3nz_3,F0semitoneFrom27.5Hz_sma3nz_4,F0semitoneFrom27.5Hz_sma3nz_5,F0semitoneFrom27.5Hz_sma3nz_6,F0semitoneFrom27.5Hz_sma3nz_7,F0semitoneFrom27.5Hz_sma3nz_8,jitterLocal_sma3nz_1,jitterLocal_sma3nz_2,jitterLocal_sma3nz_3,jitterLocal_sma3nz_4,jitterLocal_sma3nz_5,jitterLocal_sma3nz_6,jitterLocal_sma3nz_7,jitterLocal_sma3nz_8
12.427008126315792,14.927625389473684,18.29655068421053,17.917764763157898,10.90421224736842,14.823866063157894,6.501209306315789,21.643191478260867,23.659022736842104,8.46315783263158,-9.435310668421051,2.5754466884210525,-16.74253395789474,-8.241972782105265,12.4694508,25.99054217391304,12.974849808421052,-2.5923262457894736,-5.963197510526316,-5.784881294736842,-12.826685773684211,-8.415448645789473,6.798031798421052,18.58579084782609,17.170650315789473,3.543360342105263,-3.536342342105263,9.90838399473684,-22.73221240526316,-1.5421266889473684,22.048658736842107,17.05063610869565,0.0,31.79530436842105,33.20604578947368,17.242019,22.532351842105264,0.0,0.0,0.0,0.0,0.0163668339210526,0.0088593250842105,0.0045839296315789,0.007090169368421,0.0,0.0,0.0
