mfcc1_sma3_1,mfcc1_sma3_2,mfcc1_sma3_3,mfcc1_sma3_4,mfcc1_sma3_5,mfcc1_sma3_6,mfcc1_sma3_7,mfcc1_sma3_8,mfcc2_sma3_1,mfcc2_sma3_2,mfcc2_sma3_3,mfcc2_sma3_4,mfcc2_sma3_5,mfcc2_sma3_6,mfcc2_sma3_7,mfcc2_sma3_8,mfcc3_sma3_1,mfcc3_sma3_2,mfcc3_sma3_3,mfcc3_sma3_4,mfcc3_sma3_5,mfcc3_sma3_6,mfcc3_sma3_7,mfcc3_sma3_8,mfcc4_sma3_1,mfcc4_sma3_2,mfcc4_sma3_3,mfcc4_sma3_4,mfcc4_sma3_5,mfcc4_sma3_6,mfcc4_sma3_7,mfcc4_sma3_8,F0semitoneFrom27.5Hz_sma3nz_1,F0semitoneFrom27.5Hz_sma3nz_2,F0semitoneFrom27.5Hz_sma3nz_3,F0semitoneFrom27.5Hz_sma3nz_4,F0semitoneFrom27.5Hz_sma3nz_5,F0semitoneFrom27.5Hz_sma3nz_6,F0semitoneFrom27.5Hz_sma3nz_7,F0semitoneFrom27.5Hz_sma3nz_8,jitterLocal_sma3nz_1,jitterLocal_sma3nz_2,jitterLocal_sma3nz_3,jitterLocal_sma3nz_4,jitterLocal_sma3nz_5,jitterLocal_sma3nz_6,jitterLocal_sma3nz_7,jitterLocal_sma3nz_8
20.68884791935484,19.68653331935484,17.633849043548384,27.244604823709675,3.530512518709677,22.633403312580647,24.12562137096774,17.191622718749997,23.342306370967737,-1.8793216945161295,5.118790811612903,10.769838022580643,23.943574854838708,25.414221,26.585926129032256,21.909024875,25.14765471935484,4.8079527,18.76097904516129,-1.2511250325806451,11.490216232258067,4.667661681580646,9.005048345161288,11.044737415625,1.852364241935484,-1.0228530441935482,-4.401548660129032,-21.86513614516129,4.995992356129031,-26.417085996774198,-6.455858264516128,5.824669173125,1.1763169032258065,24.101722290322577,23.38145316129032,23.418468741935484,6.17839935483871,13.796839645161292,0.0,0.0,0.0,0.0057978892258064,0.0138956332193548,0.0124856634516129,0.0012523586838709,0.0114653694193548,0.0,0.0
