mfcc1_sma3_1,mfcc1_sma3_2,mfcc1_sma3_3,mfcc1_sma3_4,mfcc1_sma3_5,mfcc1_sma3_6,mfcc1_sma3_7,mfcc1_sma3_8,mfcc2_sma3_1,mfcc2_sma3_2,mfcc2_sma3_3,mfcc2_sma3_4,mfcc2_sma3_5,mfcc2_sma3_6,mfcc2_sma3_7,mfcc2_sma3_8,mfcc3_sma3_1,mfcc3_sma3_2,mfcc3_sma3_3,mfcc3_sma3_4,mfcc3_sma3_5,mfcc3_sma3_6,mfcc3_sma3_7,mfcc3_sma3_8,mfcc4_sma3_1,mfcc4_sma3_2,mfcc4_sma3_3,mfcc4_sma3_4,mfcc4_sma3_5,mfcc4_sma3_6,mfcc4_sma3_7,mfcc4_sma3_8,F0semitoneFrom27.5Hz_sma3nz_1,F0semitoneFrom27.5Hz_sma3nz_2,F0semitoneFrom27.5Hz_sma3nz_3,F0semitoneFrom27.5Hz_sma3nz_4,F0semitoneFrom27.5Hz_sma3nz_5,F0semitoneFrom27.5Hz_sma3nz_6,F0semitoneFrom27.5Hz_sma3nz_7,F0semitoneFrom27.5Hz_sma3nz_8,jitterLocal_sma3nz_1,jitterLocal_sma3nz_2,jitterLocal_sma3nz_3,jitterLocal_sma3nz_4,jitterLocal_sma3nz_5,jitterLocal_sma3nz_6,jitterLocal_sma3nz_7,jitterLocal_sma3nz_8
22.72551913333333,16.945481273333332,23.77063223333333,23.733359766666663,18.618999047,24.620270666666663,8.691004424999997,24.32495565277777,20.219930115333337,12.426436896666669,0.1051785599999997,-0.9073907406666668,9.001035276333335,5.269457518666667,5.9586603233333335,28.332145916666665,12.836909358333331,26.35528836333334,10.559405351666667,-3.5105205920000007,1.5592013136666665,12.584521731666667,16.904561122333334,12.404580844444444,6.028645417999998,0.7209412860000002,-5.338495701399999,-13.650142413333333,-2.6388395098500004,-11.620856345333332,2.2318389788166666,12.34955370277778,0.0,10.499234966666668,2.7302467666666668,21.72960073333333,12.528150166666666,13.135305566666666,2.659771333333333,0.0,0.0,0.0056970704333333,0.0013695155666666,0.0216810023333333,0.0030853811666666,0.0069853783,0.0019047809333333,0.0
