mfcc1_sma3_1,mfcc1_sma3_2,mfcc1_sma3_3,mfcc1_sma3_4,mfcc1_sma3_5,mfcc1_sma3_6,mfcc1_sma3_7,mfcc1_sma3_8,mfcc2_sma3_1,mfcc2_sma3_2,mfcc2_sma3_3,mfcc2_sma3_4,mfcc2_sma3_5,mfcc2_sma3_6,mfcc2_sma3_7,mfcc2_sma3_8,mfcc3_sma3_1,mfcc3_sma3_2,mfcc3_sma3_3,mfcc3_sma3_4,mfcc3_sma3_5,mfcc3_sma3_6,mfcc3_sma3_7,mfcc3_sma3_8,mfcc4_sma3_1,mfcc4_sma3_2,mfcc4_sma3_3,mfcc4_sma3_4,mfcc4_sma3_5,mfcc4_sma3_6,mfcc4_sma3_7,mfcc4_sma3_8,F0semitoneFrom27.5Hz_sma3nz_1,F0semitoneFrom27.5Hz_sma3nz_2,F0semitoneFrom27.5Hz_sma3nz_3,F0semitoneFrom27.5Hz_sma3nz_4,F0semitoneFrom27.5Hz_sma3nz_5,F0semitoneFrom27.5Hz_sma3nz_6,F0semitoneFrom27.5Hz_sma3nz_7,F0semitoneFrom27.5Hz_sma3nz_8,jitterLocal_sma3nz_1,jitterLocal_sma3nz_2,jitterLocal_sma3nz_3,jitterLocal_sma3nz_4,jitterLocal_sma3nz_5,jitterLocal_sma3nz_6,jitterLocal_sma3nz_7,jitterLocal_sma3nz_8
22.647902916666663,7.395254737619048,13.692699076190475,19.949492157142856,4.464391147619048,3.653779169047619,9.078718911428572,21.54498976309524,31.06348097619047,20.519228085714285,17.58881823333333,25.370210071428566,19.99683219047619,23.7721815,-8.747604407380955,21.933283001666663,18.194497416666668,13.796355335714283,9.954904473095237,14.418688440476188,29.78133723809524,19.237193235714287,10.086739104761904,12.777781635714286,15.422809678571427,8.51247276047619,4.8033251438809526,13.771693721428573,7.77411304047619,-3.825627762452381,5.865715211904761,16.217255226190474,1.542565845238095,6.428217833333334,7.686432857142857,2.342330797619048,10.135399619047618,3.628579095238096,5.5174315,0.6427403571428572,0.0,0.0007593602023809,0.0100530619380952,0.0021108512142857,0.0069819572023809,0.0040017733333333,0.002838094,0.0
