mfcc1_sma3_1,mfcc1_sma3_2,mfcc1_sma3_3,mfcc1_sma3_4,mfcc1_sma3_5,mfcc1_sma3_6,mfcc1_sma3_7,mfcc1_sma3_8,mfcc2_sma3_1,mfcc2_sma3_2,mfcc2_sma3_3,mfcc2_sma3_4,mfcc2_sma3_5,mfcc2_sma3_6,mfcc2_sma3_7,mfcc2_sma3_8,mfcc3_sma3_1,mfcc3_sma3_2,mfcc3_sma3_3,mfcc3_sma3_4,mfcc3_sma3_5,mfcc3_sma3_6,mfcc3_sma3_7,mfcc3_sma3_8,mfcc4_sma3_1,mfcc4_sma3_2,mfcc4_sma3_3,mfcc4_sma3_4,mfcc4_sma3_5,mfcc4_sma3_6,mfcc4_sma3_7,mfcc4_sma3_8,F0semitoneFrom27.5Hz_sma3nz_1,F0semitoneFrom27.5Hz_sma3nz_2,F0semitoneFrom27.5Hz_sma3nz_3,F0semitoneFrom27.5Hz_sma3nz_4,F0semitoneFrom27.5Hz_sma3nz_5,F0semitoneFrom27.5Hz_sma3nz_6,F0semitoneFrom27.5Hz_sma3nz_7,F0semitoneFrom27.5Hz_sma3nz_8,jitterLocal_sma3nz_1,jitterLocal_sma3nz_2,jitterLocal_sma3nz_3,jitterLocal_sma3nz_4,jitterLocal_sma3nz_5,jitterLocal_sma3nz_6,jitterLocal_sma3nz_7,jitterLocal_sma3nz_8
21.208429490625,24.577059875000003,22.60875975625,32.16032325625,36.56838575,33.31279703125,31.247928359375003,23.022039078125,28.533545875,22.50381165625,18.50729196875,16.87873071875,21.82692034375,21.834142171875,25.90600120625,26.274733953125,19.5877704375,22.25199546875,24.576307625,-5.307954909375001,-2.3588027484375,17.499905187499998,2.916216421875,15.6812035,13.81928561875,20.871781812500004,15.63758013125,-20.853656159375,-17.464114171875,3.5591277762500004,-17.982795604375,5.38975184375,0.0,3.825447328125,4.1807589375,12.159434125,11.40326265625,16.129126250000002,6.24433071875,1.1976428437500002,0.0,0.019586438125,0.0022190763125,0.008594799865625,0.00664425471875,0.012836413171875,0.021593874625,0.0
