mfcc1_sma3_1,mfcc1_sma3_2,mfcc1_sma3_3,mfcc1_sma3_4,mfcc1_sma3_5,mfcc1_sma3_6,mfcc1_sma3_7,mfcc1_sma3_8,mfcc2_sma3_1,mfcc2_sma3_2,mfcc2_sma3_3,mfcc2_sma3_4,mfcc2_sma3_5,mfcc2_sma3_6,mfcc2_sma3_7,mfcc2_sma3_8,mfcc3_sma3_1,mfcc3_sma3_2,mfcc3_sma3_3,mfcc3_sma3_4,mfcc3_sma3_5,mfcc3_sma3_6,mfcc3_sma3_7,mfcc3_sma3_8,mfcc4_sma3_1,mfcc4_sma3_2,mfcc4_sma3_3,mfcc4_sma3_4,mfcc4_sma3_5,mfcc4_sma3_6,mfcc4_sma3_7,mfcc4_sma3_8,F0semitoneFrom27.5Hz_sma3nz_1,F0semitoneFrom27.5Hz_sma3nz_2,F0semitoneFrom27.5Hz_sma3nz_3,F0semitoneFrom27.5Hz_sma3nz_4,F0semitoneFrom27.5Hz_sma3nz_5,F0semitoneFrom27.5Hz_sma3nz_6,F0semitoneFrom27.5Hz_sma3nz_7,F0semitoneFrom27.5Hz_sma3nz_8,jitterLocal_sma3nz_1,jitterLocal_sma3nz_2,jitterLocal_sma3nz_3,jitterLocal_sma3nz_4,jitterLocal_sma3nz_5,jitterLocal_sma3nz_6,jitterLocal_sma3nz_7,jitterLocal_sma3nz_8
22.608527702702705,16.427561572972976,0.7679857548648646,-4.286283795135134,7.583117182972974,5.569522908648648,10.992366112432432,23.433346729729728,26.68151824324324,17.091864781081078,-7.675468515135137,0.3528772783783783,-3.5694387432432437,-19.36372048648649,11.040591494594596,27.543394621621623,14.03106962162162,13.67288975945946,-0.8858935162162161,0.6746983169459462,3.0832424383783783,-5.988779198486486,17.120299632432435,14.767855202702702,14.500967864864863,5.615003103891891,-21.33704487027027,-3.4886447432432437,-7.852943666216215,-15.32558135162162,-5.821915587027026,14.047787094594597,0.0,14.435793297297298,33.15599256756757,24.100233486486484,27.03954556756757,31.4500145945946,3.972577621621621,1.1563491351351352,0.0,0.0038656374054054,0.0145953466,0.0096178701594594,0.004182542681081,0.0176761637432432,0.0005622778378378,0.0
