mfcc1_sma3_1,mfcc1_sma3_2,mfcc1_sma3_3,mfcc1_sma3_4,mfcc1_sma3_5,mfcc1_sma3_6,mfcc1_sma3_7,mfcc1_sma3_8,mfcc2_sma3_1,mfcc2_sma3_2,mfcc2_sma3_3,mfcc2_sma3_4,mfcc2_sma3_5,mfcc2_sma3_6,mfcc2_sma3_7,mfcc2_sma3_8,mfcc3_sma3_1,mfcc3_sma3_2,mfcc3_sma3_3,mfcc3_sma3_4,mfcc3_sma3_5,mfcc3_sma3_6,mfcc3_sma3_7,mfcc3_sma3_8,mfcc4_sma3_1,mfcc4_sma3_2,mfcc4_sma3_3,mfcc4_sma3_4,mfcc4_sma3_5,mfcc4_sma3_6,mfcc4_sma3_7,mfcc4_sma3_8,F0semitoneFrom27.5Hz_sma3nz_1,F0semitoneFrom27.5Hz_sma3nz_2,F0semitoneFrom27.5Hz_sma3nz_3,F0semitoneFrom27.5Hz_sma3nz_4,F0semitoneFrom27.5Hz_sma3nz_5,F0semitoneFrom27.5Hz_sma3nz_6,F0semitoneFrom27.5Hz_sma3nz_7,F0semitoneFrom27.5Hz_sma3nz_8,jitterLocal_sma3nz_1,jitterLocal_sma3nz_2,jitterLocal_sma3nz_3,jitterLocal_sma3nz_4,jitterLocal_sma3nz_5,jitterLocal_sma3nz_6,jitterLocal_sma3nz_7,jitterLocal_sma3nz_8
20.70230875,21.94707075,14.859859889285714,29.30242651214285,26.524723828571428,36.53808660714285,22.525195470714284,10.768767940666669,24.783028714285717,19.379902732142856,25.94281996428571,10.750034426428572,8.51027506075,23.802092678571437,9.819821303571429,25.023569266666676,15.782914535714283,15.321945589285717,11.117775264285717,-5.678376147857143,1.0571912767857143,0.6446184667857143,7.246160321071428,11.350770743333332,10.813538978571428,18.029120785714287,10.865014649999996,-7.529970182142859,-2.979357096428572,-17.097891300714284,5.480605005107143,21.496611133333328,0.0,0.0,2.596721857142857,15.554947857142858,6.443080392857143,22.197377392857145,13.503824999999996,0.0,0.0,0.0,0.0,0.01508563725,0.0024787608571428,0.0143270005071428,0.0043794788285714,0.0
