mfcc1_sma3_1,mfcc1_sma3_2,mfcc1_sma3_3,mfcc1_sma3_4,mfcc1_sma3_5,mfcc1_sma3_6,mfcc1_sma3_7,mfcc1_sma3_8,mfcc2_sma3_1,mfcc2_sma3_2,mfcc2_sma3_3,mfcc2_sma3_4,mfcc2_sma3_5,mfcc2_sma3_6,mfcc2_sma3_7,mfcc2_sma3_8,mfcc3_sma3_1,mfcc3_sma3_2,mfcc3_sma3_3,mfcc3_sma3_4,mfcc3_sma3_5,mfcc3_sma3_6,mfcc3_sma3_7,mfcc3_sma3_8,mfcc4_sma3_1,mfcc4_sma3_2,mfcc4_sma3_3,mfcc4_sma3_4,mfcc4_sma3_5,mfcc4_sma3_6,mfcc4_sma3_7,mfcc4_sma3_8,F0semitoneFrom27.5Hz_sma3nz_1,F0semitoneFrom27.5Hz_sma3nz_2,F0semitoneFrom27.5Hz_sma3nz_3,F0semitoneFrom27.5Hz_sma3nz_4,F0semitoneFrom27.5Hz_sma3nz_5,F0semitoneFrom27.5Hz_sma3nz_6,F0semitoneFrom27.5Hz_sma3nz_7,F0semitoneFrom27.5Hz_sma3nz_8,jitterLocal_sma3nz_1,jitterLocal_sma3nz_2,jitterLocal_sma3nz_3,jitterLocal_sma3nz_4,jitterLocal_sma3nz_5,jitterLocal_sma3nz_6,jitterLocal_sma3nz_7,jitterLocal_sma3nz_8
24.004093,30.43872825,31.461242712499995,37.21464590625,33.391480125,26.41836265625,21.90409,22.9355084375,24.037363125,13.034395781249998,14.400999409375,31.873212625,21.27394934375,12.0308237375,17.49092420625,21.208928125,14.36507471875,4.16424553125,2.3157430365625,7.31892903125,-4.013911703125,-7.718666290625,18.54201353125,14.489480453125,15.299131193749998,-3.0255920593750005,2.65795836125,-8.37800565625,-0.813169773125,-0.7057040793749998,13.10780671875,8.926308303125,4.428660203125,14.61664475,14.57107959375,21.1700571875,21.876685375,0.0,0.0,0.0,0.00475654396875,0.0087719148875,0.0247201654374999,0.0074586678812499,0.04038897596875,0.0,0.0,0.0
