mfcc1_sma3_1,mfcc1_sma3_2,mfcc1_sma3_3,mfcc1_sma3_4,mfcc1_sma3_5,mfcc1_sma3_6,mfcc1_sma3_7,mfcc1_sma3_8,mfcc2_sma3_1,mfcc2_sma3_2,mfcc2_sma3_3,mfcc2_sma3_4,mfcc2_sma3_5,mfcc2_sma3_6,mfcc2_sma3_7,mfcc2_sma3_8,mfcc3_sma3_1,mfcc3_sma3_2,mfcc3_sma3_3,mfcc3_sma3_4,mfcc3_sma3_5,mfcc3_sma3_6,mfcc3_sma3_7,mfcc3_sma3_8,mfcc4_sma3_1,mfcc4_sma3_2,mfcc4_sma3_3,mfcc4_sma3_4,mfcc4_sma3_5,mfcc4_sma3_6,mfcc4_sma3_7,mfcc4_sma3_8,F0semitoneFrom27.5Hz_sma3nz_1,F0semitoneFrom27.5Hz_sma3nz_2,F0semitoneFrom27.5Hz_sma3nz_3,F0semitoneFrom27.5Hz_sma3nz_4,F0semitoneFrom27.5Hz_sma3nz_5,F0semitoneFrom27.5Hz_sma3nz_6,F0semitoneFrom27.5Hz_sma3nz_7,F0semitoneFrom27.5Hz_sma3nz_8,jitterLocal_sma3nz_1,jitterLocal_sma3nz_2,jitterLocal_sma3nz_3,jitterLocal_sma3nz_4,jitterLocal_sma3nz_5,jitterLocal_sma3nz_6,jitterLocal_sma3nz_7,jitterLocal_sma3nz_8
23.10047285,17.1348599435,9.50418169,30.505695300000003,25.67517595,26.9223596,23.71178075,24.949694,24.095730100000004,30.834484250000003,23.6259526,7.49092718,12.7195254085,10.016157809,21.9232192,28.3801565,17.273349400000004,17.484149775,7.268372590000001,-6.230742173499999,-3.662997217500001,-1.984014665,16.829914925,15.05687206818182,18.408954800000004,16.632223774999996,3.5500979800000003,-2.9050088840000003,4.127036064,12.260412105,14.542617625,16.926653863636364,5.048163850000001,2.580422125,11.1965332,24.7485337,9.57747905,3.28693275,2.4662460000000004,5.291635590909091,0.0022621924,0.0,0.0045555229,0.0059980810899999,0.0069636672999999,0.000803995375,0.0,0.0059737672727272
