mfcc1_sma3_1,mfcc1_sma3_2,mfcc1_sma3_3,mfcc1_sma3_4,mfcc1_sma3_5,mfcc1_sma3_6,mfcc1_sma3_7,mfcc1_sma3_8,mfcc2_sma3_1,mfcc2_sma3_2,mfcc2_sma3_3,mfcc2_sma3_4,mfcc2_sma3_5,mfcc2_sma3_6,mfcc2_sma3_7,mfcc2_sma3_8,mfcc3_sma3_1,mfcc3_sma3_2,mfcc3_sma3_3,mfcc3_sma3_4,mfcc3_sma3_5,mfcc3_sma3_6,mfcc3_sma3_7,mfcc3_sma3_8,mfcc4_sma3_1,mfcc4_sma3_2,mfcc4_sma3_3,mfcc4_sma3_4,mfcc4_sma3_5,mfcc4_sma3_6,mfcc4_sma3_7,mfcc4_sma3_8,F0semitoneFrom27.5Hz_sma3nz_1,F0semitoneFrom27.5Hz_sma3nz_2,F0semitoneFrom27.5Hz_sma3nz_3,F0semitoneFrom27.5Hz_sma3nz_4,F0semitoneFrom27.5Hz_sma3nz_5,F0semitoneFrom27.5Hz_sma3nz_6,F0semitoneFrom27.5Hz_sma3nz_7,F0semitoneFrom27.5Hz_sma3nz_8,jitterLocal_sma3nz_1,jitterLocal_sma3nz_2,jitterLocal_sma3nz_3,jitterLocal_sma3nz_4,jitterLocal_sma3nz_5,jitterLocal_sma3nz_6,jitterLocal_sma3nz_7,jitterLocal_sma3nz_8
23.475462607142862,17.41775475357143,17.158647353571432,17.398049403571427,20.613511928571427,15.895588803571428,23.08702896428572,23.76364124242424,24.5920185,25.794773071428573,19.193019946428567,11.642781714285713,4.8516915182142855,9.962324401428573,26.953703964285715,26.753625545454547,13.08870480357143,17.927627589285713,-2.354313145357142,-0.8241210960714286,-15.601619810714284,8.764982317857141,15.540177839285716,15.065709348484848,13.93582864642857,16.0886078,-6.066401067857142,-6.064907786785716,-13.175036125714284,24.254035232142854,16.468368785714283,16.73807,3.206371857142857,0.0,28.38189828571429,18.81642582142857,22.506036642857143,0.0,1.3285426428571427,0.0,0.0069871853571428,0.0,0.0066849591714285,0.0140492927857142,0.0157195250535714,0.0,0.0,0.0
