mfcc1_sma3_1,mfcc1_sma3_2,mfcc1_sma3_3,mfcc1_sma3_4,mfcc1_sma3_5,mfcc1_sma3_6,mfcc1_sma3_7,mfcc1_sma3_8,mfcc2_sma3_1,mfcc2_sma3_2,mfcc2_sma3_3,mfcc2_sma3_4,mfcc2_sma3_5,mfcc2_sma3_6,mfcc2_sma3_7,mfcc2_sma3_8,mfcc3_sma3_1,mfcc3_sma3_2,mfcc3_sma3_3,mfcc3_sma3_4,mfcc3_sma3_5,mfcc3_sma3_6,mfcc3_sma3_7,mfcc3_sma3_8,mfcc4_sma3_1,mfcc4_sma3_2,mfcc4_sma3_3,mfcc4_sma3_4,mfcc4_sma3_5,mfcc4_sma3_6,mfcc4_sma3_7,mfcc4_sma3_8,F0semitoneFrom27.5Hz_sma3nz_1,F0semitoneFrom27.5Hz_sma3nz_2,F0semitoneFrom27.5Hz_sma3nz_3,F0semitoneFrom27.5Hz_sma3nz_4,F0semitoneFrom27.5Hz_sma3nz_5,F0semitoneFrom27.5Hz_sma3nz_6,F0semitoneFrom27.5Hz_sma3nz_7,F0semitoneFrom27.5Hz_sma3nz_8,jitterLocal_sma3nz_1,jitterLocal_sma3nz_2,jitterLocal_sma3nz_3,jitterLocal_sma3nz_4,jitterLocal_sma3nz_5,jitterLocal_sma3nz_6,jitterLocal_sma3nz_7,jitterLocal_sma3nz_8
22.238992052631577,17.51578492631579,5.6658573186842105,23.65198232394737,29.91429326315789,20.319641131578948,23.09572976315789,22.71697835,10.073241063157894,3.779884326315789,19.157707063157897,-7.648943414736841,7.973337378947368,-15.366631752631582,9.787726110526318,15.5927636375,16.313713355263157,16.044317718947372,24.64329335526316,10.65792664875,23.91879180210526,5.188847350789474,14.47937757894737,20.091538125,8.69844229210526,2.3161376894736843,10.821208192105264,0.3004528250000002,-5.093881596052633,1.872373952631579,11.280802994736842,11.786037325,2.412501052631579,0.0,1.8086636315789475,13.666032578947366,11.363645105263156,0.0,0.0,0.0,0.0008451717105263,0.0,0.0014295591578947,0.0190615582315789,0.004099983218421,0.0,0.0,0.0
