mfcc1_sma3_1,mfcc1_sma3_2,mfcc1_sma3_3,mfcc1_sma3_4,mfcc1_sma3_5,mfcc1_sma3_6,mfcc1_sma3_7,mfcc1_sma3_8,mfcc2_sma3_1,mfcc2_sma3_2,mfcc2_sma3_3,mfcc2_sma3_4,mfcc2_sma3_5,mfcc2_sma3_6,mfcc2_sma3_7,mfcc2_sma3_8,mfcc3_sma3_1,mfcc3_sma3_2,mfcc3_sma3_3,mfcc3_sma3_4,mfcc3_sma3_5,mfcc3_sma3_6,mfcc3_sma3_7,mfcc3_sma3_8,mfcc4_sma3_1,mfcc4_sma3_2,mfcc4_sma3_3,mfcc4_sma3_4,mfcc4_sma3_5,mfcc4_sma3_6,mfcc4_sma3_7,mfcc4_sma3_8,F0semitoneFrom27.5Hz_sma3nz_1,F0semitoneFrom27.5Hz_sma3nz_2,F0semitoneFrom27.5Hz_sma3nz_3,F0semitoneFrom27.5Hz_sma3nz_4,F0semitoneFrom27.5Hz_sma3nz_5,F0semitoneFrom27.5Hz_sma3nz_6,F0semitoneFrom27.5Hz_sma3nz_7,F0semitoneFrom27.5Hz_sma3nz_8,jitterLocal_sma3nz_1,jitterLocal_sma3nz_2,jitterLocal_sma3nz_3,jitterLocal_sma3nz_4,jitterLocal_sma3nz_5,jitterLocal_sma3nz_6,jitterLocal_sma3nz_7,jitterLocal_sma3nz_8
19.599298840000003,25.113149040000003,22.6787802,29.68059812,22.826257604,23.54209538,22.8735228,23.926971322580645,8.683426272,-5.5568639728,-5.8276737912,-2.6129066092,-3.7815434154,0.8191866635999997,14.805336768,18.014189580645162,27.034109220000005,2.7412201568,9.972975470399998,-3.4560886428,-5.599683768,-2.7813446880000003,13.78441122,14.387994596774195,14.25896842,-5.0787182280000005,-8.824747204,-20.586587632,-9.0127576024,-4.834789380799999,14.73832698,13.576298564516128,0.0,14.109935560000002,18.44820884,31.55449496,7.72350956,0.0,0.0,0.0,0.0,0.00565377248,0.00355889268,0.0114772544,0.00249072152,0.0,0.0,0.0
