mfcc1_sma3_1,mfcc1_sma3_2,mfcc1_sma3_3,mfcc1_sma3_4,mfcc1_sma3_5,mfcc1_sma3_6,mfcc1_sma3_7,mfcc1_sma3_8,mfcc2_sma3_1,mfcc2_sma3_2,mfcc2_sma3_3,mfcc2_sma3_4,mfcc2_sma3_5,mfcc2_sma3_6,mfcc2_sma3_7,mfcc2_sma3_8,mfcc3_sma3_1,mfcc3_sma3_2,mfcc3_sma3_3,mfcc3_sma3_4,mfcc3_sma3_5,mfcc3_sma3_6,mfcc3_sma3_7,mfcc3_sma3_8,mfcc4_sma3_1,mfcc4_sma3_2,mfcc4_sma3_3,mfcc4_sma3_4,mfcc4_sma3_5,mfcc4_sma3_6,mfcc4_sma3_7,mfcc4_sma3_8,F0semitoneFrom27.5Hz_sma3nz_1,F0semitoneFrom27.5Hz_sma3nz_2,F0semitoneFrom27.5Hz_sma3nz_3,F0semitoneFrom27.5Hz_sma3nz_4,F0semitoneFrom27.5Hz_sma3nz_5,F0semitoneFrom27.5Hz_sma3nz_6,F0semitoneFrom27.5Hz_sma3nz_7,F0semitoneFrom27.5Hz_sma3nz_8,jitterLocal_sma3nz_1,jitterLocal_sma3nz_2,jitterLocal_sma3nz_3,jitterLocal_sma3nz_4,jitterLocal_sma3nz_5,jitterLocal_sma3nz_6,jitterLocal_sma3nz_7,jitterLocal_sma3nz_8
25.25986584,25.593496920000003,20.687924868,23.844758176,21.456408919999998,25.07357716,24.471727520000005,25.6609735925926,13.061678508000002,12.622863548000003,6.510974984,-2.5785276633200005,-6.230210886559999,15.6451476948,18.41743232,17.17070755555556,13.875280668,13.369626299999998,12.453211556,4.025025695999999,0.3633122240000002,14.93197192,15.44609514,15.666718962962964,16.57175994,15.17923174,-18.263154472,-11.8831101576,-11.573288428,15.61124136,12.7285989,16.03660177777778,0.0,0.0,11.48131656,2.9421918400000004,0.0,0.0,0.0,0.0,0.0,0.0,0.002905397984,0.0036629279999999,0.0,0.0,0.0,0.0
