mfcc1_sma3_1,mfcc1_sma3_2,mfcc1_sma3_3,mfcc1_sma3_4,mfcc1_sma3_5,mfcc1_sma3_6,mfcc1_sma3_7,mfcc1_sma3_8,mfcc2_sma3_1,mfcc2_sma3_2,mfcc2_sma3_3,mfcc2_sma3_4,mfcc2_sma3_5,mfcc2_sma3_6,mfcc2_sma3_7,mfcc2_sma3_8,mfcc3_sma3_1,mfcc3_sma3_2,mfcc3_sma3_3,mfcc3_sma3_4,mfcc3_sma3_5,mfcc3_sma3_6,mfcc3_sma3_7,mfcc3_sma3_8,mfcc4_sma3_1,mfcc4_sma3_2,mfcc4_sma3_3,mfcc4_sma3_4,mfcc4_sma3_5,mfcc4_sma3_6,mfcc4_sma3_7,mfcc4_sma3_8,F0semitoneFrom27.5Hz_sma3nz_1,F0semitoneFrom27.5Hz_sma3nz_2,F0semitoneFrom27.5Hz_sma3nz_3,F0semitoneFrom27.5Hz_sma3nz_4,F0semitoneFrom27.5Hz_sma3nz_5,F0semitoneFrom27.5Hz_sma3nz_6,F0semitoneFrom27.5Hz_sma3nz_7,F0semitoneFrom27.5Hz_sma3nz_8,jitterLocal_sma3nz_1,jitterLocal_sma3nz_2,jitterLocal_sma3nz_3,jitterLocal_sma3nz_4,jitterLocal_sma3nz_5,jitterLocal_sma3nz_6,jitterLocal_sma3nz_7,jitterLocal_sma3nz_8
5.443367209090908,16.302314712121213,23.28226112121212,23.01123499090909,23.252177303030305,0.133614790909091,23.022137666666666,24.85814647368421,13.092391207060608,-0.8048705127272725,-5.973882824242424,-1.3614060090909088,3.210691554545454,17.245574542424244,19.674119242424243,18.916534078947368,9.376901037878788,-9.845112633333333,10.098731146666664,6.8430186212121225,22.209263530303037,12.32370020030303,15.328671484848485,14.736442999999996,-6.373864018181818,-23.62231213030303,4.271144184848485,-25.21635284848485,-7.866555548484848,-1.985381164,11.9867713,14.107545236842103,7.186085454545455,9.354404272727272,8.986839545454545,18.288681242424243,9.656732636363635,0.0,0.0,0.0,0.0042698782121212,0.0013136272090909,0.0058683882333333,0.0166678167575757,0.0022378581818181,0.0,0.0,0.0
