mfcc1_sma3_1,mfcc1_sma3_2,mfcc1_sma3_3,mfcc1_sma3_4,mfcc1_sma3_5,mfcc1_sma3_6,mfcc1_sma3_7,mfcc1_sma3_8,mfcc2_sma3_1,mfcc2_sma3_2,mfcc2_sma3_3,mfcc2_sma3_4,mfcc2_sma3_5,mfcc2_sma3_6,mfcc2_sma3_7,mfcc2_sma3_8,mfcc3_sma3_1,mfcc3_sma3_2,mfcc3_sma3_3,mfcc3_sma3_4,mfcc3_sma3_5,mfcc3_sma3_6,mfcc3_sma3_7,mfcc3_sma3_8,mfcc4_sma3_1,mfcc4_sma3_2,mfcc4_sma3_3,mfcc4_sma3_4,mfcc4_sma3_5,mfcc4_sma3_6,mfcc4_sma3_7,mfcc4_sma3_8,F0semitoneFrom27.5Hz_sma3nz_1,F0semitoneFrom27.5Hz_sma3nz_2,F0semitoneFrom27.5Hz_sma3nz_3,F0semitoneFrom27.5Hz_sma3nz_4,F0semitoneFrom27.5Hz_sma3nz_5,F0semitoneFrom27.5Hz_sma3nz_6,F0semitoneFrom27.5Hz_sma3nz_7,F0semitoneFrom27.5Hz_sma3nz_8,jitterLocal_sma3nz_1,jitterLocal_sma3nz_2,jitterLocal_sma3nz_3,jitterLocal_sma3nz_4,jitterLocal_sma3nz_5,jitterLocal_sma3nz_6,jitterLocal_sma3nz_7,jitterLocal_sma3nz_8
21.841114322222225,22.8408807,25.104964925925927,21.992359481481486,10.7150109,15.151018633333331,23.433835074074075,24.324928882352943,18.253378088888887,6.831159338888889,11.025554803703706,-3.4210592,-9.256228118518518,-1.123832708148148,17.310052703703704,19.165940470588232,12.646426707407407,12.591129655555552,-1.421763777037037,21.76192203703704,9.06780993703704,15.059700252962964,13.018294222222224,13.019994044117649,10.477934151851851,-4.927129451851852,-3.3383299259259265,-1.1098355703703704,-2.8153694448148148,2.048058464666666,14.475346722222222,12.88959916470588,0.0,11.898754370370373,13.479667074074074,10.433779703703705,8.937076074074074,0.0,0.0,0.0,0.0,0.0096781015444444,0.0066242859592592,0.004119836037037,0.0005386196814814,0.0,0.0,0.0
