mfcc1_sma3_1,mfcc1_sma3_2,mfcc1_sma3_3,mfcc1_sma3_4,mfcc1_sma3_5,mfcc1_sma3_6,mfcc1_sma3_7,mfcc1_sma3_8,mfcc2_sma3_1,mfcc2_sma3_2,mfcc2_sma3_3,mfcc2_sma3_4,mfcc2_sma3_5,mfcc2_sma3_6,mfcc2_sma3_7,mfcc2_sma3_8,mfcc3_sma3_1,mfcc3_sma3_2,mfcc3_sma3_3,mfcc3_sma3_4,mfcc3_sma3_5,mfcc3_sma3_6,mfcc3_sma3_7,mfcc3_sma3_8,mfcc4_sma3_1,mfcc4_sma3_2,mfcc4_sma3_3,mfcc4_sma3_4,mfcc4_sma3_5,mfcc4_sma3_6,mfcc4_sma3_7,mfcc4_sma3_8,F0semitoneFrom27.5Hz_sma3nz_1,F0semitoneFrom27.5Hz_sma3nz_2,F0semitoneFrom27.5Hz_sma3nz_3,F0semitoneFrom27.5Hz_sma3nz_4,F0semitoneFrom27.5Hz_sma3nz_5,F0semitoneFrom27.5Hz_sma3nz_6,F0semitoneFrom27.5Hz_sma3nz_7,F0semitoneFrom27.5Hz_sma3nz_8,jitterLocal_sma3nz_1,jitterLocal_sma3nz_2,jitterLocal_sma3nz_3,jitterLocal_sma3nz_4,jitterLocal_sma3nz_5,jitterLocal_sma3nz_6,jitterLocal_sma3nz_7,jitterLocal_sma3nz_8
15.72300907096774,-2.80768394516129,0.0751879406451612,1.1016906854838715,8.109928983870969,4.274203017741936,7.778259245161287,15.8035832928125,11.605634012903224,-19.15122190967742,12.733892451612904,-27.02326714516129,-12.58259074032258,-36.12363290322581,-0.0470578677419354,17.598273437499998,22.08693579032258,-3.7452962322580654,12.907492929032257,-9.190665450645165,-8.755375839354837,-13.41870816032258,7.682947117741937,8.817101335937501,9.15333146935484,-10.230707364516132,-13.578280467741935,0.1284579716129032,-24.72573711935484,2.1297378,-6.1158848064516125,12.47253440625,0.0,35.695342483870974,6.420622387096775,21.38489906451613,43.59415429032259,34.6626204516129,8.096246258064516,0.0,0.0,0.0168725644032258,0.009548496548387,0.0099702316838709,0.0106853571064516,0.0156328542354838,0.003458496032258,0.0
