mfcc1_sma3_1,mfcc1_sma3_2,mfcc1_sma3_3,mfcc1_sma3_4,mfcc1_sma3_5,mfcc1_sma3_6,mfcc1_sma3_7,mfcc1_sma3_8,mfcc2_sma3_1,mfcc2_sma3_2,mfcc2_sma3_3,mfcc2_sma3_4,mfcc2_sma3_5,mfcc2_sma3_6,mfcc2_sma3_7,mfcc2_sma3_8,mfcc3_sma3_1,mfcc3_sma3_2,mfcc3_sma3_3,mfcc3_sma3_4,mfcc3_sma3_5,mfcc3_sma3_6,mfcc3_sma3_7,mfcc3_sma3_8,mfcc4_sma3_1,mfcc4_sma3_2,mfcc4_sma3_3,mfcc4_sma3_4,mfcc4_sma3_5,mfcc4_sma3_6,mfcc4_sma3_7,mfcc4_sma3_8,F0semitoneFrom27.5Hz_sma3nz_1,F0semitoneFrom27.5Hz_sma3nz_2,F0semitoneFrom27.5Hz_sma3nz_3,F0semitoneFrom27.5Hz_sma3nz_4,F0semitoneFrom27.5Hz_sma3nz_5,F0semitoneFrom27.5Hz_sma3nz_6,F0semitoneFrom27.5Hz_sma3nz_7,F0semitoneFrom27.5Hz_sma3nz_8,jitterLocal_sma3nz_1,jitterLocal_sma3nz_2,jitterLocal_sma3nz_3,jitterLocal_sma3nz_4,jitterLocal_sma3nz_5,jitterLocal_sma3nz_6,jitterLocal_sma3nz_7,jitterLocal_sma3nz_8
23.7332246875,16.330381775,14.138883894375,22.379180359375,28.21611271875,23.08881896875,21.62838075,24.7310828125,19.16680409375,-3.9118592460625,-6.708446009375,8.143964889375,-1.7332790565624996,6.028622421874999,11.891880321875,19.288390031250003,13.189379625,-0.9466628624999998,9.48497986875,2.468802164375,-11.45707235,-13.00504837875,4.79044521896875,14.17528384375,11.94900283125,0.2758142937499996,-14.1170954125,-19.268989080625,-21.5972139671875,-10.17076081,16.007797765625,13.900524171875,0.0,16.93936290625,36.71789265625,36.6760818125,24.91079775,0.0,0.0,0.0,0.0,0.0071167161343749,0.014310248253125,0.015157042409375,0.007621384578125,0.0,0.0,0.0
