mfcc1_sma3_1,mfcc1_sma3_2,mfcc1_sma3_3,mfcc1_sma3_4,mfcc1_sma3_5,mfcc1_sma3_6,mfcc1_sma3_7,mfcc1_sma3_8,mfcc2_sma3_1,mfcc2_sma3_2,mfcc2_sma3_3,mfcc2_sma3_4,mfcc2_sma3_5,mfcc2_sma3_6,mfcc2_sma3_7,mfcc2_sma3_8,mfcc3_sma3_1,mfcc3_sma3_2,mfcc3_sma3_3,mfcc3_sma3_4,mfcc3_sma3_5,mfcc3_sma3_6,mfcc3_sma3_7,mfcc3_sma3_8,mfcc4_sma3_1,mfcc4_sma3_2,mfcc4_sma3_3,mfcc4_sma3_4,mfcc4_sma3_5,mfcc4_sma3_6,mfcc4_sma3_7,mfcc4_sma3_8,F0semitoneFrom27.5Hz_sma3nz_1,F0semitoneFrom27.5Hz_sma3nz_2,F0semitoneFrom27.5Hz_sma3nz_3,F0semitoneFrom27.5Hz_sma3nz_4,F0semitoneFrom27.5Hz_sma3nz_5,F0semitoneFrom27.5Hz_sma3nz_6,F0semitoneFrom27.5Hz_sma3nz_7,F0semitoneFrom27.5Hz_sma3nz_8,jitterLocal_sma3nz_1,jitterLocal_sma3nz_2,jitterLocal_sma3nz_3,jitterLocal_sma3nz_4,jitterLocal_sma3nz_5,jitterLocal_sma3nz_6,jitterLocal_sma3nz_7,jitterLocal_sma3nz_8
24.491222724137927,15.310149357048276,0.677796951724138,3.970765865517241,13.224126248275864,30.24834924137931,24.09318534482759,24.528460027777776,18.97093706896552,5.82343035862069,7.919426277586208,2.288704175862069,16.041901993103448,3.524465045,17.11422451724138,17.612541916666668,10.27885554482759,15.303244510344827,-1.300599194827586,7.204969385172413,5.648637763793103,-16.041432962068967,12.306725103448274,11.639673305555554,7.759865379310345,3.3118390827586204,-0.9219336137931036,-17.86432254586207,4.104337751034482,-7.525696089655175,12.238971396551722,10.892767258333333,0.0,0.0,12.707539137931034,16.213798896551722,10.252715172413794,0.0,0.0,0.0,0.0,0.0,0.0004683796551724,0.0106516851413793,0.0053143230344827,0.0,0.0,0.0
