mfcc1_sma3_1,mfcc1_sma3_2,mfcc1_sma3_3,mfcc1_sma3_4,mfcc1_sma3_5,mfcc1_sma3_6,mfcc1_sma3_7,mfcc1_sma3_8,mfcc2_sma3_1,mfcc2_sma3_2,mfcc2_sma3_3,mfcc2_sma3_4,mfcc2_sma3_5,mfcc2_sma3_6,mfcc2_sma3_7,mfcc2_sma3_8,mfcc3_sma3_1,mfcc3_sma3_2,mfcc3_sma3_3,mfcc3_sma3_4,mfcc3_sma3_5,mfcc3_sma3_6,mfcc3_sma3_7,mfcc3_sma3_8,mfcc4_sma3_1,mfcc4_sma3_2,mfcc4_sma3_3,mfcc4_sma3_4,mfcc4_sma3_5,mfcc4_sma3_6,mfcc4_sma3_7,mfcc4_sma3_8,F0semitoneFrom27.5Hz_sma3nz_1,F0semitoneFrom27.5Hz_sma3nz_2,F0semitoneFrom27.5Hz_sma3nz_3,F0semitoneFrom27.5Hz_sma3nz_4,F0semitoneFrom27.5Hz_sma3nz_5,F0semitoneFrom27.5Hz_sma3nz_6,F0semitoneFrom27.5Hz_sma3nz_7,F0semitoneFrom27.5Hz_sma3nz_8,jitterLocal_sma3nz_1,jitterLocal_sma3nz_2,jitterLocal_sma3nz_3,jitterLocal_sma3nz_4,jitterLocal_sma3nz_5,jitterLocal_sma3nz_6,jitterLocal_sma3nz_7,jitterLocal_sma3nz_8
22.578079882352945,17.06147201470588,16.646414264705882,13.598932038235294,20.324381897058824,18.90528241176471,23.93776508823529,24.44773020588235,20.64940355882353,6.115964725,-10.933547014705884,-4.297628617647059,-4.906081960882354,7.4136581794117635,19.052139911764705,18.298504161764704,12.976113338235294,17.36197388235294,0.2482010676470589,-6.7735218,7.155805583235295,15.546939308823529,13.983353411764703,10.746453117647055,11.617551797058823,6.530332105882354,-3.2067851282352944,4.594427036470588,-0.376469426470588,11.607269779411766,11.086019061764706,11.53790916470588,0.0,16.546403735294117,30.55952326470588,23.221065147058823,6.224308088235294,0.0,0.0,0.0,0.0,0.0069082940970588,0.0224449201852941,0.0078140207235294,0.0018933130588235,0.0,0.0,0.0
