mfcc1_sma3_1,mfcc1_sma3_2,mfcc1_sma3_3,mfcc1_sma3_4,mfcc1_sma3_5,mfcc1_sma3_6,mfcc1_sma3_7,mfcc1_sma3_8,mfcc2_sma3_1,mfcc2_sma3_2,mfcc2_sma3_3,mfcc2_sma3_4,mfcc2_sma3_5,mfcc2_sma3_6,mfcc2_sma3_7,mfcc2_sma3_8,mfcc3_sma3_1,mfcc3_sma3_2,mfcc3_sma3_3,mfcc3_sma3_4,mfcc3_sma3_5,mfcc3_sma3_6,mfcc3_sma3_7,mfcc3_sma3_8,mfcc4_sma3_1,mfcc4_sma3_2,mfcc4_sma3_3,mfcc4_sma3_4,mfcc4_sma3_5,mfcc4_sma3_6,mfcc4_sma3_7,mfcc4_sma3_8,F0semitoneFrom27.5Hz_sma3nz_1,F0semitoneFrom27.5Hz_sma3nz_2,F0semitoneFrom27.5Hz_sma3nz_3,F0semitoneFrom27.5Hz_sma3nz_4,F0semitoneFrom27.5Hz_sma3nz_5,F0semitoneFrom27.5Hz_sma3nz_6,F0semitoneFrom27.5Hz_sma3nz_7,F0semitoneFrom27.5Hz_sma3nz_8,jitterLocal_sma3nz_1,jitterLocal_sma3nz_2,jitterLocal_sma3nz_3,jitterLocal_sma3nz_4,jitterLocal_sma3nz_5,jitterLocal_sma3nz_6,jitterLocal_sma3nz_7,jitterLocal_sma3nz_8
24.932889620689657,22.455438310344828,16.539446610344825,15.255339941379308,7.781361590689654,11.905228172413796,21.959801620689657,23.8291956969697,21.105233,18.99853586206897,14.173213431034483,-19.385133413793103,-19.31107690689655,-19.388941228275865,13.80343097586207,18.250286666666668,15.94532424137931,12.926851,2.4806619644827586,-8.439973237931037,-15.291423258620693,-16.80431921310345,10.746463865517242,13.538876166666668,10.76542396896552,6.986333786206896,-5.544996824137931,-22.149768551724137,-13.496872235862073,1.8791200410344828,14.704702,11.128306512121211,0.0,0.0,18.49079396551724,40.13289193103448,26.31723255172414,5.876841931034484,0.0,0.0,0.0,0.0,0.0077153288275862,0.0263503296172413,0.0055910392793103,0.0136744810344827,0.0,0.0
