mfcc1_sma3_1,mfcc1_sma3_2,mfcc1_sma3_3,mfcc1_sma3_4,mfcc1_sma3_5,mfcc1_sma3_6,mfcc1_sma3_7,mfcc1_sma3_8,mfcc2_sma3_1,mfcc2_sma3_2,mfcc2_sma3_3,mfcc2_sma3_4,mfcc2_sma3_5,mfcc2_sma3_6,mfcc2_sma3_7,mfcc2_sma3_8,mfcc3_sma3_1,mfcc3_sma3_2,mfcc3_sma3_3,mfcc3_sma3_4,mfcc3_sma3_5,mfcc3_sma3_6,mfcc3_sma3_7,mfcc3_sma3_8,mfcc4_sma3_1,mfcc4_sma3_2,mfcc4_sma3_3,mfcc4_sma3_4,mfcc4_sma3_5,mfcc4_sma3_6,mfcc4_sma3_7,mfcc4_sma3_8,F0semitoneFrom27.5Hz_sma3nz_1,F0semitoneFrom27.5Hz_sma3nz_2,F0semitoneFrom27.5Hz_sma3nz_3,F0semitoneFrom27.5Hz_sma3nz_4,F0semitoneFrom27.5Hz_sma3nz_5,F0semitoneFrom27.5Hz_sma3nz_6,F0semitoneFrom27.5Hz_sma3nz_7,F0semitoneFrom27.5Hz_sma3nz_8,jitterLocal_sma3nz_1,jitterLocal_sma3nz_2,jitterLocal_sma3nz_3,jitterLocal_sma3nz_4,jitterLocal_sma3nz_5,jitterLocal_sma3nz_6,jitterLocal_sma3nz_7,jitterLocal_sma3nz_8
24.18661503030303,21.942831545454546,17.951189484848488,10.189223693636364,7.144786408181818,28.4119726969697,22.74729281818182,23.19010157142857,19.02780006060606,11.420843606060606,-3.5373930227272736,20.993192727272728,16.78350035090909,5.211292129333333,12.92222259090909,13.109333631428573,15.124664757575754,14.915395609090908,0.981595743939394,13.050984322727272,10.763574654545454,0.6202833787878785,18.766129787878786,15.415186714285714,12.65375136969697,13.756847784848484,-2.798846401515151,5.401426267878788,12.996552703030304,-3.723725027272727,16.27855484848485,15.93641199428571,0.0,6.746598151515152,12.613691424242424,18.867860606060606,0.9659187878787878,17.299818363636362,0.0,0.0,0.0,0.0042853191212121,0.0045214258424242,0.0124291193030303,0.0007212127272727,0.0057999306272727,0.0,0.0
