mfcc1_sma3_1,mfcc1_sma3_2,mfcc1_sma3_3,mfcc1_sma3_4,mfcc1_sma3_5,mfcc1_sma3_6,mfcc1_sma3_7,mfcc1_sma3_8,mfcc2_sma3_1,mfcc2_sma3_2,mfcc2_sma3_3,mfcc2_sma3_4,mfcc2_sma3_5,mfcc2_sma3_6,mfcc2_sma3_7,mfcc2_sma3_8,mfcc3_sma3_1,mfcc3_sma3_2,mfcc3_sma3_3,mfcc3_sma3_4,mfcc3_sma3_5,mfcc3_sma3_6,mfcc3_sma3_7,mfcc3_sma3_8,mfcc4_sma3_1,mfcc4_sma3_2,mfcc4_sma3_3,mfcc4_sma3_4,mfcc4_sma3_5,mfcc4_sma3_6,mfcc4_sma3_7,mfcc4_sma3_8,F0semitoneFrom27.5Hz_sma3nz_1,F0semitoneFrom27.5Hz_sma3nz_2,F0semitoneFrom27.5Hz_sma3nz_3,F0semitoneFrom27.5Hz_sma3nz_4,F0semitoneFrom27.5Hz_sma3nz_5,F0semitoneFrom27.5Hz_sma3nz_6,F0semitoneFrom27.5Hz_sma3nz_7,F0semitoneFrom27.5Hz_sma3nz_8,jitterLocal_sma3nz_1,jitterLocal_sma3nz_2,jitterLocal_sma3nz_3,jitterLocal_sma3nz_4,jitterLocal_sma3nz_5,jitterLocal_sma3nz_6,jitterLocal_sma3nz_7,jitterLocal_sma3nz_8
23.542078684210527,17.768762507894735,12.92973862026316,-1.7172228815789474,-5.009668903684212,-2.809180213157894,22.94264194736842,24.07623793023256,18.119320526315796,4.816557407894736,-7.181372997368422,-17.243459731578945,-31.74951083157895,5.702202417894737,17.68987634210526,19.17584379069768,13.68363822631579,1.6372166394736845,-8.996008436842104,2.948759677710526,1.865265196973684,10.112527575526316,12.61452127894737,10.819341358139535,14.472292044736845,-0.7989245315789472,-9.08340955263158,-17.637186181578947,-12.163220871052632,-12.190177481578942,14.516053126315787,11.870410720930234,0.0,17.015914236842107,30.19301652631579,28.99527671052632,37.09487671052632,0.0,0.0,0.0,0.0,0.010163026668421,0.0179466082552631,0.0155651167052631,0.0099318111552631,0.0,0.0,0.0
