mfcc1_sma3_1,mfcc1_sma3_2,mfcc1_sma3_3,mfcc1_sma3_4,mfcc1_sma3_5,mfcc1_sma3_6,mfcc1_sma3_7,mfcc1_sma3_8,mfcc2_sma3_1,mfcc2_sma3_2,mfcc2_sma3_3,mfcc2_sma3_4,mfcc2_sma3_5,mfcc2_sma3_6,mfcc2_sma3_7,mfcc2_sma3_8,mfcc3_sma3_1,mfcc3_sma3_2,mfcc3_sma3_3,mfcc3_sma3_4,mfcc3_sma3_5,mfcc3_sma3_6,mfcc3_sma3_7,mfcc3_sma3_8,mfcc4_sma3_1,mfcc4_sma3_2,mfcc4_sma3_3,mfcc4_sma3_4,mfcc4_sma3_5,mfcc4_sma3_6,mfcc4_sma3_7,mfcc4_sma3_8,F0semitoneFrom27.5Hz_sma3nz_1,F0semitoneFrom27.5Hz_sma3nz_2,F0semitoneFrom27.5Hz_sma3nz_3,F0semitoneFrom27.5Hz_sma3nz_4,F0semitoneFrom27.5Hz_sma3nz_5,F0semitoneFrom27.5Hz_sma3nz_6,F0semitoneFrom27.5Hz_sma3nz_7,F0semitoneFrom27.5Hz_sma3nz_8,jitterLocal_sma3nz_1,jitterLocal_sma3nz_2,jitterLocal_sma3nz_3,jitterLocal_sma3nz_4,jitterLocal_sma3nz_5,jitterLocal_sma3nz_6,jitterLocal_sma3nz_7,jitterLocal_sma3nz_8
20.87016266285714,2.1452154785714286,1.805448377142857,9.103117390457143,1.863016294285714,21.11725546285714,24.37750151428571,24.798301297297296,15.639363862857143,-21.19968854457143,-18.606843095428573,-12.102890402857142,1.4697934571428573,3.3926717542857143,18.499288828571427,20.010634540540547,15.292119517142858,-2.797199794285715,-2.8045985219428573,-22.25895224285714,-14.57001456,-21.34503084142857,10.85419727714286,13.846741148648649,10.241681994285717,-16.185443205714286,-17.306108422,-33.66125624285715,-17.799295370285716,-34.71608762857143,12.818532114285713,11.311590827027027,5.737912485714285,46.11811494285715,39.445811142857146,37.35920345714285,20.06665188571429,5.9050802,0.0,0.0,0.0022922705428571,0.0370003804028571,0.0150834507428571,0.0173485994457142,0.0090273189714285,0.0015727358428571,0.0,0.0
