mfcc1_sma3_1,mfcc1_sma3_2,mfcc1_sma3_3,mfcc1_sma3_4,mfcc1_sma3_5,mfcc1_sma3_6,mfcc1_sma3_7,mfcc1_sma3_8,mfcc2_sma3_1,mfcc2_sma3_2,mfcc2_sma3_3,mfcc2_sma3_4,mfcc2_sma3_5,mfcc2_sma3_6,mfcc2_sma3_7,mfcc2_sma3_8,mfcc3_sma3_1,mfcc3_sma3_2,mfcc3_sma3_3,mfcc3_sma3_4,mfcc3_sma3_5,mfcc3_sma3_6,mfcc3_sma3_7,mfcc3_sma3_8,mfcc4_sma3_1,mfcc4_sma3_2,mfcc4_sma3_3,mfcc4_sma3_4,mfcc4_sma3_5,mfcc4_sma3_6,mfcc4_sma3_7,mfcc4_sma3_8,F0semitoneFrom27.5Hz_sma3nz_1,F0semitoneFrom27.5Hz_sma3nz_2,F0semitoneFrom27.5Hz_sma3nz_3,F0semitoneFrom27.5Hz_sma3nz_4,F0semitoneFrom27.5Hz_sma3nz_5,F0semitoneFrom27.5Hz_sma3nz_6,F0semitoneFrom27.5Hz_sma3nz_7,F0semitoneFrom27.5Hz_sma3nz_8,jitterLocal_sma3nz_1,jitterLocal_sma3nz_2,jitterLocal_sma3nz_3,jitterLocal_sma3nz_4,jitterLocal_sma3nz_5,jitterLocal_sma3nz_6,jitterLocal_sma3nz_7,jitterLocal_sma3nz_8
24.167188,24.15061345,22.3917798,17.94013688,15.2528758175,20.043241,23.499581275,24.061710928571426,19.066356175,19.48176845,11.9608249675,-6.210543734,-4.91721374375,3.9696121075,18.8701618,18.566275619047616,12.0151943075,15.017446825000002,9.2378930085,9.926287998375,8.8574126425,18.0051964,14.10395275,14.796446154761906,12.567333522499998,13.5687571875,5.984485015,-9.626993705,-5.91480414325,-1.23099059425,13.244793075,13.390083630952384,0.0,0.0,7.410697000000001,21.86129925,24.486650225,3.823346625,0.0,0.0,0.0,0.0,0.001583920425,0.022264030225,0.0077109491074999,0.000650679275,0.0,0.0
