mfcc1_sma3_1,mfcc1_sma3_2,mfcc1_sma3_3,mfcc1_sma3_4,mfcc1_sma3_5,mfcc1_sma3_6,mfcc1_sma3_7,mfcc1_sma3_8,mfcc2_sma3_1,mfcc2_sma3_2,mfcc2_sma3_3,mfcc2_sma3_4,mfcc2_sma3_5,mfcc2_sma3_6,mfcc2_sma3_7,mfcc2_sma3_8,mfcc3_sma3_1,mfcc3_sma3_2,mfcc3_sma3_3,mfcc3_sma3_4,mfcc3_sma3_5,mfcc3_sma3_6,mfcc3_sma3_7,mfcc3_sma3_8,mfcc4_sma3_1,mfcc4_sma3_2,mfcc4_sma3_3,mfcc4_sma3_4,mfcc4_sma3_5,mfcc4_sma3_6,mfcc4_sma3_7,mfcc4_sma3_8,F0semitoneFrom27.5Hz_sma3nz_1,F0semitoneFrom27.5Hz_sma3nz_2,F0semitoneFrom27.5Hz_sma3nz_3,F0semitoneFrom27.5Hz_sma3nz_4,F0semitoneFrom27.5Hz_sma3nz_5,F0semitoneFrom27.5Hz_sma3nz_6,F0semitoneFrom27.5Hz_sma3nz_7,F0semitoneFrom27.5Hz_sma3nz_8,jitterLocal_sma3nz_1,jitterLocal_sma3nz_2,jitterLocal_sma3nz_3,jitterLocal_sma3nz_4,jitterLocal_sma3nz_5,jitterLocal_sma3nz_6,jitterLocal_sma3nz_7,jitterLocal_sma3nz_8
20.745736575,18.419168946,26.62908226,23.8078165125,20.51856373375,23.80699518,23.946863975,23.122084108695653,19.061451075,13.306628585,-6.1794023465,10.360832975,5.6134626295,19.2887671625,18.904784424999995,17.60757219565218,13.10577295,17.4831446475,-18.287526787500003,5.3457311050000005,-10.0901845225,1.6014522134500002,12.1645292125,11.891502130434782,10.307123174999996,-1.3412796195,-3.897084676,-18.8210922225,-21.68555477825,-12.272417116,12.7082479625,12.38994952173913,0.0,13.359529225,31.199700875,14.0371952,15.10208825,4.9780346,0.0,0.0,0.0,0.0082115309,0.0074820096775,0.009397561775,0.00463945711,0.0023241135425,0.0,0.0
