mfcc1_sma3_1,mfcc1_sma3_2,mfcc1_sma3_3,mfcc1_sma3_4,mfcc1_sma3_5,mfcc1_sma3_6,mfcc1_sma3_7,mfcc1_sma3_8,mfcc2_sma3_1,mfcc2_sma3_2,mfcc2_sma3_3,mfcc2_sma3_4,mfcc2_sma3_5,mfcc2_sma3_6,mfcc2_sma3_7,mfcc2_sma3_8,mfcc3_sma3_1,mfcc3_sma3_2,mfcc3_sma3_3,mfcc3_sma3_4,mfcc3_sma3_5,mfcc3_sma3_6,mfcc3_sma3_7,mfcc3_sma3_8,mfcc4_sma3_1,mfcc4_sma3_2,mfcc4_sma3_3,mfcc4_sma3_4,mfcc4_sma3_5,mfcc4_sma3_6,mfcc4_sma3_7,mfcc4_sma3_8,F0semitoneFrom27.5Hz_sma3nz_1,F0semitoneFrom27.5Hz_sma3nz_2,F0semitoneFrom27.5Hz_sma3nz_3,F0semitoneFrom27.5Hz_sma3nz_4,F0semitoneFrom27.5Hz_sma3nz_5,F0semitoneFrom27.5Hz_sma3nz_6,F0semitoneFrom27.5Hz_sma3nz_7,F0semitoneFrom27.5Hz_sma3nz_8,jitterLocal_sma3nz_1,jitterLocal_sma3nz_2,jitterLocal_sma3nz_3,jitterLocal_sma3nz_4,jitterLocal_sma3nz_5,jitterLocal_sma3nz_6,jitterLocal_sma3nz_7,jitterLocal_sma3nz_8
23.22926715625,15.84567136375,13.7882031125,21.53710250109375,10.90344538640625,33.3053118125,23.43321284375,22.9602546875,18.78897225,18.35052146875,2.014699792978125,12.338498940625,17.26833044375,17.63803578125,17.433799406250003,16.433288515625,11.63795485,17.843206509374998,11.734359558125,-1.8156759375,5.753347225000001,-15.3191795190625,11.07650673125,13.046806046875,11.548139621875,8.019142787500002,7.402430705625,1.2860073521875004,4.197764203124999,-36.108973840625,12.119718065625,15.335345528125,0.0,6.3587735625,20.32068628125,30.2167615625,6.34230215625,0.0,0.0,0.0,0.0,0.00390109728125,0.0147645288124999,0.013978393346875,0.0057163491875,0.0,0.0,0.0
