mfcc1_sma3_1,mfcc1_sma3_2,mfcc1_sma3_3,mfcc1_sma3_4,mfcc1_sma3_5,mfcc1_sma3_6,mfcc1_sma3_7,mfcc1_sma3_8,mfcc2_sma3_1,mfcc2_sma3_2,mfcc2_sma3_3,mfcc2_sma3_4,mfcc2_sma3_5,mfcc2_sma3_6,mfcc2_sma3_7,mfcc2_sma3_8,mfcc3_sma3_1,mfcc3_sma3_2,mfcc3_sma3_3,mfcc3_sma3_4,mfcc3_sma3_5,mfcc3_sma3_6,mfcc3_sma3_7,mfcc3_sma3_8,mfcc4_sma3_1,mfcc4_sma3_2,mfcc4_sma3_3,mfcc4_sma3_4,mfcc4_sma3_5,mfcc4_sma3_6,mfcc4_sma3_7,mfcc4_sma3_8,F0semitoneFrom27.5Hz_sma3nz_1,F0semitoneFrom27.5Hz_sma3nz_2,F0semitoneFrom27.5Hz_sma3nz_3,F0semitoneFrom27.5Hz_sma3nz_4,F0semitoneFrom27.5Hz_sma3nz_5,F0semitoneFrom27.5Hz_sma3nz_6,F0semitoneFrom27.5Hz_sma3nz_7,F0semitoneFrom27.5Hz_sma3nz_8,jitterLocal_sma3nz_1,jitterLocal_sma3nz_2,jitterLocal_sma3nz_3,jitterLocal_sma3nz_4,jitterLocal_sma3nz_5,jitterLocal_sma3nz_6,jitterLocal_sma3nz_7,jitterLocal_sma3nz_8
15.774676496875,22.74093828125,13.043773971875,20.601316863437496,14.1494624821875,20.494498484375,23.204792250000004,21.82530703125,16.44284253125,-17.354100412500003,-0.8305294937500001,12.618762834375,11.4583300125,14.000882184375,17.951965796875,16.359076375,15.186717875,-10.9768786421875,8.218196290624999,20.601781796875,24.342223312500003,19.311903625,14.136855203125,15.34405303125,12.2126083,-8.48990745928125,-12.197956709375,-2.3213715015625,-27.9431998109375,8.0023752973125,12.77160234375,12.466728225,1.188995125,37.501485875,25.9787759375,30.294723687500003,15.95913090625,0.8542303125,0.0,0.0,0.0,0.009619367171875,0.018090404153125,0.0139010371,0.0086904320124999,0.0013989641875,0.0,0.0
