mfcc1_sma3_1,mfcc1_sma3_2,mfcc1_sma3_3,mfcc1_sma3_4,mfcc1_sma3_5,mfcc1_sma3_6,mfcc1_sma3_7,mfcc1_sma3_8,mfcc2_sma3_1,mfcc2_sma3_2,mfcc2_sma3_3,mfcc2_sma3_4,mfcc2_sma3_5,mfcc2_sma3_6,mfcc2_sma3_7,mfcc2_sma3_8,mfcc3_sma3_1,mfcc3_sma3_2,mfcc3_sma3_3,mfcc3_sma3_4,mfcc3_sma3_5,mfcc3_sma3_6,mfcc3_sma3_7,mfcc3_sma3_8,mfcc4_sma3_1,mfcc4_sma3_2,mfcc4_sma3_3,mfcc4_sma3_4,mfcc4_sma3_5,mfcc4_sma3_6,mfcc4_sma3_7,mfcc4_sma3_8,F0semitoneFrom27.5Hz_sma3nz_1,F0semitoneFrom27.5Hz_sma3nz_2,F0semitoneFrom27.5Hz_sma3nz_3,F0semitoneFrom27.5Hz_sma3nz_4,F0semitoneFrom27.5Hz_sma3nz_5,F0semitoneFrom27.5Hz_sma3nz_6,F0semitoneFrom27.5Hz_sma3nz_7,F0semitoneFrom27.5Hz_sma3nz_8,jitterLocal_sma3nz_1,jitterLocal_sma3nz_2,jitterLocal_sma3nz_3,jitterLocal_sma3nz_4,jitterLocal_sma3nz_5,jitterLocal_sma3nz_6,jitterLocal_sma3nz_7,jitterLocal_sma3nz_8
22.4392525,15.06516007,19.738897525,25.647208375,19.36117661,24.10588485,20.156944707500003,23.504673976190475,20.2946002,-0.3449602128749999,-9.7775318225,-5.393969319,9.4477808725,-1.0491499374,14.8660574375,17.42670304761905,13.226362525000004,11.4079242185,-4.48171791,-5.6614632865,12.0567356535,10.5155011825,12.998343455,13.673214464285715,12.6492249665,14.211539195,3.33954021925,0.1868135649999998,5.386916960000001,17.85102029,12.514401575,13.349799945238097,0.0,5.784973175,19.986107975,16.515795375,14.456903274999998,0.0,0.0,0.0,0.0,0.0014773362125,0.007778426715,0.0053927309249999,0.0076531026175,0.0,0.0,0.0
