mfcc1_sma3_1,mfcc1_sma3_2,mfcc1_sma3_3,mfcc1_sma3_4,mfcc1_sma3_5,mfcc1_sma3_6,mfcc1_sma3_7,mfcc1_sma3_8,mfcc2_sma3_1,mfcc2_sma3_2,mfcc2_sma3_3,mfcc2_sma3_4,mfcc2_sma3_5,mfcc2_sma3_6,mfcc2_sma3_7,mfcc2_sma3_8,mfcc3_sma3_1,mfcc3_sma3_2,mfcc3_sma3_3,mfcc3_sma3_4,mfcc3_sma3_5,mfcc3_sma3_6,mfcc3_sma3_7,mfcc3_sma3_8,mfcc4_sma3_1,mfcc4_sma3_2,mfcc4_sma3_3,mfcc4_sma3_4,mfcc4_sma3_5,mfcc4_sma3_6,mfcc4_sma3_7,mfcc4_sma3_8,F0semitoneFrom27.5Hz_sma3nz_1,F0semitoneFrom27.5Hz_sma3nz_2,F0semitoneFrom27.5Hz_sma3nz_3,F0semitoneFrom27.5Hz_sma3nz_4,F0semitoneFrom27.5Hz_sma3nz_5,F0semitoneFrom27.5Hz_sma3nz_6,F0semitoneFrom27.5Hz_sma3nz_7,F0semitoneFrom27.5Hz_sma3nz_8,jitterLocal_sma3nz_1,jitterLocal_sma3nz_2,jitterLocal_sma3nz_3,jitterLocal_sma3nz_4,jitterLocal_sma3nz_5,jitterLocal_sma3nz_6,jitterLocal_sma3nz_7,jitterLocal_sma3nz_8
17.67043564285714,7.756399149999998,12.55474319690476,20.12995197619048,14.89503465,-4.317154254761904,19.402382414285714,24.02832792857143,13.232853497619049,-11.807176485714283,-15.675780135714287,-1.9295793747619048,-5.067223428571429,17.141059414285714,16.789002250000003,18.498502,6.797447406428572,-19.1450989,-6.764921664047618,-16.955625256190476,14.814129919047616,6.649165260476191,13.603575538095235,14.114618749999998,-5.033248954285714,-11.888162785476188,1.4616596764285714,-26.03131772619048,1.733628673809524,9.653679100000002,14.635382654761903,14.251113464285714,15.077384904761905,31.61760026190476,29.76564254761905,36.82281976190476,23.187816357142857,0.0,0.0,0.0,0.0018618813238095,0.004718279397619,0.0186635098523809,0.0127463017357142,0.0055573220095238,0.0,0.0,0.0
