mfcc1_sma3_1,mfcc1_sma3_2,mfcc1_sma3_3,mfcc1_sma3_4,mfcc1_sma3_5,mfcc1_sma3_6,mfcc1_sma3_7,mfcc1_sma3_8,mfcc2_sma3_1,mfcc2_sma3_2,mfcc2_sma3_3,mfcc2_sma3_4,mfcc2_sma3_5,mfcc2_sma3_6,mfcc2_sma3_7,mfcc2_sma3_8,mfcc3_sma3_1,mfcc3_sma3_2,mfcc3_sma3_3,mfcc3_sma3_4,mfcc3_sma3_5,mfcc3_sma3_6,mfcc3_sma3_7,mfcc3_sma3_8,mfcc4_sma3_1,mfcc4_sma3_2,mfcc4_sma3_3,mfcc4_sma3_4,mfcc4_sma3_5,mfcc4_sma3_6,mfcc4_sma3_7,mfcc4_sma3_8,F0semitoneFrom27.5Hz_sma3nz_1,F0semitoneFrom27.5Hz_sma3nz_2,F0semitoneFrom27.5Hz_sma3nz_3,F0semitoneFrom27.5Hz_sma3nz_4,F0semitoneFrom27.5Hz_sma3nz_5,F0semitoneFrom27.5Hz_sma3nz_6,F0semitoneFrom27.5Hz_sma3nz_7,F0semitoneFrom27.5Hz_sma3nz_8,jitterLocal_sma3nz_1,jitterLocal_sma3nz_2,jitterLocal_sma3nz_3,jitterLocal_sma3nz_4,jitterLocal_sma3nz_5,jitterLocal_sma3nz_6,jitterLocal_sma3nz_7,jitterLocal_sma3nz_8
17.91612642682927,14.870389007317074,18.64699224390244,5.894377466829268,12.740191515512192,12.180930095121951,22.5213982195122,22.934861043478264,10.2999411242,-17.889674485609756,-16.576728374878048,-0.8497304965853665,8.495833162609756,0.41586978,15.579975082926827,16.484399195652173,20.18849692682927,-9.650199949756098,-22.917150402439024,11.375036228536583,29.6018355,23.417683707317074,16.26616642682927,15.265554141304346,14.328423639024388,-14.800868654146342,-21.109625065853656,1.6076800073170734,6.076533951463415,14.12993142682927,14.209134939024391,14.823134923913049,0.0,30.705984780487807,37.35106753658537,19.011468414634145,34.60916690243903,3.08526756097561,0.0,0.0,0.0,0.0061962596609756,0.0116582605170731,0.0055788628780487,0.0170236703341463,0.0013933704756097,0.0,0.0
