mfcc1_sma3_1,mfcc1_sma3_2,mfcc1_sma3_3,mfcc1_sma3_4,mfcc1_sma3_5,mfcc1_sma3_6,mfcc1_sma3_7,mfcc1_sma3_8,mfcc2_sma3_1,mfcc2_sma3_2,mfcc2_sma3_3,mfcc2_sma3_4,mfcc2_sma3_5,mfcc2_sma3_6,mfcc2_sma3_7,mfcc2_sma3_8,mfcc3_sma3_1,mfcc3_sma3_2,mfcc3_sma3_3,mfcc3_sma3_4,mfcc3_sma3_5,mfcc3_sma3_6,mfcc3_sma3_7,mfcc3_sma3_8,mfcc4_sma3_1,mfcc4_sma3_2,mfcc4_sma3_3,mfcc4_sma3_4,mfcc4_sma3_5,mfcc4_sma3_6,mfcc4_sma3_7,mfcc4_sma3_8,F0semitoneFrom27.5Hz_sma3nz_1,F0semitoneFrom27.5Hz_sma3nz_2,F0semitoneFrom27.5Hz_sma3nz_3,F0semitoneFrom27.5Hz_sma3nz_4,F0semitoneFrom27.5Hz_sma3nz_5,F0semitoneFrom27.5Hz_sma3nz_6,F0semitoneFrom27.5Hz_sma3nz_7,F0semitoneFrom27.5Hz_sma3nz_8,jitterLocal_sma3nz_1,jitterLocal_sma3nz_2,jitterLocal_sma3nz_3,jitterLocal_sma3nz_4,jitterLocal_sma3nz_5,jitterLocal_sma3nz_6,jitterLocal_sma3nz_7,jitterLocal_sma3nz_8
21.21249236956522,20.06268309782609,21.82318432826087,25.44507130434783,13.739002834782612,27.03955054347826,20.99858267391304,21.69562709803921,28.97725532608697,10.85387732478261,-1.4090353478260866,-0.3924885493478259,-3.926752174782609,25.268531663043472,26.69428993478261,27.938440666666665,16.49741497826087,29.608420304347824,-6.323231878260868,-26.522729084782608,-8.998003030434784,0.3365590611739127,13.981007260869571,16.63077333333333,9.00694127173913,2.5388478860869568,-9.52754856521739,-33.52270322826087,-23.1612856,-25.124706515217397,8.32690652173913,11.566391329411765,0.0,19.54508465217391,32.62152182608695,42.57647591304348,20.65892454347826,1.8337836304347828,0.0,0.0,0.0,0.0117211648,0.0353030926195652,0.0352556773369565,0.0292993852543478,0.0019202582608695,0.0,0.0
