mfcc1_sma3_1,mfcc1_sma3_2,mfcc1_sma3_3,mfcc1_sma3_4,mfcc1_sma3_5,mfcc1_sma3_6,mfcc1_sma3_7,mfcc1_sma3_8,mfcc2_sma3_1,mfcc2_sma3_2,mfcc2_sma3_3,mfcc2_sma3_4,mfcc2_sma3_5,mfcc2_sma3_6,mfcc2_sma3_7,mfcc2_sma3_8,mfcc3_sma3_1,mfcc3_sma3_2,mfcc3_sma3_3,mfcc3_sma3_4,mfcc3_sma3_5,mfcc3_sma3_6,mfcc3_sma3_7,mfcc3_sma3_8,mfcc4_sma3_1,mfcc4_sma3_2,mfcc4_sma3_3,mfcc4_sma3_4,mfcc4_sma3_5,mfcc4_sma3_6,mfcc4_sma3_7,mfcc4_sma3_8,F0semitoneFrom27.5Hz_sma3nz_1,F0semitoneFrom27.5Hz_sma3nz_2,F0semitoneFrom27.5Hz_sma3nz_3,F0semitoneFrom27.5Hz_sma3nz_4,F0semitoneFrom27.5Hz_sma3nz_5,F0semitoneFrom27.5Hz_sma3nz_6,F0semitoneFrom27.5Hz_sma3nz_7,F0semitoneFrom27.5Hz_sma3nz_8,jitterLocal_sma3nz_1,jitterLocal_sma3nz_2,jitterLocal_sma3nz_3,jitterLocal_sma3nz_4,jitterLocal_sma3nz_5,jitterLocal_sma3nz_6,jitterLocal_sma3nz_7,jitterLocal_sma3nz_8
21.70535115625,17.551518734375,15.7564256084375,3.53507522015625,-2.8805675940625,10.5523024953125,21.89345140625,22.23207178125,30.094944875000003,10.801916028125,-9.861799553125,-3.8972944531249993,-16.5836025475,-3.99592328125,29.50669878125,27.85269315625,17.50194790625,5.603839125,-18.52603349375,6.0046931279375,-5.355240015625,11.6097668015625,17.45714428125,16.921217828125002,9.383690206249998,-4.08976736125,-14.687729587499998,-27.183040171875,-16.12561729375,-17.25493228125,12.112580184375,10.035729825,0.0,21.297085,43.96074056250001,31.3952799375,41.06822853125,2.637519125,0.0,0.0,0.0,0.0152886771875,0.068052631125,0.00406194164375,0.00897430215625,0.00065247778125,0.0,0.0
