mfcc1_sma3_1,mfcc1_sma3_2,mfcc1_sma3_3,mfcc1_sma3_4,mfcc1_sma3_5,mfcc1_sma3_6,mfcc1_sma3_7,mfcc1_sma3_8,mfcc2_sma3_1,mfcc2_sma3_2,mfcc2_sma3_3,mfcc2_sma3_4,mfcc2_sma3_5,mfcc2_sma3_6,mfcc2_sma3_7,mfcc2_sma3_8,mfcc3_sma3_1,mfcc3_sma3_2,mfcc3_sma3_3,mfcc3_sma3_4,mfcc3_sma3_5,mfcc3_sma3_6,mfcc3_sma3_7,mfcc3_sma3_8,mfcc4_sma3_1,mfcc4_sma3_2,mfcc4_sma3_3,mfcc4_sma3_4,mfcc4_sma3_5,mfcc4_sma3_6,mfcc4_sma3_7,mfcc4_sma3_8,F0semitoneFrom27.5Hz_sma3nz_1,F0semitoneFrom27.5Hz_sma3nz_2,F0semitoneFrom27.5Hz_sma3nz_3,F0semitoneFrom27.5Hz_sma3nz_4,F0semitoneFrom27.5Hz_sma3nz_5,F0semitoneFrom27.5Hz_sma3nz_6,F0semitoneFrom27.5Hz_sma3nz_7,F0semitoneFrom27.5Hz_sma3nz_8,jitterLocal_sma3nz_1,jitterLocal_sma3nz_2,jitterLocal_sma3nz_3,jitterLocal_sma3nz_4,jitterLocal_sma3nz_5,jitterLocal_sma3nz_6,jitterLocal_sma3nz_7,jitterLocal_sma3nz_8
21.950033264705883,18.70304622823529,35.711326529411764,14.942126140664708,28.869367,22.66731473235294,21.861808529411764,21.476026210526317,29.774628294117647,15.10257878970588,14.26287228235294,24.866085588235297,4.26863663117647,23.25146858823529,27.129163617647063,27.623498342105265,15.9472185,10.640248844117648,3.1100382735294114,4.048204518470588,-10.723647753529413,5.287596516764707,14.914143882352942,14.719000578947368,10.620238602941177,6.903526638235295,-10.140884264117648,7.024915005882353,-12.037335475,-5.649255342058824,9.690869164705884,8.621987568421053,0.0,11.62969961764706,23.194539176470588,16.214755794117647,15.208260294117643,0.0,0.0,0.0,0.0,0.0136389026470588,0.0084667518588235,0.008432526617647,0.0070708732058823,0.0,0.0,0.0
