mfcc1_sma3_1,mfcc1_sma3_2,mfcc1_sma3_3,mfcc1_sma3_4,mfcc1_sma3_5,mfcc1_sma3_6,mfcc1_sma3_7,mfcc1_sma3_8,mfcc2_sma3_1,mfcc2_sma3_2,mfcc2_sma3_3,mfcc2_sma3_4,mfcc2_sma3_5,mfcc2_sma3_6,mfcc2_sma3_7,mfcc2_sma3_8,mfcc3_sma3_1,mfcc3_sma3_2,mfcc3_sma3_3,mfcc3_sma3_4,mfcc3_sma3_5,mfcc3_sma3_6,mfcc3_sma3_7,mfcc3_sma3_8,mfcc4_sma3_1,mfcc4_sma3_2,mfcc4_sma3_3,mfcc4_sma3_4,mfcc4_sma3_5,mfcc4_sma3_6,mfcc4_sma3_7,mfcc4_sma3_8,F0semitoneFrom27.5Hz_sma3nz_1,F0semitoneFrom27.5Hz_sma3nz_2,F0semitoneFrom27.5Hz_sma3nz_3,F0semitoneFrom27.5Hz_sma3nz_4,F0semitoneFrom27.5Hz_sma3nz_5,F0semitoneFrom27.5Hz_sma3nz_6,F0semitoneFrom27.5Hz_sma3nz_7,F0semitoneFrom27.5Hz_sma3nz_8,jitterLocal_sma3nz_1,jitterLocal_sma3nz_2,jitterLocal_sma3nz_3,jitterLocal_sma3nz_4,jitterLocal_sma3nz_5,jitterLocal_sma3nz_6,jitterLocal_sma3nz_7,jitterLocal_sma3nz_8
20.805221090909093,19.214563227272727,31.571137393939395,17.751089782727274,26.64555143939394,21.296868443030306,20.953865757575763,21.540927763157896,28.247093818181813,17.298181606060606,-4.022409215151515,9.611645306212123,2.4446128121212123,17.126755245454547,27.179346030303027,28.01809728947368,17.85860112121212,12.01666967909091,0.1541324157575758,0.552857488621212,-13.380237669696973,9.91131936060606,15.98332943939394,16.003485157894733,9.534321403030305,3.03037913939394,-12.56550259060606,-2.6107333416969696,0.2513692448484849,-5.045163178787879,12.41957640909091,10.92211595,0.0,7.189212272727273,35.648279757575764,25.40483915151515,6.427755484848484,0.0,0.0,0.0,0.0,0.005686067030303,0.0131914729424242,0.005986161460606,0.003689082060606,0.0,0.0,0.0
