mfcc1_sma3_1,mfcc1_sma3_2,mfcc1_sma3_3,mfcc1_sma3_4,mfcc1_sma3_5,mfcc1_sma3_6,mfcc1_sma3_7,mfcc1_sma3_8,mfcc2_sma3_1,mfcc2_sma3_2,mfcc2_sma3_3,mfcc2_sma3_4,mfcc2_sma3_5,mfcc2_sma3_6,mfcc2_sma3_7,mfcc2_sma3_8,mfcc3_sma3_1,mfcc3_sma3_2,mfcc3_sma3_3,mfcc3_sma3_4,mfcc3_sma3_5,mfcc3_sma3_6,mfcc3_sma3_7,mfcc3_sma3_8,mfcc4_sma3_1,mfcc4_sma3_2,mfcc4_sma3_3,mfcc4_sma3_4,mfcc4_sma3_5,mfcc4_sma3_6,mfcc4_sma3_7,mfcc4_sma3_8,F0semitoneFrom27.5Hz_sma3nz_1,F0semitoneFrom27.5Hz_sma3nz_2,F0semitoneFrom27.5Hz_sma3nz_3,F0semitoneFrom27.5Hz_sma3nz_4,F0semitoneFrom27.5Hz_sma3nz_5,F0semitoneFrom27.5Hz_sma3nz_6,F0semitoneFrom27.5Hz_sma3nz_7,F0semitoneFrom27.5Hz_sma3nz_8,jitterLocal_sma3nz_1,jitterLocal_sma3nz_2,jitterLocal_sma3nz_3,jitterLocal_sma3nz_4,jitterLocal_sma3nz_5,jitterLocal_sma3nz_6,jitterLocal_sma3nz_7,jitterLocal_sma3nz_8
21.632539189189192,19.32356169189189,27.77770191891892,29.46480581081081,27.79600883783784,19.075358797297294,19.819043048648645,21.19826535,28.826901351351346,21.848184802702704,4.892704143513514,17.081233327027032,20.81481313783784,25.10873628378378,30.238711702702705,26.58836535,17.486391581081083,9.999880272972977,2.022353810810811,3.684121331351352,25.86638956756757,18.92108467567568,15.827657432432432,15.850233085,12.053168297297296,5.166122329729729,-5.857039236324326,-18.672761467567568,-4.964388373783785,4.686468527027027,13.77396271891892,8.072557824250001,0.0,6.32657945945946,6.898610162162162,6.776986972972972,10.428805972972972,0.0,0.0,0.0,0.0,0.0009398548324324,0.0021541649945945,0.0042219815405405,0.0048545615472972,0.0,0.0,0.0
