mfcc1_sma3_1,mfcc1_sma3_2,mfcc1_sma3_3,mfcc1_sma3_4,mfcc1_sma3_5,mfcc1_sma3_6,mfcc1_sma3_7,mfcc1_sma3_8,mfcc2_sma3_1,mfcc2_sma3_2,mfcc2_sma3_3,mfcc2_sma3_4,mfcc2_sma3_5,mfcc2_sma3_6,mfcc2_sma3_7,mfcc2_sma3_8,mfcc3_sma3_1,mfcc3_sma3_2,mfcc3_sma3_3,mfcc3_sma3_4,mfcc3_sma3_5,mfcc3_sma3_6,mfcc3_sma3_7,mfcc3_sma3_8,mfcc4_sma3_1,mfcc4_sma3_2,mfcc4_sma3_3,mfcc4_sma3_4,mfcc4_sma3_5,mfcc4_sma3_6,mfcc4_sma3_7,mfcc4_sma3_8,F0semitoneFrom27.5Hz_sma3nz_1,F0semitoneFrom27.5Hz_sma3nz_2,F0semitoneFrom27.5Hz_sma3nz_3,F0semitoneFrom27.5Hz_sma3nz_4,F0semitoneFrom27.5Hz_sma3nz_5,F0semitoneFrom27.5Hz_sma3nz_6,F0semitoneFrom27.5Hz_sma3nz_7,F0semitoneFrom27.5Hz_sma3nz_8,jitterLocal_sma3nz_1,jitterLocal_sma3nz_2,jitterLocal_sma3nz_3,jitterLocal_sma3nz_4,jitterLocal_sma3nz_5,jitterLocal_sma3nz_6,jitterLocal_sma3nz_7,jitterLocal_sma3nz_8
21.5629972051282,18.996813961538457,22.371484307692302,20.836074397435898,19.45039113487179,22.18230305641026,25.55468597435897,21.91236756521739,28.8992537948718,4.81737664076923,-2.6465868584615384,17.11114664358975,23.52648620512821,27.45193246153845,30.663368384615385,29.33157504347826,17.812170076923078,13.464864596923077,3.9563443337435897,-4.485586820512821,5.867144526923076,15.05026267179487,16.02688611538462,16.950006260869568,10.801274315384616,-10.053900951282053,-16.36996132615385,-30.52801548974359,-34.21015171025641,-33.10473272564103,-8.705826941025638,12.33811209347826,0.0,17.70013087179487,25.93823612820513,23.065682384615386,22.398884256410252,18.114385871794877,0.0,0.0,0.0,0.0046887516076923,0.0085776206589743,0.0344072406179487,0.010399677025641,0.0107765439282051,0.0,0.0
