mfcc1_sma3_1,mfcc1_sma3_2,mfcc1_sma3_3,mfcc1_sma3_4,mfcc1_sma3_5,mfcc1_sma3_6,mfcc1_sma3_7,mfcc1_sma3_8,mfcc2_sma3_1,mfcc2_sma3_2,mfcc2_sma3_3,mfcc2_sma3_4,mfcc2_sma3_5,mfcc2_sma3_6,mfcc2_sma3_7,mfcc2_sma3_8,mfcc3_sma3_1,mfcc3_sma3_2,mfcc3_sma3_3,mfcc3_sma3_4,mfcc3_sma3_5,mfcc3_sma3_6,mfcc3_sma3_7,mfcc3_sma3_8,mfcc4_sma3_1,mfcc4_sma3_2,mfcc4_sma3_3,mfcc4_sma3_4,mfcc4_sma3_5,mfcc4_sma3_6,mfcc4_sma3_7,mfcc4_sma3_8,F0semitoneFrom27.5Hz_sma3nz_1,F0semitoneFrom27.5Hz_sma3nz_2,F0semitoneFrom27.5Hz_sma3nz_3,F0semitoneFrom27.5Hz_sma3nz_4,F0semitoneFrom27.5Hz_sma3nz_5,F0semitoneFrom27.5Hz_sma3nz_6,F0semitoneFrom27.5Hz_sma3nz_7,F0semitoneFrom27.5Hz_sma3nz_8,jitterLocal_sma3nz_1,jitterLocal_sma3nz_2,jitterLocal_sma3nz_3,jitterLocal_sma3nz_4,jitterLocal_sma3nz_5,jitterLocal_sma3nz_6,jitterLocal_sma3nz_7,jitterLocal_sma3nz_8
17.721193612903225,15.798351064516128,6.074015242258065,10.869091358064514,12.081871977096773,6.111274174838709,12.821842273387096,18.37103561714285,25.212803290322576,24.28908515806452,1.2653135493548395,-8.082070022580645,-8.789905201935484,-21.519248561290325,-17.248983816129034,17.815960025714286,21.3633734516129,26.641981387096774,2.0609728580645155,-13.898702967741936,-7.69786614032258,-15.47656332580645,-3.936487460064516,18.95052138571429,15.883358887096776,3.8625197741935473,-18.556244130000003,-44.223364129032255,-20.298685451612904,-29.829324612903225,-17.762050711290318,9.271885172,0.0,7.085526612903226,15.756992322580643,44.32199470967743,30.93173883870968,47.410869903225816,2.9849022903225806,0.0,0.0,0.0008128309096774,0.0023941199225806,0.0087984362935483,0.0075486052838709,0.0065073313870967,0.000719419532258,0.0
