mfcc1_sma3_1,mfcc1_sma3_2,mfcc1_sma3_3,mfcc1_sma3_4,mfcc1_sma3_5,mfcc1_sma3_6,mfcc1_sma3_7,mfcc1_sma3_8,mfcc2_sma3_1,mfcc2_sma3_2,mfcc2_sma3_3,mfcc2_sma3_4,mfcc2_sma3_5,mfcc2_sma3_6,mfcc2_sma3_7,mfcc2_sma3_8,mfcc3_sma3_1,mfcc3_sma3_2,mfcc3_sma3_3,mfcc3_sma3_4,mfcc3_sma3_5,mfcc3_sma3_6,mfcc3_sma3_7,mfcc3_sma3_8,mfcc4_sma3_1,mfcc4_sma3_2,mfcc4_sma3_3,mfcc4_sma3_4,mfcc4_sma3_5,mfcc4_sma3_6,mfcc4_sma3_7,mfcc4_sma3_8,F0semitoneFrom27.5Hz_sma3nz_1,F0semitoneFrom27.5Hz_sma3nz_2,F0semitoneFrom27.5Hz_sma3nz_3,F0semitoneFrom27.5Hz_sma3nz_4,F0semitoneFrom27.5Hz_sma3nz_5,F0semitoneFrom27.5Hz_sma3nz_6,F0semitoneFrom27.5Hz_sma3nz_7,F0semitoneFrom27.5Hz_sma3nz_8,jitterLocal_sma3nz_1,jitterLocal_sma3nz_2,jitterLocal_sma3nz_3,jitterLocal_sma3nz_4,jitterLocal_sma3nz_5,jitterLocal_sma3nz_6,jitterLocal_sma3nz_7,jitterLocal_sma3nz_8
19.356726229508197,14.142385576065571,6.2616518311475415,5.920756720180328,12.316303488524593,13.377340321967214,16.444815221114755,18.15275175757576,23.76435139344262,-2.5961271311475405,17.954362532786888,7.979555608196724,1.9386087242622951,-7.280910202786885,8.676666030163936,25.53150218181818,19.80310189344262,6.723529462295081,22.73032518665574,17.508268455737703,22.57860439590164,5.684915409180327,18.707467077049177,21.17243968181818,11.88004863770492,-6.521365640983607,2.028462395901639,-5.42560304242623,-18.34308991639344,-15.20591081377049,-3.699274784426229,15.052159196969695,1.5984294918032786,28.07127537704918,7.163180114754098,30.127933688524596,26.398715311475407,24.82649540983607,12.298584639344265,0.5322138484848485,0.0027002204262295,0.0110217550557377,0.0011201494540983,0.0172816969229508,0.006955414009836,0.0155884249295081,0.0118983114262295,0.0
