mfcc1_sma3_1,mfcc1_sma3_2,mfcc1_sma3_3,mfcc1_sma3_4,mfcc1_sma3_5,mfcc1_sma3_6,mfcc1_sma3_7,mfcc1_sma3_8,mfcc2_sma3_1,mfcc2_sma3_2,mfcc2_sma3_3,mfcc2_sma3_4,mfcc2_sma3_5,mfcc2_sma3_6,mfcc2_sma3_7,mfcc2_sma3_8,mfcc3_sma3_1,mfcc3_sma3_2,mfcc3_sma3_3,mfcc3_sma3_4,mfcc3_sma3_5,mfcc3_sma3_6,mfcc3_sma3_7,mfcc3_sma3_8,mfcc4_sma3_1,mfcc4_sma3_2,mfcc4_sma3_3,mfcc4_sma3_4,mfcc4_sma3_5,mfcc4_sma3_6,mfcc4_sma3_7,mfcc4_sma3_8,F0semitoneFrom27.5Hz_sma3nz_1,F0semitoneFrom27.5Hz_sma3nz_2,F0semitoneFrom27.5Hz_sma3nz_3,F0semitoneFrom27.5Hz_sma3nz_4,F0semitoneFrom27.5Hz_sma3nz_5,F0semitoneFrom27.5Hz_sma3nz_6,F0semitoneFrom27.5Hz_sma3nz_7,F0semitoneFrom27.5Hz_sma3nz_8,jitterLocal_sma3nz_1,jitterLocal_sma3nz_2,jitterLocal_sma3nz_3,jitterLocal_sma3nz_4,jitterLocal_sma3nz_5,jitterLocal_sma3nz_6,jitterLocal_sma3nz_7,jitterLocal_sma3nz_8
19.624235923076924,19.88068371794872,19.815280333333337,17.74975641025641,25.332302012820517,14.50374140769231,13.800384248717943,13.20610038144186,29.917410769230766,28.937273179487185,27.779359051282054,21.69008178205128,6.5592907625641015,-8.957511728205127,-9.760573456410258,22.67717000930233,18.570626025641022,18.057809923076924,19.173595143589743,24.362221307692305,4.777374466666667,5.237611395897436,2.963215768717949,18.35854946511628,8.49401091025641,8.71945051153846,8.244615266666667,6.47332688974359,-9.468955324615385,-12.834034541025645,-12.043653574871794,8.896763048837208,0.0,0.0,4.972995179487179,0.0,33.45746664102563,35.41111141025641,37.13793269230769,0.0,0.0,0.0,0.0221747134102564,0.0,0.0166106191435897,0.0097895308307692,0.0398904201282051,0.0
