mfcc1_sma3_1,mfcc1_sma3_2,mfcc1_sma3_3,mfcc1_sma3_4,mfcc1_sma3_5,mfcc1_sma3_6,mfcc1_sma3_7,mfcc1_sma3_8,mfcc2_sma3_1,mfcc2_sma3_2,mfcc2_sma3_3,mfcc2_sma3_4,mfcc2_sma3_5,mfcc2_sma3_6,mfcc2_sma3_7,mfcc2_sma3_8,mfcc3_sma3_1,mfcc3_sma3_2,mfcc3_sma3_3,mfcc3_sma3_4,mfcc3_sma3_5,mfcc3_sma3_6,mfcc3_sma3_7,mfcc3_sma3_8,mfcc4_sma3_1,mfcc4_sma3_2,mfcc4_sma3_3,mfcc4_sma3_4,mfcc4_sma3_5,mfcc4_sma3_6,mfcc4_sma3_7,mfcc4_sma3_8,F0semitoneFrom27.5Hz_sma3nz_1,F0semitoneFrom27.5Hz_sma3nz_2,F0semitoneFrom27.5Hz_sma3nz_3,F0semitoneFrom27.5Hz_sma3nz_4,F0semitoneFrom27.5Hz_sma3nz_5,F0semitoneFrom27.5Hz_sma3nz_6,F0semitoneFrom27.5Hz_sma3nz_7,F0semitoneFrom27.5Hz_sma3nz_8,jitterLocal_sma3nz_1,jitterLocal_sma3nz_2,jitterLocal_sma3nz_3,jitterLocal_sma3nz_4,jitterLocal_sma3nz_5,jitterLocal_sma3nz_6,jitterLocal_sma3nz_7,jitterLocal_sma3nz_8
18.601590351282056,21.11694912820513,13.761528824871798,2.164296442692308,16.883693330769226,17.001784533846156,33.36713430769231,21.600994820512817,27.74189433333333,21.003447076923077,7.7963451029743585,17.005109827179492,9.46469693076923,22.30682484102564,12.91762243076923,25.8518502948718,15.057550974358977,16.841714487179495,22.01331396153846,16.22839576666667,16.15441267025641,23.131618910512817,-6.819466127179487,14.713797394871794,9.876507616923078,-4.017082587179486,-20.08296884333333,-1.903324194871795,-23.52762548974359,-4.065216296666667,-24.268625079487176,8.76424914102564,0.0,13.793256794871796,29.630768179487177,12.851140846153848,28.573768384615388,16.030052871794872,19.003564205128207,0.0,0.0,0.0150121857948717,0.0072236881384615,0.0036827110410256,0.0042976328102564,0.0080899501307692,0.0106118327794871,0.0
