mfcc1_sma3_1,mfcc1_sma3_2,mfcc1_sma3_3,mfcc1_sma3_4,mfcc1_sma3_5,mfcc1_sma3_6,mfcc1_sma3_7,mfcc1_sma3_8,mfcc2_sma3_1,mfcc2_sma3_2,mfcc2_sma3_3,mfcc2_sma3_4,mfcc2_sma3_5,mfcc2_sma3_6,mfcc2_sma3_7,mfcc2_sma3_8,mfcc3_sma3_1,mfcc3_sma3_2,mfcc3_sma3_3,mfcc3_sma3_4,mfcc3_sma3_5,mfcc3_sma3_6,mfcc3_sma3_7,mfcc3_sma3_8,mfcc4_sma3_1,mfcc4_sma3_2,mfcc4_sma3_3,mfcc4_sma3_4,mfcc4_sma3_5,mfcc4_sma3_6,mfcc4_sma3_7,mfcc4_sma3_8,F0semitoneFrom27.5Hz_sma3nz_1,F0semitoneFrom27.5Hz_sma3nz_2,F0semitoneFrom27.5Hz_sma3nz_3,F0semitoneFrom27.5Hz_sma3nz_4,F0semitoneFrom27.5Hz_sma3nz_5,F0semitoneFrom27.5Hz_sma3nz_6,F0semitoneFrom27.5Hz_sma3nz_7,F0semitoneFrom27.5Hz_sma3nz_8,jitterLocal_sma3nz_1,jitterLocal_sma3nz_2,jitterLocal_sma3nz_3,jitterLocal_sma3nz_4,jitterLocal_sma3nz_5,jitterLocal_sma3nz_6,jitterLocal_sma3nz_7,jitterLocal_sma3nz_8
17.723489882352936,6.820692369411765,2.258795394117647,-0.7434951779411764,-1.1726095970588233,-0.960786138235294,8.820658557352942,16.4421065,28.340757441176468,3.432272129411764,-14.488894892941175,-24.204865567647055,-25.833137882352943,-15.894836404176472,-12.341348473529411,24.59789275,23.666935029411764,16.94203845264706,-25.12561836558824,-21.025921285294118,-21.277176652941176,-24.012967547058825,-14.884203469411764,19.52934705882353,12.574888405882351,-10.985392016588236,-24.51013799117647,-19.68783691176471,-20.98198493529412,-21.502718416470582,-10.51634585,15.849522205882351,0.0,19.268969,39.57917326470589,51.68973117647059,39.81352317647059,48.25207491176471,4.473336970588235,0.0,0.0,0.0091665162647058,0.0110136841058823,0.0116565928029411,0.0227782185382352,0.0202012964647058,0.0017845298529411,0.0
