mfcc1_sma3_1,mfcc1_sma3_2,mfcc1_sma3_3,mfcc1_sma3_4,mfcc1_sma3_5,mfcc1_sma3_6,mfcc1_sma3_7,mfcc1_sma3_8,mfcc2_sma3_1,mfcc2_sma3_2,mfcc2_sma3_3,mfcc2_sma3_4,mfcc2_sma3_5,mfcc2_sma3_6,mfcc2_sma3_7,mfcc2_sma3_8,mfcc3_sma3_1,mfcc3_sma3_2,mfcc3_sma3_3,mfcc3_sma3_4,mfcc3_sma3_5,mfcc3_sma3_6,mfcc3_sma3_7,mfcc3_sma3_8,mfcc4_sma3_1,mfcc4_sma3_2,mfcc4_sma3_3,mfcc4_sma3_4,mfcc4_sma3_5,mfcc4_sma3_6,mfcc4_sma3_7,mfcc4_sma3_8,F0semitoneFrom27.5Hz_sma3nz_1,F0semitoneFrom27.5Hz_sma3nz_2,F0semitoneFrom27.5Hz_sma3nz_3,F0semitoneFrom27.5Hz_sma3nz_4,F0semitoneFrom27.5Hz_sma3nz_5,F0semitoneFrom27.5Hz_sma3nz_6,F0semitoneFrom27.5Hz_sma3nz_7,F0semitoneFrom27.5Hz_sma3nz_8,jitterLocal_sma3nz_1,jitterLocal_sma3nz_2,jitterLocal_sma3nz_3,jitterLocal_sma3nz_4,jitterLocal_sma3nz_5,jitterLocal_sma3nz_6,jitterLocal_sma3nz_7,jitterLocal_sma3nz_8
18.790471422222215,13.372079335555554,5.139995643555556,6.121712995555556,9.51001751311111,23.461841462222218,23.336045400000003,20.708858062500003,29.111047244444443,7.485858971111109,-7.790919074222222,9.846371202755556,9.166601839999997,-0.2152114777777778,21.51974118444444,27.093410979166663,18.03640165777778,5.612650047444443,4.1494257286666665,9.922045678844444,-0.4346414084444448,-22.16759469333333,8.657711914444443,14.80715394791667,13.507546133555556,-4.577592191777778,-23.234252070000004,-19.77077067111111,-11.250874416511111,-26.862513158888888,2.162807418044445,6.779302845833333,0.0,7.226565399999999,35.86064108888889,37.11341846666667,14.509888622222222,18.646899755555555,0.0,0.78104828125,0.0,0.0048107432666666,0.0196639069266666,0.0163580747222222,0.0043202577866666,0.0046233533466666,0.0,0.0002570812083333
