mfcc1_sma3_1,mfcc1_sma3_2,mfcc1_sma3_3,mfcc1_sma3_4,mfcc1_sma3_5,mfcc1_sma3_6,mfcc1_sma3_7,mfcc1_sma3_8,mfcc2_sma3_1,mfcc2_sma3_2,mfcc2_sma3_3,mfcc2_sma3_4,mfcc2_sma3_5,mfcc2_sma3_6,mfcc2_sma3_7,mfcc2_sma3_8,mfcc3_sma3_1,mfcc3_sma3_2,mfcc3_sma3_3,mfcc3_sma3_4,mfcc3_sma3_5,mfcc3_sma3_6,mfcc3_sma3_7,mfcc3_sma3_8,mfcc4_sma3_1,mfcc4_sma3_2,mfcc4_sma3_3,mfcc4_sma3_4,mfcc4_sma3_5,mfcc4_sma3_6,mfcc4_sma3_7,mfcc4_sma3_8,F0semitoneFrom27.5Hz_sma3nz_1,F0semitoneFrom27.5Hz_sma3nz_2,F0semitoneFrom27.5Hz_sma3nz_3,F0semitoneFrom27.5Hz_sma3nz_4,F0semitoneFrom27.5Hz_sma3nz_5,F0semitoneFrom27.5Hz_sma3nz_6,F0semitoneFrom27.5Hz_sma3nz_7,F0semitoneFrom27.5Hz_sma3nz_8,jitterLocal_sma3nz_1,jitterLocal_sma3nz_2,jitterLocal_sma3nz_3,jitterLocal_sma3nz_4,jitterLocal_sma3nz_5,jitterLocal_sma3nz_6,jitterLocal_sma3nz_7,jitterLocal_sma3nz_8
20.147950774193557,16.142494306451614,12.562687686129037,17.383977729032257,25.169888935483872,19.318682580645163,19.74429370967742,19.07382717142857,23.02478596774193,0.961502608267742,4.551852316129033,13.066714817741934,-3.9937139845161287,6.396633707741936,26.04201435483871,27.78794548571429,17.522316220967735,11.605210061290322,2.830342403225805,4.042552311612903,-21.652108564516126,12.24392138387097,15.924302061290325,16.43852567142857,11.294693193548389,-16.827969316129032,-13.81007640967742,-2.480886595483871,-24.993719632258063,20.025744048387093,11.952211293548388,12.842141957142855,6.699338967741936,9.39578164516129,29.87061038709678,14.05517687096774,19.51117706451613,0.0,0.0,2.401119828571429,0.000556387548387,0.0015782577096774,0.0102549764290322,0.0098450911806451,0.0070956901290322,0.0,0.0,0.0098559748571428
