mfcc1_sma3_1,mfcc1_sma3_2,mfcc1_sma3_3,mfcc1_sma3_4,mfcc1_sma3_5,mfcc1_sma3_6,mfcc1_sma3_7,mfcc1_sma3_8,mfcc2_sma3_1,mfcc2_sma3_2,mfcc2_sma3_3,mfcc2_sma3_4,mfcc2_sma3_5,mfcc2_sma3_6,mfcc2_sma3_7,mfcc2_sma3_8,mfcc3_sma3_1,mfcc3_sma3_2,mfcc3_sma3_3,mfcc3_sma3_4,mfcc3_sma3_5,mfcc3_sma3_6,mfcc3_sma3_7,mfcc3_sma3_8,mfcc4_sma3_1,mfcc4_sma3_2,mfcc4_sma3_3,mfcc4_sma3_4,mfcc4_sma3_5,mfcc4_sma3_6,mfcc4_sma3_7,mfcc4_sma3_8,F0semitoneFrom27.5Hz_sma3nz_1,F0semitoneFrom27.5Hz_sma3nz_2,F0semitoneFrom27.5Hz_sma3nz_3,F0semitoneFrom27.5Hz_sma3nz_4,F0semitoneFrom27.5Hz_sma3nz_5,F0semitoneFrom27.5Hz_sma3nz_6,F0semitoneFrom27.5Hz_sma3nz_7,F0semitoneFrom27.5Hz_sma3nz_8,jitterLocal_sma3nz_1,jitterLocal_sma3nz_2,jitterLocal_sma3nz_3,jitterLocal_sma3nz_4,jitterLocal_sma3nz_5,jitterLocal_sma3nz_6,jitterLocal_sma3nz_7,jitterLocal_sma3nz_8
18.013443892857143,13.062261029285716,20.72300033928571,16.094620714285714,17.411388910714287,18.250937625,15.825535621428577,18.19666324242424,26.774910535714287,19.258051475,0.7417074053571427,-17.918005671428567,-4.448440160714285,-11.468777909285716,6.178795862857144,28.28102842424243,16.710296392857142,10.606018228571427,-21.3119325,-8.3144104075,-14.95468867857143,-25.80412566428572,11.790894687500002,19.145675606060607,11.159363432142854,-7.953467764285712,-26.67669060142857,-19.72650380714285,-15.671379577500002,-16.964528189035715,11.928535585714286,11.59423624242424,0.0,13.1442575,35.784528571428574,38.84150353571429,16.845702928571423,9.359906785714283,0.0,0.0,0.0,0.0159789890714285,0.0272627524107142,0.01471850495,0.0038149362142857,0.0029449338214285,0.0,0.0
