mfcc1_sma3_1,mfcc1_sma3_2,mfcc1_sma3_3,mfcc1_sma3_4,mfcc1_sma3_5,mfcc1_sma3_6,mfcc1_sma3_7,mfcc1_sma3_8,mfcc2_sma3_1,mfcc2_sma3_2,mfcc2_sma3_3,mfcc2_sma3_4,mfcc2_sma3_5,mfcc2_sma3_6,mfcc2_sma3_7,mfcc2_sma3_8,mfcc3_sma3_1,mfcc3_sma3_2,mfcc3_sma3_3,mfcc3_sma3_4,mfcc3_sma3_5,mfcc3_sma3_6,mfcc3_sma3_7,mfcc3_sma3_8,mfcc4_sma3_1,mfcc4_sma3_2,mfcc4_sma3_3,mfcc4_sma3_4,mfcc4_sma3_5,mfcc4_sma3_6,mfcc4_sma3_7,mfcc4_sma3_8,F0semitoneFrom27.5Hz_sma3nz_1,F0semitoneFrom27.5Hz_sma3nz_2,F0semitoneFrom27.5Hz_sma3nz_3,F0semitoneFrom27.5Hz_sma3nz_4,F0semitoneFrom27.5Hz_sma3nz_5,F0semitoneFrom27.5Hz_sma3nz_6,F0semitoneFrom27.5Hz_sma3nz_7,F0semitoneFrom27.5Hz_sma3nz_8,jitterLocal_sma3nz_1,jitterLocal_sma3nz_2,jitterLocal_sma3nz_3,jitterLocal_sma3nz_4,jitterLocal_sma3nz_5,jitterLocal_sma3nz_6,jitterLocal_sma3nz_7,jitterLocal_sma3nz_8
18.436105555555557,16.314336555555556,17.635345677777778,21.445188777777776,28.54345281481482,24.84261722222222,6.711410054703704,19.604727481481486,30.37092025925926,21.948869666666678,-4.970091307407408,-4.081976491481481,14.43847192222222,1.2169540577777778,24.952029222222222,30.464674703703704,21.175297148148147,0.9264121481481488,-11.36771750185185,-3.288394744444444,-6.743804466666668,19.018648025925927,9.53035572962963,23.05167814814815,15.04546538888889,-6.2003707703703705,-18.292762677777777,-17.179010017037037,-29.796198333333336,-14.551360038148148,20.89007084555556,16.625093796296298,0.0,19.73621885185185,42.22037244444445,24.70264429629629,29.76080929629629,12.977178888888888,0.0,0.0,0.0,0.0068627608148148,0.017571661074074,0.0062936341481481,0.0103996319629629,0.0044000226851851,0.0,0.0
