mfcc1_sma3_1,mfcc1_sma3_2,mfcc1_sma3_3,mfcc1_sma3_4,mfcc1_sma3_5,mfcc1_sma3_6,mfcc1_sma3_7,mfcc1_sma3_8,mfcc2_sma3_1,mfcc2_sma3_2,mfcc2_sma3_3,mfcc2_sma3_4,mfcc2_sma3_5,mfcc2_sma3_6,mfcc2_sma3_7,mfcc2_sma3_8,mfcc3_sma3_1,mfcc3_sma3_2,mfcc3_sma3_3,mfcc3_sma3_4,mfcc3_sma3_5,mfcc3_sma3_6,mfcc3_sma3_7,mfcc3_sma3_8,mfcc4_sma3_1,mfcc4_sma3_2,mfcc4_sma3_3,mfcc4_sma3_4,mfcc4_sma3_5,mfcc4_sma3_6,mfcc4_sma3_7,mfcc4_sma3_8,F0semitoneFrom27.5Hz_sma3nz_1,F0semitoneFrom27.5Hz_sma3nz_2,F0semitoneFrom27.5Hz_sma3nz_3,F0semitoneFrom27.5Hz_sma3nz_4,F0semitoneFrom27.5Hz_sma3nz_5,F0semitoneFrom27.5Hz_sma3nz_6,F0semitoneFrom27.5Hz_sma3nz_7,F0semitoneFrom27.5Hz_sma3nz_8,jitterLocal_sma3nz_1,jitterLocal_sma3nz_2,jitterLocal_sma3nz_3,jitterLocal_sma3nz_4,jitterLocal_sma3nz_5,jitterLocal_sma3nz_6,jitterLocal_sma3nz_7,jitterLocal_sma3nz_8
19.01140517142857,18.3581552,18.631856485714284,27.10452517142857,26.334849142857145,11.669188213714284,27.230099628571438,21.282448027027023,31.070081371428568,28.5585764,29.318879942857148,0.831265124657143,3.305069109428571,12.50664665,-6.599251868571429,28.702332729729733,22.02031768571429,20.76235805714286,21.74781611428572,-3.7789416374285714,-1.7188030709714286,3.932378892,0.3812280951428575,18.17867324054054,14.310271422857143,15.372813971428572,15.154885942857144,-24.05591411714286,-18.009844562857143,3.8467797371428576,-17.100173137914286,9.730749872972972,0.0,0.0,0.0,35.83521628571429,33.76807697142858,25.574971628571426,18.44770437142857,0.0,0.0,0.0,0.0,0.0194362970685714,0.0232650923285714,0.0091161122171428,0.0132499935,0.0
