mfcc1_sma3_1,mfcc1_sma3_2,mfcc1_sma3_3,mfcc1_sma3_4,mfcc1_sma3_5,mfcc1_sma3_6,mfcc1_sma3_7,mfcc1_sma3_8,mfcc2_sma3_1,mfcc2_sma3_2,mfcc2_sma3_3,mfcc2_sma3_4,mfcc2_sma3_5,mfcc2_sma3_6,mfcc2_sma3_7,mfcc2_sma3_8,mfcc3_sma3_1,mfcc3_sma3_2,mfcc3_sma3_3,mfcc3_sma3_4,mfcc3_sma3_5,mfcc3_sma3_6,mfcc3_sma3_7,mfcc3_sma3_8,mfcc4_sma3_1,mfcc4_sma3_2,mfcc4_sma3_3,mfcc4_sma3_4,mfcc4_sma3_5,mfcc4_sma3_6,mfcc4_sma3_7,mfcc4_sma3_8,F0semitoneFrom27.5Hz_sma3nz_1,F0semitoneFrom27.5Hz_sma3nz_2,F0semitoneFrom27.5Hz_sma3nz_3,F0semitoneFrom27.5Hz_sma3nz_4,F0semitoneFrom27.5Hz_sma3nz_5,F0semitoneFrom27.5Hz_sma3nz_6,F0semitoneFrom27.5Hz_sma3nz_7,F0semitoneFrom27.5Hz_sma3nz_8,jitterLocal_sma3nz_1,jitterLocal_sma3nz_2,jitterLocal_sma3nz_3,jitterLocal_sma3nz_4,jitterLocal_sma3nz_5,jitterLocal_sma3nz_6,jitterLocal_sma3nz_7,jitterLocal_sma3nz_8
19.62893503103448,14.18924139551724,26.766330034482763,34.34048003448275,24.90874472413793,31.19133975862069,20.34653748275862,18.703344931034486,26.18444863793104,11.968062358620692,-8.124215986206897,15.409095396551724,11.157150427586206,23.12001803448276,26.980100310344824,29.150898931034483,22.396460586206896,21.943178051724136,-18.834077213793105,-9.39492604827586,10.300917630689655,-4.761191846551724,15.907865651724135,20.8716585862069,12.96372439310345,-11.10921528275862,-19.967584579310348,-35.52276796551724,-2.938000327586208,-60.03912268965517,10.216521186206895,14.512149362068968,14.416279482758622,29.79882572413793,41.03983475862069,18.823996206896556,15.417384241379308,18.7539354137931,0.0,0.0,0.0180413275862069,0.0144871988620689,0.019883918237931,0.0116839792896551,0.0111037612413793,0.0135422664827586,0.0,0.0
