mfcc1_sma3_1,mfcc1_sma3_2,mfcc1_sma3_3,mfcc1_sma3_4,mfcc1_sma3_5,mfcc1_sma3_6,mfcc1_sma3_7,mfcc1_sma3_8,mfcc2_sma3_1,mfcc2_sma3_2,mfcc2_sma3_3,mfcc2_sma3_4,mfcc2_sma3_5,mfcc2_sma3_6,mfcc2_sma3_7,mfcc2_sma3_8,mfcc3_sma3_1,mfcc3_sma3_2,mfcc3_sma3_3,mfcc3_sma3_4,mfcc3_sma3_5,mfcc3_sma3_6,mfcc3_sma3_7,mfcc3_sma3_8,mfcc4_sma3_1,mfcc4_sma3_2,mfcc4_sma3_3,mfcc4_sma3_4,mfcc4_sma3_5,mfcc4_sma3_6,mfcc4_sma3_7,mfcc4_sma3_8,F0semitoneFrom27.5Hz_sma3nz_1,F0semitoneFrom27.5Hz_sma3nz_2,F0semitoneFrom27.5Hz_sma3nz_3,F0semitoneFrom27.5Hz_sma3nz_4,F0semitoneFrom27.5Hz_sma3nz_5,F0semitoneFrom27.5Hz_sma3nz_6,F0semitoneFrom27.5Hz_sma3nz_7,F0semitoneFrom27.5Hz_sma3nz_8,jitterLocal_sma3nz_1,jitterLocal_sma3nz_2,jitterLocal_sma3nz_3,jitterLocal_sma3nz_4,jitterLocal_sma3nz_5,jitterLocal_sma3nz_6,jitterLocal_sma3nz_7,jitterLocal_sma3nz_8
22.587813629629636,18.138675203703706,21.871784777777773,25.008540555555555,31.962662685185187,13.17782496925926,30.134191444444443,21.817140407407404,30.22091077777777,19.774314555555552,7.016354234814815,7.266043507222222,17.455972559259262,21.8724125925926,27.08438837037037,28.469458555555555,15.137823074074074,21.558973777777776,22.103724650740745,16.719251333148147,-2.4128295196296303,9.476355431481482,6.547660525925926,15.133887425925924,8.497255733333335,6.692404862592593,4.055080938148148,-5.720921818518518,-22.65563611481481,-5.129309818148148,-30.541219929629623,5.65039115925926,0.0,0.0,11.915358481481482,18.5266387037037,20.2856637037037,9.03724048148148,4.69538574074074,0.0,0.0,0.0,0.0082741473333333,0.0120484526296296,0.0194332572037037,0.0030545434037037,0.0259182662962962,0.0
