mfcc1_sma3_1,mfcc1_sma3_2,mfcc1_sma3_3,mfcc1_sma3_4,mfcc1_sma3_5,mfcc1_sma3_6,mfcc1_sma3_7,mfcc1_sma3_8,mfcc2_sma3_1,mfcc2_sma3_2,mfcc2_sma3_3,mfcc2_sma3_4,mfcc2_sma3_5,mfcc2_sma3_6,mfcc2_sma3_7,mfcc2_sma3_8,mfcc3_sma3_1,mfcc3_sma3_2,mfcc3_sma3_3,mfcc3_sma3_4,mfcc3_sma3_5,mfcc3_sma3_6,mfcc3_sma3_7,mfcc3_sma3_8,mfcc4_sma3_1,mfcc4_sma3_2,mfcc4_sma3_3,mfcc4_sma3_4,mfcc4_sma3_5,mfcc4_sma3_6,mfcc4_sma3_7,mfcc4_sma3_8,F0semitoneFrom27.5Hz_sma3nz_1,F0semitoneFrom27.5Hz_sma3nz_2,F0semitoneFrom27.5Hz_sma3nz_3,F0semitoneFrom27.5Hz_sma3nz_4,F0semitoneFrom27.5Hz_sma3nz_5,F0semitoneFrom27.5Hz_sma3nz_6,F0semitoneFrom27.5Hz_sma3nz_7,F0semitoneFrom27.5Hz_sma3nz_8,jitterLocal_sma3nz_1,jitterLocal_sma3nz_2,jitterLocal_sma3nz_3,jitterLocal_sma3nz_4,jitterLocal_sma3nz_5,jitterLocal_sma3nz_6,jitterLocal_sma3nz_7,jitterLocal_sma3nz_8
20.403133705882357,24.802396382352946,25.573063276470588,28.602649117647054,29.01480432352941,21.986949705882356,21.777560147058825,21.404041382352936,24.71759902941177,16.09908219117647,7.743025084117647,18.333757082352943,23.16914999411764,26.65113944117647,29.65174576470589,29.346784411764705,17.87953161764706,25.18723379411765,8.250134982941178,5.658641726470588,1.4781934493235291,16.241358485294114,18.23722511764706,19.200300794117645,8.653353140294119,9.541581938235296,-1.8921402182352944,-15.089567479411766,-20.993200288235293,4.233016886029412,12.410595744117646,11.832225270588236,0.0,11.576555,10.634587647058822,0.0,8.888686823529412,0.0,0.0,1.1279162647058825,0.0,0.0147031826970588,0.0059374821205882,0.0,0.0040895679705882,0.0,0.0,0.0
