mfcc1_sma3_1,mfcc1_sma3_2,mfcc1_sma3_3,mfcc1_sma3_4,mfcc1_sma3_5,mfcc1_sma3_6,mfcc1_sma3_7,mfcc1_sma3_8,mfcc2_sma3_1,mfcc2_sma3_2,mfcc2_sma3_3,mfcc2_sma3_4,mfcc2_sma3_5,mfcc2_sma3_6,mfcc2_sma3_7,mfcc2_sma3_8,mfcc3_sma3_1,mfcc3_sma3_2,mfcc3_sma3_3,mfcc3_sma3_4,mfcc3_sma3_5,mfcc3_sma3_6,mfcc3_sma3_7,mfcc3_sma3_8,mfcc4_sma3_1,mfcc4_sma3_2,mfcc4_sma3_3,mfcc4_sma3_4,mfcc4_sma3_5,mfcc4_sma3_6,mfcc4_sma3_7,mfcc4_sma3_8,F0semitoneFrom27.5Hz_sma3nz_1,F0semitoneFrom27.5Hz_sma3nz_2,F0semitoneFrom27.5Hz_sma3nz_3,F0semitoneFrom27.5Hz_sma3nz_4,F0semitoneFrom27.5Hz_sma3nz_5,F0semitoneFrom27.5Hz_sma3nz_6,F0semitoneFrom27.5Hz_sma3nz_7,F0semitoneFrom27.5Hz_sma3nz_8,jitterLocal_sma3nz_1,jitterLocal_sma3nz_2,jitterLocal_sma3nz_3,jitterLocal_sma3nz_4,jitterLocal_sma3nz_5,jitterLocal_sma3nz_6,jitterLocal_sma3nz_7,jitterLocal_sma3nz_8
20.945431428571425,20.84714817142857,19.76251016857143,11.65503419714286,21.78838497142857,19.34091374285714,32.65225317142857,22.561370390243905,29.051030114285712,28.19411677142857,-0.8620653542857141,5.22766744,7.3240252036,23.041676857142853,9.2730477,29.273927926829277,16.764771628571427,16.650683314285715,13.66411611714286,7.270281307428571,23.96818169714286,5.678501957142857,-9.66643842,17.477249304878047,10.516273877142858,9.5823939,-12.542258245714288,-4.116179584457143,-15.115512784571427,-0.9473339102857145,-29.71992498285714,11.891886363414637,0.0,0.0,28.602242942857146,23.90094805714286,34.10566768571429,11.602066342857142,13.333752485714284,0.0,0.0,0.0,0.01057810048,0.01121151546,0.0082658241391428,0.0108734888285714,0.0122024663028571,0.0
