mfcc1_sma3_1,mfcc1_sma3_2,mfcc1_sma3_3,mfcc1_sma3_4,mfcc1_sma3_5,mfcc1_sma3_6,mfcc1_sma3_7,mfcc1_sma3_8,mfcc2_sma3_1,mfcc2_sma3_2,mfcc2_sma3_3,mfcc2_sma3_4,mfcc2_sma3_5,mfcc2_sma3_6,mfcc2_sma3_7,mfcc2_sma3_8,mfcc3_sma3_1,mfcc3_sma3_2,mfcc3_sma3_3,mfcc3_sma3_4,mfcc3_sma3_5,mfcc3_sma3_6,mfcc3_sma3_7,mfcc3_sma3_8,mfcc4_sma3_1,mfcc4_sma3_2,mfcc4_sma3_3,mfcc4_sma3_4,mfcc4_sma3_5,mfcc4_sma3_6,mfcc4_sma3_7,mfcc4_sma3_8,F0semitoneFrom27.5Hz_sma3nz_1,F0semitoneFrom27.5Hz_sma3nz_2,F0semitoneFrom27.5Hz_sma3nz_3,F0semitoneFrom27.5Hz_sma3nz_4,F0semitoneFrom27.5Hz_sma3nz_5,F0semitoneFrom27.5Hz_sma3nz_6,F0semitoneFrom27.5Hz_sma3nz_7,F0semitoneFrom27.5Hz_sma3nz_8,jitterLocal_sma3nz_1,jitterLocal_sma3nz_2,jitterLocal_sma3nz_3,jitterLocal_sma3nz_4,jitterLocal_sma3nz_5,jitterLocal_sma3nz_6,jitterLocal_sma3nz_7,jitterLocal_sma3nz_8
22.138074411764705,20.384702376470585,16.84668582941177,26.981999882352937,20.94237019705882,23.40235110588235,19.70922747941176,21.608994578947367,30.348718500000004,0.2106184308823528,15.94930557647059,0.687825,-6.883413038235295,-1.6595730135294111,25.79637917647059,30.415197578947375,17.29406052941177,7.71545059,8.37104690882353,5.514453558823529,5.351663321176471,11.999195199999996,18.704052558823527,18.799486157894737,12.017384161764705,-2.7262944332352936,12.731660311764706,4.020703530588236,-11.060415376764706,-4.34099141264706,7.30401745,11.27086467368421,1.809731632352941,16.42035917647059,16.794043852941176,24.11214308823529,26.78265494117647,3.675568529411765,0.0,0.0,0.0012591657647058,0.0101420162058823,0.0061428441323529,0.0111804135294117,0.0162697260735294,0.0051107189411764,0.0,0.0
