mfcc1_sma3_1,mfcc1_sma3_2,mfcc1_sma3_3,mfcc1_sma3_4,mfcc1_sma3_5,mfcc1_sma3_6,mfcc1_sma3_7,mfcc1_sma3_8,mfcc2_sma3_1,mfcc2_sma3_2,mfcc2_sma3_3,mfcc2_sma3_4,mfcc2_sma3_5,mfcc2_sma3_6,mfcc2_sma3_7,mfcc2_sma3_8,mfcc3_sma3_1,mfcc3_sma3_2,mfcc3_sma3_3,mfcc3_sma3_4,mfcc3_sma3_5,mfcc3_sma3_6,mfcc3_sma3_7,mfcc3_sma3_8,mfcc4_sma3_1,mfcc4_sma3_2,mfcc4_sma3_3,mfcc4_sma3_4,mfcc4_sma3_5,mfcc4_sma3_6,mfcc4_sma3_7,mfcc4_sma3_8,F0semitoneFrom27.5Hz_sma3nz_1,F0semitoneFrom27.5Hz_sma3nz_2,F0semitoneFrom27.5Hz_sma3nz_3,F0semitoneFrom27.5Hz_sma3nz_4,F0semitoneFrom27.5Hz_sma3nz_5,F0semitoneFrom27.5Hz_sma3nz_6,F0semitoneFrom27.5Hz_sma3nz_7,F0semitoneFrom27.5Hz_sma3nz_8,jitterLocal_sma3nz_1,jitterLocal_sma3nz_2,jitterLocal_sma3nz_3,jitterLocal_sma3nz_4,jitterLocal_sma3nz_5,jitterLocal_sma3nz_6,jitterLocal_sma3nz_7,jitterLocal_sma3nz_8
6.539830868620689,7.155087986206896,3.1385395172413797,16.546058900000002,26.0680565,29.48584134482759,21.62469620689655,22.199392666666668,4.544340482758621,3.132282628965517,15.796446165517242,20.007816646206894,18.546429,5.793182275862069,29.991169827586205,28.82598196969697,15.23768,2.79999166724138,16.71826654137931,5.16783160175862,6.096801720689655,-4.835213820689656,17.939715568965518,17.396404893939398,2.8542107399999987,-8.167286162068963,-10.135484448275864,-7.3417451817241375,-21.09715415586207,-0.954121733448276,10.441844224137933,10.975293072727274,11.293394482758622,27.112325,13.384748655172414,3.6508705517241378,13.359540275862072,0.0,0.0,0.0,0.005933462137931,0.0039368493655172,0.0023306697068965,0.0,0.005564423637931,0.0,0.0,0.0
