mfcc1_sma3_1,mfcc1_sma3_2,mfcc1_sma3_3,mfcc1_sma3_4,mfcc1_sma3_5,mfcc1_sma3_6,mfcc1_sma3_7,mfcc1_sma3_8,mfcc2_sma3_1,mfcc2_sma3_2,mfcc2_sma3_3,mfcc2_sma3_4,mfcc2_sma3_5,mfcc2_sma3_6,mfcc2_sma3_7,mfcc2_sma3_8,mfcc3_sma3_1,mfcc3_sma3_2,mfcc3_sma3_3,mfcc3_sma3_4,mfcc3_sma3_5,mfcc3_sma3_6,mfcc3_sma3_7,mfcc3_sma3_8,mfcc4_sma3_1,mfcc4_sma3_2,mfcc4_sma3_3,mfcc4_sma3_4,mfcc4_sma3_5,mfcc4_sma3_6,mfcc4_sma3_7,mfcc4_sma3_8,F0semitoneFrom27.5Hz_sma3nz_1,F0semitoneFrom27.5Hz_sma3nz_2,F0semitoneFrom27.5Hz_sma3nz_3,F0semitoneFrom27.5Hz_sma3nz_4,F0semitoneFrom27.5Hz_sma3nz_5,F0semitoneFrom27.5Hz_sma3nz_6,F0semitoneFrom27.5Hz_sma3nz_7,F0semitoneFrom27.5Hz_sma3nz_8,jitterLocal_sma3nz_1,jitterLocal_sma3nz_2,jitterLocal_sma3nz_3,jitterLocal_sma3nz_4,jitterLocal_sma3nz_5,jitterLocal_sma3nz_6,jitterLocal_sma3nz_7,jitterLocal_sma3nz_8
21.09781325,15.1700070453125,3.5970205453125,1.6656074640625,12.2216118625,25.739823843750003,31.1374468125,22.103814400000005,29.5273803125,-1.3856312162500002,-10.58545548040625,7.0124525250000005,15.74990305,21.128555265625003,10.8332549328125,28.72623,15.942836796875,9.26482517796875,7.571455128124999,5.3662693125,10.8633406871875,2.5657755009375,-8.61432431875,18.25099271428571,9.750861271875,-5.232471521875,-38.01611240625,-8.096042071875,-27.603790185625,-12.5474782853125,-12.635123621875,10.435456914285714,0.0,18.2016518125,33.0602914375,27.44607575,31.66905871875,22.0422315,2.04850759375,3.4488643714285714,0.0,0.00843878509375,0.0026995223125,0.0094086911,0.013769431434375,0.01333577030625,0.0009683228125,0.0201994538857142
