mfcc1_sma3_1,mfcc1_sma3_2,mfcc1_sma3_3,mfcc1_sma3_4,mfcc1_sma3_5,mfcc1_sma3_6,mfcc1_sma3_7,mfcc1_sma3_8,mfcc2_sma3_1,mfcc2_sma3_2,mfcc2_sma3_3,mfcc2_sma3_4,mfcc2_sma3_5,mfcc2_sma3_6,mfcc2_sma3_7,mfcc2_sma3_8,mfcc3_sma3_1,mfcc3_sma3_2,mfcc3_sma3_3,mfcc3_sma3_4,mfcc3_sma3_5,mfcc3_sma3_6,mfcc3_sma3_7,mfcc3_sma3_8,mfcc4_sma3_1,mfcc4_sma3_2,mfcc4_sma3_3,mfcc4_sma3_4,mfcc4_sma3_5,mfcc4_sma3_6,mfcc4_sma3_7,mfcc4_sma3_8,F0semitoneFrom27.5Hz_sma3nz_1,F0semitoneFrom27.5Hz_sma3nz_2,F0semitoneFrom27.5Hz_sma3nz_3,F0semitoneFrom27.5Hz_sma3nz_4,F0semitoneFrom27.5Hz_sma3nz_5,F0semitoneFrom27.5Hz_sma3nz_6,F0semitoneFrom27.5Hz_sma3nz_7,F0semitoneFrom27.5Hz_sma3nz_8,jitterLocal_sma3nz_1,jitterLocal_sma3nz_2,jitterLocal_sma3nz_3,jitterLocal_sma3nz_4,jitterLocal_sma3nz_5,jitterLocal_sma3nz_6,jitterLocal_sma3nz_7,jitterLocal_sma3nz_8
15.718050963142858,19.814143200000004,10.99640104657143,14.026332040857142,16.803173368571432,14.405748432857145,12.144765625714284,18.394788513513515,4.129090142857143,-2.945082126,-16.048682422857148,-6.744272149428571,-2.5462076881800004,-17.039859351428568,-15.101429710571429,20.80952985675676,7.722531024285715,-3.199898726571429,-0.0590291382857143,4.665253674285713,-27.152394205714288,-11.681533945714287,-1.9214645034285711,18.14274791891892,0.0216874171428577,-29.32474602714286,-29.851758285714283,-26.04131942857143,-47.71181171428571,-21.477224046000003,-10.368314517142856,11.573164067567566,14.196053885714289,33.765753600000004,22.100891085714288,45.82026137142857,40.19736900000001,33.76438537142857,9.150902085714286,0.0,0.0054901434285714,0.0321940506285714,0.0096575881714285,0.0152131725571428,0.0241875229371428,0.0146074463199999,0.0059157469142857,0.0
