mfcc1_sma3_1,mfcc1_sma3_2,mfcc1_sma3_3,mfcc1_sma3_4,mfcc1_sma3_5,mfcc1_sma3_6,mfcc1_sma3_7,mfcc1_sma3_8,mfcc2_sma3_1,mfcc2_sma3_2,mfcc2_sma3_3,mfcc2_sma3_4,mfcc2_sma3_5,mfcc2_sma3_6,mfcc2_sma3_7,mfcc2_sma3_8,mfcc3_sma3_1,mfcc3_sma3_2,mfcc3_sma3_3,mfcc3_sma3_4,mfcc3_sma3_5,mfcc3_sma3_6,mfcc3_sma3_7,mfcc3_sma3_8,mfcc4_sma3_1,mfcc4_sma3_2,mfcc4_sma3_3,mfcc4_sma3_4,mfcc4_sma3_5,mfcc4_sma3_6,mfcc4_sma3_7,mfcc4_sma3_8,F0semitoneFrom27.5Hz_sma3nz_1,F0semitoneFrom27.5Hz_sma3nz_2,F0semitoneFrom27.5Hz_sma3nz_3,F0semitoneFrom27.5Hz_sma3nz_4,F0semitoneFrom27.5Hz_sma3nz_5,F0semitoneFrom27.5Hz_sma3nz_6,F0semitoneFrom27.5Hz_sma3nz_7,F0semitoneFrom27.5Hz_sma3nz_8,jitterLocal_sma3nz_1,jitterLocal_sma3nz_2,jitterLocal_sma3nz_3,jitterLocal_sma3nz_4,jitterLocal_sma3nz_5,jitterLocal_sma3nz_6,jitterLocal_sma3nz_7,jitterLocal_sma3nz_8
21.340343000000004,20.69964805263158,20.25837126315789,13.820999400000002,30.416115631578947,28.05806852631579,22.56382642105263,19.020702423076923,29.372916315789475,28.283623631578944,26.60551994736842,30.01704057894737,1.3549328247368415,1.7214771826315785,-13.755219298421052,19.640098480769232,17.939728105263157,17.5383585,18.10071752631579,6.943770384210525,-1.3656085010526318,-8.931837998947367,-3.5632057660526315,16.481312749999997,10.22743674736842,11.60701204736842,12.534012368421054,2.318718905263158,-29.990604236842117,-29.99536710526316,-8.896375121578945,5.76552481923077,0.0,0.0,0.0,11.213505736842103,30.65616942105263,20.95309068421053,3.466318578947368,0.0,0.0,0.0,0.0,0.0165799956315789,0.0135113329736842,0.0028206216473684,0.0002202719894736,0.0
