mfcc1_sma3_1,mfcc1_sma3_2,mfcc1_sma3_3,mfcc1_sma3_4,mfcc1_sma3_5,mfcc1_sma3_6,mfcc1_sma3_7,mfcc1_sma3_8,mfcc2_sma3_1,mfcc2_sma3_2,mfcc2_sma3_3,mfcc2_sma3_4,mfcc2_sma3_5,mfcc2_sma3_6,mfcc2_sma3_7,mfcc2_sma3_8,mfcc3_sma3_1,mfcc3_sma3_2,mfcc3_sma3_3,mfcc3_sma3_4,mfcc3_sma3_5,mfcc3_sma3_6,mfcc3_sma3_7,mfcc3_sma3_8,mfcc4_sma3_1,mfcc4_sma3_2,mfcc4_sma3_3,mfcc4_sma3_4,mfcc4_sma3_5,mfcc4_sma3_6,mfcc4_sma3_7,mfcc4_sma3_8,F0semitoneFrom27.5Hz_sma3nz_1,F0semitoneFrom27.5Hz_sma3nz_2,F0semitoneFrom27.5Hz_sma3nz_3,F0semitoneFrom27.5Hz_sma3nz_4,F0semitoneFrom27.5Hz_sma3nz_5,F0semitoneFrom27.5Hz_sma3nz_6,F0semitoneFrom27.5Hz_sma3nz_7,F0semitoneFrom27.5Hz_sma3nz_8,jitterLocal_sma3nz_1,jitterLocal_sma3nz_2,jitterLocal_sma3nz_3,jitterLocal_sma3nz_4,jitterLocal_sma3nz_5,jitterLocal_sma3nz_6,jitterLocal_sma3nz_7,jitterLocal_sma3nz_8
20.77752515,20.7846128375,27.38203095,25.838771800000007,18.3944206375,17.36004633825,14.313122392500002,21.40141757142857,28.081352975000005,21.4797527125,-0.8226808055000001,-9.47085747625,-1.7871220018000002,12.1606869485,13.4373805375,20.6496895,16.922441900000003,14.1938502325,6.50539319175,-2.6205427985,20.761697553,24.8037537625,45.048548425,19.504220404761902,10.013239082500002,7.493846825,-24.42060574325,-17.637906129,-26.370117515,-7.6094580514,-15.595143037500003,9.499396968333334,0.0,4.3878103500000005,28.19598275,32.358819275,32.032630725,14.59038605,12.679248575,0.0,0.0,0.0009497757249999,0.0136990855349999,0.0062719802199999,0.0321547662325,0.00868693965,0.0043483119425,0.0
