mfcc1_sma3_1,mfcc1_sma3_2,mfcc1_sma3_3,mfcc1_sma3_4,mfcc1_sma3_5,mfcc1_sma3_6,mfcc1_sma3_7,mfcc1_sma3_8,mfcc2_sma3_1,mfcc2_sma3_2,mfcc2_sma3_3,mfcc2_sma3_4,mfcc2_sma3_5,mfcc2_sma3_6,mfcc2_sma3_7,mfcc2_sma3_8,mfcc3_sma3_1,mfcc3_sma3_2,mfcc3_sma3_3,mfcc3_sma3_4,mfcc3_sma3_5,mfcc3_sma3_6,mfcc3_sma3_7,mfcc3_sma3_8,mfcc4_sma3_1,mfcc4_sma3_2,mfcc4_sma3_3,mfcc4_sma3_4,mfcc4_sma3_5,mfcc4_sma3_6,mfcc4_sma3_7,mfcc4_sma3_8,F0semitoneFrom27.5Hz_sma3nz_1,F0semitoneFrom27.5Hz_sma3nz_2,F0semitoneFrom27.5Hz_sma3nz_3,F0semitoneFrom27.5Hz_sma3nz_4,F0semitoneFrom27.5Hz_sma3nz_5,F0semitoneFrom27.5Hz_sma3nz_6,F0semitoneFrom27.5Hz_sma3nz_7,F0semitoneFrom27.5Hz_sma3nz_8,jitterLocal_sma3nz_1,jitterLocal_sma3nz_2,jitterLocal_sma3nz_3,jitterLocal_sma3nz_4,jitterLocal_sma3nz_5,jitterLocal_sma3nz_6,jitterLocal_sma3nz_7,jitterLocal_sma3nz_8
20.964644,22.123242923076923,10.995338138461536,20.451919461538463,25.18584819230769,27.77887730769231,4.598727934615384,12.684561363333335,29.676684230769236,26.78262023076923,23.437907192307694,-12.463141530769231,-4.705138871923078,8.484759146153847,9.98224905,27.941021,18.50632717307692,11.527313426923076,0.861207586923077,-5.865026826923076,-1.5725870538461542,8.622259115384615,13.780849821153849,14.062586213333333,9.928191276923076,7.267975376923077,-4.009605853846154,-15.914304003846157,-16.001836168076924,-24.523094657692305,-1.5189740923076918,12.566345456666664,0.0,0.0,11.868849153846154,26.22887446153846,18.53749092307692,27.7173885,0.0,0.0,0.0,0.0,0.0129195195384615,0.0106666753115384,0.0125606237192307,0.0083109647230769,0.0,0.0
