mfcc1_sma3_1,mfcc1_sma3_2,mfcc1_sma3_3,mfcc1_sma3_4,mfcc1_sma3_5,mfcc1_sma3_6,mfcc1_sma3_7,mfcc1_sma3_8,mfcc2_sma3_1,mfcc2_sma3_2,mfcc2_sma3_3,mfcc2_sma3_4,mfcc2_sma3_5,mfcc2_sma3_6,mfcc2_sma3_7,mfcc2_sma3_8,mfcc3_sma3_1,mfcc3_sma3_2,mfcc3_sma3_3,mfcc3_sma3_4,mfcc3_sma3_5,mfcc3_sma3_6,mfcc3_sma3_7,mfcc3_sma3_8,mfcc4_sma3_1,mfcc4_sma3_2,mfcc4_sma3_3,mfcc4_sma3_4,mfcc4_sma3_5,mfcc4_sma3_6,mfcc4_sma3_7,mfcc4_sma3_8,F0semitoneFrom27.5Hz_sma3nz_1,F0semitoneFrom27.5Hz_sma3nz_2,F0semitoneFrom27.5Hz_sma3nz_3,F0semitoneFrom27.5Hz_sma3nz_4,F0semitoneFrom27.5Hz_sma3nz_5,F0semitoneFrom27.5Hz_sma3nz_6,F0semitoneFrom27.5Hz_sma3nz_7,F0semitoneFrom27.5Hz_sma3nz_8,jitterLocal_sma3nz_1,jitterLocal_sma3nz_2,jitterLocal_sma3nz_3,jitterLocal_sma3nz_4,jitterLocal_sma3nz_5,jitterLocal_sma3nz_6,jitterLocal_sma3nz_7,jitterLocal_sma3nz_8
21.709783136363637,19.86972418181818,27.68517963636364,32.76054331818182,30.80427977272728,28.72436159090909,20.747222954545453,21.25971903571428,29.21558886363636,11.257383017272726,7.807025531818183,21.349878545454544,8.283489077272726,13.713636536363635,8.937639668181818,28.322314750000004,16.6106675,8.479760599999999,-6.136938136090908,16.48570636818182,-4.963284990909091,-10.656180840909093,-1.6617379999999995,18.32517125,10.854002959090908,2.695164313636363,-21.67938974090909,0.951074227272726,-27.344710259090903,-18.19379222272727,-4.532745750000001,8.915445832142856,0.0,10.433382727272727,20.725379363636367,22.583415590909087,10.932111136363638,0.0,0.0,0.0,0.0,0.0015204314999999,0.009159892290909,0.0146937249727272,0.0037645340454545,0.0,0.0,0.0
