mfcc1_sma3_1,mfcc1_sma3_2,mfcc1_sma3_3,mfcc1_sma3_4,mfcc1_sma3_5,mfcc1_sma3_6,mfcc1_sma3_7,mfcc1_sma3_8,mfcc2_sma3_1,mfcc2_sma3_2,mfcc2_sma3_3,mfcc2_sma3_4,mfcc2_sma3_5,mfcc2_sma3_6,mfcc2_sma3_7,mfcc2_sma3_8,mfcc3_sma3_1,mfcc3_sma3_2,mfcc3_sma3_3,mfcc3_sma3_4,mfcc3_sma3_5,mfcc3_sma3_6,mfcc3_sma3_7,mfcc3_sma3_8,mfcc4_sma3_1,mfcc4_sma3_2,mfcc4_sma3_3,mfcc4_sma3_4,mfcc4_sma3_5,mfcc4_sma3_6,mfcc4_sma3_7,mfcc4_sma3_8,F0semitoneFrom27.5Hz_sma3nz_1,F0semitoneFrom27.5Hz_sma3nz_2,F0semitoneFrom27.5Hz_sma3nz_3,F0semitoneFrom27.5Hz_sma3nz_4,F0semitoneFrom27.5Hz_sma3nz_5,F0semitoneFrom27.5Hz_sma3nz_6,F0semitoneFrom27.5Hz_sma3nz_7,F0semitoneFrom27.5Hz_sma3nz_8,jitterLocal_sma3nz_1,jitterLocal_sma3nz_2,jitterLocal_sma3nz_3,jitterLocal_sma3nz_4,jitterLocal_sma3nz_5,jitterLocal_sma3nz_6,jitterLocal_sma3nz_7,jitterLocal_sma3nz_8
27.160127,16.21386676190476,14.753689634761905,31.766383095238098,27.35034880952381,21.649012095238096,20.70309323809524,25.922514909090907,25.654617523809527,25.91420135714285,20.41838552380952,6.106930638095238,13.70160567142857,17.201610214285715,22.145961095238096,17.64958686363637,6.462688161904761,17.7207312952381,7.377176472380952,1.672774352380952,-12.141444728571429,7.752893772857142,18.52733428571429,11.164352872727273,0.7404557166666665,8.237449638095239,-1.7387312571428577,-5.392989238095239,-22.47154084761905,10.797759041714285,13.688428076190478,11.840782686363635,0.0,0.0,16.982329857142854,21.281892476190475,7.517030095238095,0.0,0.0,0.0,0.0,0.0,0.0144171957619047,0.0089985620571428,0.0044927738095238,0.0,0.0,0.0
