mfcc1_sma3_1,mfcc1_sma3_2,mfcc1_sma3_3,mfcc1_sma3_4,mfcc1_sma3_5,mfcc1_sma3_6,mfcc1_sma3_7,mfcc1_sma3_8,mfcc2_sma3_1,mfcc2_sma3_2,mfcc2_sma3_3,mfcc2_sma3_4,mfcc2_sma3_5,mfcc2_sma3_6,mfcc2_sma3_7,mfcc2_sma3_8,mfcc3_sma3_1,mfcc3_sma3_2,mfcc3_sma3_3,mfcc3_sma3_4,mfcc3_sma3_5,mfcc3_sma3_6,mfcc3_sma3_7,mfcc3_sma3_8,mfcc4_sma3_1,mfcc4_sma3_2,mfcc4_sma3_3,mfcc4_sma3_4,mfcc4_sma3_5,mfcc4_sma3_6,mfcc4_sma3_7,mfcc4_sma3_8,F0semitoneFrom27.5Hz_sma3nz_1,F0semitoneFrom27.5Hz_sma3nz_2,F0semitoneFrom27.5Hz_sma3nz_3,F0semitoneFrom27.5Hz_sma3nz_4,F0semitoneFrom27.5Hz_sma3nz_5,F0semitoneFrom27.5Hz_sma3nz_6,F0semitoneFrom27.5Hz_sma3nz_7,F0semitoneFrom27.5Hz_sma3nz_8,jitterLocal_sma3nz_1,jitterLocal_sma3nz_2,jitterLocal_sma3nz_3,jitterLocal_sma3nz_4,jitterLocal_sma3nz_5,jitterLocal_sma3nz_6,jitterLocal_sma3nz_7,jitterLocal_sma3nz_8
17.23639224074074,14.2016797,15.64642662222222,26.704265703703705,15.3660618,20.382955677777776,24.656087740740745,21.61556733333333,22.69685090740741,6.331098096296295,0.4296191262962965,-6.381776803703703,-4.817373069629629,-3.239915203703703,27.01487303703704,25.97120385185185,18.905024111111118,23.15999825925926,-1.9818711,1.8058658929629632,-3.0566902703703707,-3.4554570894814813,15.080853796296296,13.813159555555556,9.196863162962964,8.152798548148148,-17.753465407037037,-3.1816100451851845,-24.165812200000005,-3.452679296296296,9.97929394074074,10.68322516296296,0.0,0.0,28.73376455555556,25.49329955555556,14.13480096296296,0.0,3.262616185185186,0.0,0.0,0.0,0.0133681919518518,0.0079125719444444,0.0039261810148148,0.0,9.16552962962963e-05,0.0
