mfcc1_sma3_1,mfcc1_sma3_2,mfcc1_sma3_3,mfcc1_sma3_4,mfcc1_sma3_5,mfcc1_sma3_6,mfcc1_sma3_7,mfcc1_sma3_8,mfcc2_sma3_1,mfcc2_sma3_2,mfcc2_sma3_3,mfcc2_sma3_4,mfcc2_sma3_5,mfcc2_sma3_6,mfcc2_sma3_7,mfcc2_sma3_8,mfcc3_sma3_1,mfcc3_sma3_2,mfcc3_sma3_3,mfcc3_sma3_4,mfcc3_sma3_5,mfcc3_sma3_6,mfcc3_sma3_7,mfcc3_sma3_8,mfcc4_sma3_1,mfcc4_sma3_2,mfcc4_sma3_3,mfcc4_sma3_4,mfcc4_sma3_5,mfcc4_sma3_6,mfcc4_sma3_7,mfcc4_sma3_8,F0semitoneFrom27.5Hz_sma3nz_1,F0semitoneFrom27.5Hz_sma3nz_2,F0semitoneFrom27.5Hz_sma3nz_3,F0semitoneFrom27.5Hz_sma3nz_4,F0semitoneFrom27.5Hz_sma3nz_5,F0semitoneFrom27.5Hz_sma3nz_6,F0semitoneFrom27.5Hz_sma3nz_7,F0semitoneFrom27.5Hz_sma3nz_8,jitterLocal_sma3nz_1,jitterLocal_sma3nz_2,jitterLocal_sma3nz_3,jitterLocal_sma3nz_4,jitterLocal_sma3nz_5,jitterLocal_sma3nz_6,jitterLocal_sma3nz_7,jitterLocal_sma3nz_8
18.46368601923077,24.39324369230769,34.22134123076923,28.91625830769231,25.7096313,25.71184580769231,24.97922307692307,22.131105733333325,25.4077125,25.294099769230765,1.1806131192307692,-8.105275780769231,10.40622390153846,8.393172526923076,26.026282961538463,29.218572166666668,13.355311288461538,13.317623865384617,1.6746251007946154,6.599654251923076,18.49786941153846,37.62727819230769,22.265803807692308,16.789432333333334,11.887334865384616,6.9406350646153845,-17.771488514999998,-5.15825838076923,11.486815969230769,11.427335072307692,8.708451734615384,8.932997160000001,0.0,3.628621461538462,20.129745653846157,27.63047276923077,20.81964473076923,13.547155230769231,0.0,0.0,0.0,0.0035936107692307,0.0103442943192307,0.0105236159346153,0.0256191329192307,0.0085243065230769,0.0,0.0
