mfcc1_sma3_1,mfcc1_sma3_2,mfcc1_sma3_3,mfcc1_sma3_4,mfcc1_sma3_5,mfcc1_sma3_6,mfcc1_sma3_7,mfcc1_sma3_8,mfcc2_sma3_1,mfcc2_sma3_2,mfcc2_sma3_3,mfcc2_sma3_4,mfcc2_sma3_5,mfcc2_sma3_6,mfcc2_sma3_7,mfcc2_sma3_8,mfcc3_sma3_1,mfcc3_sma3_2,mfcc3_sma3_3,mfcc3_sma3_4,mfcc3_sma3_5,mfcc3_sma3_6,mfcc3_sma3_7,mfcc3_sma3_8,mfcc4_sma3_1,mfcc4_sma3_2,mfcc4_sma3_3,mfcc4_sma3_4,mfcc4_sma3_5,mfcc4_sma3_6,mfcc4_sma3_7,mfcc4_sma3_8,F0semitoneFrom27.5Hz_sma3nz_1,F0semitoneFrom27.5Hz_sma3nz_2,F0semitoneFrom27.5Hz_sma3nz_3,F0semitoneFrom27.5Hz_sma3nz_4,F0semitoneFrom27.5Hz_sma3nz_5,F0semitoneFrom27.5Hz_sma3nz_6,F0semitoneFrom27.5Hz_sma3nz_7,F0semitoneFrom27.5Hz_sma3nz_8,jitterLocal_sma3nz_1,jitterLocal_sma3nz_2,jitterLocal_sma3nz_3,jitterLocal_sma3nz_4,jitterLocal_sma3nz_5,jitterLocal_sma3nz_6,jitterLocal_sma3nz_7,jitterLocal_sma3nz_8
23.252526166666662,18.884813975,24.5746670125,30.717052250000005,30.880685291666666,25.300521791666664,22.40725120833333,22.129884483870963,31.16487191666667,21.089075579166664,22.08530954166667,2.2186791208333334,8.329209297083333,2.4410219408333327,25.05618670833333,29.259902483870967,19.12626120833333,21.2767515,4.170240779166666,1.5424606058333332,-3.1878820695833334,3.667059725,13.325167691666666,19.28813141935484,12.214343833333333,8.087541649166667,-18.505076125,-16.268248958166666,-16.465457795833334,6.251842779166666,10.427083705833333,12.338348274193548,0.0,0.0,11.774572583333333,15.309587916666668,6.9190505,0.0,0.0,0.0,0.0,0.0,0.0020638880333333,0.009771366875,0.0023722292916666,0.0,0.0,0.0
