mfcc1_sma3_1,mfcc1_sma3_2,mfcc1_sma3_3,mfcc1_sma3_4,mfcc1_sma3_5,mfcc1_sma3_6,mfcc1_sma3_7,mfcc1_sma3_8,mfcc2_sma3_1,mfcc2_sma3_2,mfcc2_sma3_3,mfcc2_sma3_4,mfcc2_sma3_5,mfcc2_sma3_6,mfcc2_sma3_7,mfcc2_sma3_8,mfcc3_sma3_1,mfcc3_sma3_2,mfcc3_sma3_3,mfcc3_sma3_4,mfcc3_sma3_5,mfcc3_sma3_6,mfcc3_sma3_7,mfcc3_sma3_8,mfcc4_sma3_1,mfcc4_sma3_2,mfcc4_sma3_3,mfcc4_sma3_4,mfcc4_sma3_5,mfcc4_sma3_6,mfcc4_sma3_7,mfcc4_sma3_8,F0semitoneFrom27.5Hz_sma3nz_1,F0semitoneFrom27.5Hz_sma3nz_2,F0semitoneFrom27.5Hz_sma3nz_3,F0semitoneFrom27.5Hz_sma3nz_4,F0semitoneFrom27.5Hz_sma3nz_5,F0semitoneFrom27.5Hz_sma3nz_6,F0semitoneFrom27.5Hz_sma3nz_7,F0semitoneFrom27.5Hz_sma3nz_8,jitterLocal_sma3nz_1,jitterLocal_sma3nz_2,jitterLocal_sma3nz_3,jitterLocal_sma3nz_4,jitterLocal_sma3nz_5,jitterLocal_sma3nz_6,jitterLocal_sma3nz_7,jitterLocal_sma3nz_8
22.688529,22.471944583333336,36.114639708333335,24.4194556925,14.6765010125,30.939567416666662,22.23938266666667,22.412367625,31.243429625,27.51872445833333,17.00115716666667,20.64918870833333,28.193218,11.6511049375,26.9009235,29.54101070833333,19.25024825,14.115290445833333,2.89624212375,12.190305675,13.1656900625,-5.362442498333333,16.965970333333335,17.482157458333333,9.776745295833331,10.461039730833331,-0.2594697133333333,4.308390327083334,2.387354829291666,-0.4072735252083334,9.970900554166668,11.92926455,0.0,0.984728875,24.57831425,11.389041333333331,0.0,0.0,0.0,0.0,0.0,0.0,0.0161655577208333,0.0043792077083333,0.0,0.0,0.0,0.0
