mfcc1_sma3_1,mfcc1_sma3_2,mfcc1_sma3_3,mfcc1_sma3_4,mfcc1_sma3_5,mfcc1_sma3_6,mfcc1_sma3_7,mfcc1_sma3_8,mfcc2_sma3_1,mfcc2_sma3_2,mfcc2_sma3_3,mfcc2_sma3_4,mfcc2_sma3_5,mfcc2_sma3_6,mfcc2_sma3_7,mfcc2_sma3_8,mfcc3_sma3_1,mfcc3_sma3_2,mfcc3_sma3_3,mfcc3_sma3_4,mfcc3_sma3_5,mfcc3_sma3_6,mfcc3_sma3_7,mfcc3_sma3_8,mfcc4_sma3_1,mfcc4_sma3_2,mfcc4_sma3_3,mfcc4_sma3_4,mfcc4_sma3_5,mfcc4_sma3_6,mfcc4_sma3_7,mfcc4_sma3_8,F0semitoneFrom27.5Hz_sma3nz_1,F0semitoneFrom27.5Hz_sma3nz_2,F0semitoneFrom27.5Hz_sma3nz_3,F0semitoneFrom27.5Hz_sma3nz_4,F0semitoneFrom27.5Hz_sma3nz_5,F0semitoneFrom27.5Hz_sma3nz_6,F0semitoneFrom27.5Hz_sma3nz_7,F0semitoneFrom27.5Hz_sma3nz_8,jitterLocal_sma3nz_1,jitterLocal_sma3nz_2,jitterLocal_sma3nz_3,jitterLocal_sma3nz_4,jitterLocal_sma3nz_5,jitterLocal_sma3nz_6,jitterLocal_sma3nz_7,jitterLocal_sma3nz_8
21.84002108333333,29.3069105,31.50604075,30.026444708333333,23.464909416666668,26.938635458333337,23.659696625,22.30772958064517,23.993935875,6.013086245833333,17.0495702625,14.384314433333335,19.453386416666664,28.418644708333336,30.610944875,28.459843741935483,18.950996166666663,2.765814879625,5.361398543749999,-4.959956195833334,4.348721458333333,9.96158245,18.07604075,16.580197354838706,10.5818077,4.479397733333333,-7.80689045875,-21.25097175,-15.194342257083337,-6.1002175916666666,12.1494863375,11.940974274193549,0.0,4.667029416666667,19.43087708333333,15.840041125,10.150220041666666,0.0,0.0,0.0,0.0,0.000923932125,0.0116241505416666,0.0063596964583333,0.0054424934999999,0.0,0.0,0.0
