mfcc1_sma3_1,mfcc1_sma3_2,mfcc1_sma3_3,mfcc1_sma3_4,mfcc1_sma3_5,mfcc1_sma3_6,mfcc1_sma3_7,mfcc1_sma3_8,mfcc2_sma3_1,mfcc2_sma3_2,mfcc2_sma3_3,mfcc2_sma3_4,mfcc2_sma3_5,mfcc2_sma3_6,mfcc2_sma3_7,mfcc2_sma3_8,mfcc3_sma3_1,mfcc3_sma3_2,mfcc3_sma3_3,mfcc3_sma3_4,mfcc3_sma3_5,mfcc3_sma3_6,mfcc3_sma3_7,mfcc3_sma3_8,mfcc4_sma3_1,mfcc4_sma3_2,mfcc4_sma3_3,mfcc4_sma3_4,mfcc4_sma3_5,mfcc4_sma3_6,mfcc4_sma3_7,mfcc4_sma3_8,F0semitoneFrom27.5Hz_sma3nz_1,F0semitoneFrom27.5Hz_sma3nz_2,F0semitoneFrom27.5Hz_sma3nz_3,F0semitoneFrom27.5Hz_sma3nz_4,F0semitoneFrom27.5Hz_sma3nz_5,F0semitoneFrom27.5Hz_sma3nz_6,F0semitoneFrom27.5Hz_sma3nz_7,F0semitoneFrom27.5Hz_sma3nz_8,jitterLocal_sma3nz_1,jitterLocal_sma3nz_2,jitterLocal_sma3nz_3,jitterLocal_sma3nz_4,jitterLocal_sma3nz_5,jitterLocal_sma3nz_6,jitterLocal_sma3nz_7,jitterLocal_sma3nz_8
20.64711168,31.81047912,22.590343280000003,21.92253852,29.893076599999997,26.712596040000005,21.87737904,22.84697738709678,25.77571242,1.5593542143999997,-7.405892107200001,-7.063790387200002,-3.990235172,7.510482972000001,8.2565557,25.705446354838717,13.930048916,-1.019802452,1.1042757868,-9.897586356,-15.677031992000002,-7.013269920000002,6.342048528,14.121158725806447,10.654124896,-7.950558930800001,-17.86403704,-16.435675348,-14.0878545928,-6.194576827199999,15.601482228,10.183173374193547,0.0,35.9207254,42.45703028,36.798192160000006,38.87333928,2.8876918000000003,0.0,0.0,0.0,0.033487556352,0.021541396,0.009352506692,0.01290856968,0.00261773668,0.0,0.0
