mfcc1_sma3_1,mfcc1_sma3_2,mfcc1_sma3_3,mfcc1_sma3_4,mfcc1_sma3_5,mfcc1_sma3_6,mfcc1_sma3_7,mfcc1_sma3_8,mfcc2_sma3_1,mfcc2_sma3_2,mfcc2_sma3_3,mfcc2_sma3_4,mfcc2_sma3_5,mfcc2_sma3_6,mfcc2_sma3_7,mfcc2_sma3_8,mfcc3_sma3_1,mfcc3_sma3_2,mfcc3_sma3_3,mfcc3_sma3_4,mfcc3_sma3_5,mfcc3_sma3_6,mfcc3_sma3_7,mfcc3_sma3_8,mfcc4_sma3_1,mfcc4_sma3_2,mfcc4_sma3_3,mfcc4_sma3_4,mfcc4_sma3_5,mfcc4_sma3_6,mfcc4_sma3_7,mfcc4_sma3_8,F0semitoneFrom27.5Hz_sma3nz_1,F0semitoneFrom27.5Hz_sma3nz_2,F0semitoneFrom27.5Hz_sma3nz_3,F0semitoneFrom27.5Hz_sma3nz_4,F0semitoneFrom27.5Hz_sma3nz_5,F0semitoneFrom27.5Hz_sma3nz_6,F0semitoneFrom27.5Hz_sma3nz_7,F0semitoneFrom27.5Hz_sma3nz_8,jitterLocal_sma3nz_1,jitterLocal_sma3nz_2,jitterLocal_sma3nz_3,jitterLocal_sma3nz_4,jitterLocal_sma3nz_5,jitterLocal_sma3nz_6,jitterLocal_sma3nz_7,jitterLocal_sma3nz_8
21.369896333333333,20.718660216666667,21.841971291666667,19.72583004166667,13.558815260416663,20.99402752083333,11.621235660958334,20.428082916666668,27.71595158333333,7.622699874999999,7.858673654166666,-11.0998741375,9.935246808333334,-9.693984200833334,22.177815375,24.24433958333333,14.9724865,5.873875145833334,-4.234085308333333,8.086102007083333,15.170743800000002,4.402257504166666,19.7579406,16.87931652083333,7.8360511,-12.925264184166666,-1.7770421916666663,-13.139678291666668,-6.8876798875,-7.668030789999999,-3.70241689,8.443381585,0.0,18.57745208333333,15.797702041666666,27.83743,16.769574791666667,20.011516541666666,0.0,0.0,0.0,0.0107803390708333,0.0141028477916666,0.037973657125,0.0109119475583333,0.0084530762541666,0.0,0.0
