mfcc1_sma3_1,mfcc1_sma3_2,mfcc1_sma3_3,mfcc1_sma3_4,mfcc1_sma3_5,mfcc1_sma3_6,mfcc1_sma3_7,mfcc1_sma3_8,mfcc2_sma3_1,mfcc2_sma3_2,mfcc2_sma3_3,mfcc2_sma3_4,mfcc2_sma3_5,mfcc2_sma3_6,mfcc2_sma3_7,mfcc2_sma3_8,mfcc3_sma3_1,mfcc3_sma3_2,mfcc3_sma3_3,mfcc3_sma3_4,mfcc3_sma3_5,mfcc3_sma3_6,mfcc3_sma3_7,mfcc3_sma3_8,mfcc4_sma3_1,mfcc4_sma3_2,mfcc4_sma3_3,mfcc4_sma3_4,mfcc4_sma3_5,mfcc4_sma3_6,mfcc4_sma3_7,mfcc4_sma3_8,F0semitoneFrom27.5Hz_sma3nz_1,F0semitoneFrom27.5Hz_sma3nz_2,F0semitoneFrom27.5Hz_sma3nz_3,F0semitoneFrom27.5Hz_sma3nz_4,F0semitoneFrom27.5Hz_sma3nz_5,F0semitoneFrom27.5Hz_sma3nz_6,F0semitoneFrom27.5Hz_sma3nz_7,F0semitoneFrom27.5Hz_sma3nz_8,jitterLocal_sma3nz_1,jitterLocal_sma3nz_2,jitterLocal_sma3nz_3,jitterLocal_sma3nz_4,jitterLocal_sma3nz_5,jitterLocal_sma3nz_6,jitterLocal_sma3nz_7,jitterLocal_sma3nz_8
20.30072747826087,20.435083286956523,17.053400743478264,30.224197782608694,30.242281956521744,19.11350315217392,24.87174373913044,20.459067892857146,26.827003217391304,16.560850408695654,20.09637523478261,9.151679711304348,1.016931804347826,12.792332399999998,9.740284358260867,14.785514860714288,15.203367565217397,19.01356953478261,2.127254139130435,4.417110691043477,11.959950421739132,-8.306393391304349,-8.28895003347826,3.1528289539285708,11.300352191304349,10.468452830434783,-21.75602852173913,-22.88646606086957,-0.5775449013043479,-13.686742376060868,-45.051276521739126,5.590983164285714,0.0,7.643614434782608,16.871950304347827,29.23447295652174,17.55090247826087,0.0,12.235299695652172,0.0,0.0,0.013694559173913,0.0053544554217391,0.0132624844217391,0.0059723552782608,0.0,0.008869639173913,0.0
