mfcc1_sma3_1,mfcc1_sma3_2,mfcc1_sma3_3,mfcc1_sma3_4,mfcc1_sma3_5,mfcc1_sma3_6,mfcc1_sma3_7,mfcc1_sma3_8,mfcc2_sma3_1,mfcc2_sma3_2,mfcc2_sma3_3,mfcc2_sma3_4,mfcc2_sma3_5,mfcc2_sma3_6,mfcc2_sma3_7,mfcc2_sma3_8,mfcc3_sma3_1,mfcc3_sma3_2,mfcc3_sma3_3,mfcc3_sma3_4,mfcc3_sma3_5,mfcc3_sma3_6,mfcc3_sma3_7,mfcc3_sma3_8,mfcc4_sma3_1,mfcc4_sma3_2,mfcc4_sma3_3,mfcc4_sma3_4,mfcc4_sma3_5,mfcc4_sma3_6,mfcc4_sma3_7,mfcc4_sma3_8,F0semitoneFrom27.5Hz_sma3nz_1,F0semitoneFrom27.5Hz_sma3nz_2,F0semitoneFrom27.5Hz_sma3nz_3,F0semitoneFrom27.5Hz_sma3nz_4,F0semitoneFrom27.5Hz_sma3nz_5,F0semitoneFrom27.5Hz_sma3nz_6,F0semitoneFrom27.5Hz_sma3nz_7,F0semitoneFrom27.5Hz_sma3nz_8,jitterLocal_sma3nz_1,jitterLocal_sma3nz_2,jitterLocal_sma3nz_3,jitterLocal_sma3nz_4,jitterLocal_sma3nz_5,jitterLocal_sma3nz_6,jitterLocal_sma3nz_7,jitterLocal_sma3nz_8
17.60075815,21.29881666538462,29.740809884615388,32.39371153846154,30.75338403846154,22.770369461538458,21.198023961538464,21.313611800000004,24.89220084615384,23.83312115384615,9.970159221153846,8.904333896153846,5.668242946153847,19.841601534615386,26.030022961538464,27.834117266666667,17.36285326923077,15.558233115384612,-0.8788661030769231,0.1520585042307692,-17.672511781923077,12.401854546153846,13.675547115384614,16.583239650000003,13.344148353846151,4.730617961538462,-11.19796486923077,-8.015984374230769,-21.86864614230769,14.92697045,9.60134901923077,10.21372957,0.0,8.903736499999999,29.148667615384618,20.26245065384615,14.00559973076923,0.0,0.0,0.0,0.0,0.0014576592692307,0.0124696438576923,0.0050854452923076,0.0039392713230769,0.0,0.0,0.0
