mfcc1_sma3_1,mfcc1_sma3_2,mfcc1_sma3_3,mfcc1_sma3_4,mfcc1_sma3_5,mfcc1_sma3_6,mfcc1_sma3_7,mfcc1_sma3_8,mfcc2_sma3_1,mfcc2_sma3_2,mfcc2_sma3_3,mfcc2_sma3_4,mfcc2_sma3_5,mfcc2_sma3_6,mfcc2_sma3_7,mfcc2_sma3_8,mfcc3_sma3_1,mfcc3_sma3_2,mfcc3_sma3_3,mfcc3_sma3_4,mfcc3_sma3_5,mfcc3_sma3_6,mfcc3_sma3_7,mfcc3_sma3_8,mfcc4_sma3_1,mfcc4_sma3_2,mfcc4_sma3_3,mfcc4_sma3_4,mfcc4_sma3_5,mfcc4_sma3_6,mfcc4_sma3_7,mfcc4_sma3_8,F0semitoneFrom27.5Hz_sma3nz_1,F0semitoneFrom27.5Hz_sma3nz_2,F0semitoneFrom27.5Hz_sma3nz_3,F0semitoneFrom27.5Hz_sma3nz_4,F0semitoneFrom27.5Hz_sma3nz_5,F0semitoneFrom27.5Hz_sma3nz_6,F0semitoneFrom27.5Hz_sma3nz_7,F0semitoneFrom27.5Hz_sma3nz_8,jitterLocal_sma3nz_1,jitterLocal_sma3nz_2,jitterLocal_sma3nz_3,jitterLocal_sma3nz_4,jitterLocal_sma3nz_5,jitterLocal_sma3nz_6,jitterLocal_sma3nz_7,jitterLocal_sma3nz_8
10.572672591166668,21.933357030000003,6.410100075333332,14.0157695601,22.916467116666677,17.940028633333334,22.406803033333333,21.50783513888889,27.1912551,10.666636902333332,26.89752535333333,17.128807118333338,9.252228523333336,10.461282273333332,24.23312985,27.53332877777778,4.273450050666667,-1.879859199,-3.9829101636666655,-1.725682949,7.245605043333332,16.162037053333336,12.520280923333331,18.42958311111111,13.479704046666663,0.9047007669999996,9.378738606666667,-7.580104231666666,1.5726150066666662,10.663907306666664,2.989498428666667,10.578159816666666,9.406318933333331,35.4636697,9.354619133333332,19.4085358,0.0,0.0,0.0,0.0,0.0023797726666666,0.0149667767599999,0.0020464747666666,0.0281375908666666,0.0,0.0,0.0,0.0
