mfcc1_sma3_1,mfcc1_sma3_2,mfcc1_sma3_3,mfcc1_sma3_4,mfcc1_sma3_5,mfcc1_sma3_6,mfcc1_sma3_7,mfcc1_sma3_8,mfcc2_sma3_1,mfcc2_sma3_2,mfcc2_sma3_3,mfcc2_sma3_4,mfcc2_sma3_5,mfcc2_sma3_6,mfcc2_sma3_7,mfcc2_sma3_8,mfcc3_sma3_1,mfcc3_sma3_2,mfcc3_sma3_3,mfcc3_sma3_4,mfcc3_sma3_5,mfcc3_sma3_6,mfcc3_sma3_7,mfcc3_sma3_8,mfcc4_sma3_1,mfcc4_sma3_2,mfcc4_sma3_3,mfcc4_sma3_4,mfcc4_sma3_5,mfcc4_sma3_6,mfcc4_sma3_7,mfcc4_sma3_8,F0semitoneFrom27.5Hz_sma3nz_1,F0semitoneFrom27.5Hz_sma3nz_2,F0semitoneFrom27.5Hz_sma3nz_3,F0semitoneFrom27.5Hz_sma3nz_4,F0semitoneFrom27.5Hz_sma3nz_5,F0semitoneFrom27.5Hz_sma3nz_6,F0semitoneFrom27.5Hz_sma3nz_7,F0semitoneFrom27.5Hz_sma3nz_8,jitterLocal_sma3nz_1,jitterLocal_sma3nz_2,jitterLocal_sma3nz_3,jitterLocal_sma3nz_4,jitterLocal_sma3nz_5,jitterLocal_sma3nz_6,jitterLocal_sma3nz_7,jitterLocal_sma3nz_8
24.47766394117647,24.032272555882354,40.90372502941177,35.731588058823526,31.415917735294123,36.4900865,28.063676558823527,22.22425347368421,13.533524614705884,16.546226109117647,-2.426362989117647,12.326895391470586,16.986944733529413,20.94414695588236,28.67321473529412,27.93476205263158,22.047857911764705,16.860203589411764,-30.586234205882352,0.1044027294117646,10.313327599411766,-14.759636614705885,8.960269327941177,17.40136660526316,-7.757517213411766,-9.025057840117649,-25.67433547058824,-12.98581738,-4.540787901352941,-42.208199588235296,-7.105911930294118,9.417495357894737,21.29146476470588,24.47287561764706,22.870132441176477,27.789681882352944,15.27026,30.278911264705886,0.0,0.0,0.0084916761941176,0.0134390465352941,0.0124743894794117,0.0120836703117647,0.0038075698294117,0.0338825061058823,0.0,0.0
