mfcc1_sma3_1,mfcc1_sma3_2,mfcc1_sma3_3,mfcc1_sma3_4,mfcc1_sma3_5,mfcc1_sma3_6,mfcc1_sma3_7,mfcc1_sma3_8,mfcc2_sma3_1,mfcc2_sma3_2,mfcc2_sma3_3,mfcc2_sma3_4,mfcc2_sma3_5,mfcc2_sma3_6,mfcc2_sma3_7,mfcc2_sma3_8,mfcc3_sma3_1,mfcc3_sma3_2,mfcc3_sma3_3,mfcc3_sma3_4,mfcc3_sma3_5,mfcc3_sma3_6,mfcc3_sma3_7,mfcc3_sma3_8,mfcc4_sma3_1,mfcc4_sma3_2,mfcc4_sma3_3,mfcc4_sma3_4,mfcc4_sma3_5,mfcc4_sma3_6,mfcc4_sma3_7,mfcc4_sma3_8,F0semitoneFrom27.5Hz_sma3nz_1,F0semitoneFrom27.5Hz_sma3nz_2,F0semitoneFrom27.5Hz_sma3nz_3,F0semitoneFrom27.5Hz_sma3nz_4,F0semitoneFrom27.5Hz_sma3nz_5,F0semitoneFrom27.5Hz_sma3nz_6,F0semitoneFrom27.5Hz_sma3nz_7,F0semitoneFrom27.5Hz_sma3nz_8,jitterLocal_sma3nz_1,jitterLocal_sma3nz_2,jitterLocal_sma3nz_3,jitterLocal_sma3nz_4,jitterLocal_sma3nz_5,jitterLocal_sma3nz_6,jitterLocal_sma3nz_7,jitterLocal_sma3nz_8
20.943081484848488,19.04617012121212,26.45155915151515,11.768219493939393,26.04893097575757,23.744914393939396,32.751371212121214,21.35215622857143,26.835687515151516,13.05466494242424,7.958687748484849,27.218760272727277,24.63165487878788,19.531877636363635,21.95098193939394,25.91488534285714,16.06904492424242,13.867472757575758,18.039340324242428,19.915430363636364,6.638139226787879,9.675229762575755,-2.790568889090909,17.378097685714287,9.407551881818184,4.481981033333334,-20.34771734848485,0.4272804727272728,3.1562474648484846,0.7113900545454546,-9.744997786969698,12.08276822,0.0,10.95584,29.60811724242424,21.560293151515157,7.396123848484848,5.905779090909092,10.343342787878788,0.0,0.0,0.0019068956969696,0.0109470295454545,0.0100510324242424,0.0049992008787878,0.0018538594545454,0.0034604716666666,0.0
