mfcc1_sma3_1,mfcc1_sma3_2,mfcc1_sma3_3,mfcc1_sma3_4,mfcc1_sma3_5,mfcc1_sma3_6,mfcc1_sma3_7,mfcc1_sma3_8,mfcc2_sma3_1,mfcc2_sma3_2,mfcc2_sma3_3,mfcc2_sma3_4,mfcc2_sma3_5,mfcc2_sma3_6,mfcc2_sma3_7,mfcc2_sma3_8,mfcc3_sma3_1,mfcc3_sma3_2,mfcc3_sma3_3,mfcc3_sma3_4,mfcc3_sma3_5,mfcc3_sma3_6,mfcc3_sma3_7,mfcc3_sma3_8,mfcc4_sma3_1,mfcc4_sma3_2,mfcc4_sma3_3,mfcc4_sma3_4,mfcc4_sma3_5,mfcc4_sma3_6,mfcc4_sma3_7,mfcc4_sma3_8,F0semitoneFrom27.5Hz_sma3nz_1,F0semitoneFrom27.5Hz_sma3nz_2,F0semitoneFrom27.5Hz_sma3nz_3,F0semitoneFrom27.5Hz_sma3nz_4,F0semitoneFrom27.5Hz_sma3nz_5,F0semitoneFrom27.5Hz_sma3nz_6,F0semitoneFrom27.5Hz_sma3nz_7,F0semitoneFrom27.5Hz_sma3nz_8,jitterLocal_sma3nz_1,jitterLocal_sma3nz_2,jitterLocal_sma3nz_3,jitterLocal_sma3nz_4,jitterLocal_sma3nz_5,jitterLocal_sma3nz_6,jitterLocal_sma3nz_7,jitterLocal_sma3nz_8
18.20961871111111,20.838891344444445,13.227719387555556,14.460591887111104,26.9996166,17.275399346666667,18.91078258511111,21.18136250980392,28.29442695555556,3.075727211111111,30.23133906666667,4.3520161477777775,21.35850647333333,-8.14768019822222,22.73409142222222,27.318709568627447,15.023551499999998,10.202805578888889,18.02263457111112,7.58315119888889,14.61303892,12.095030591555554,15.824135788888888,14.259543147058826,8.893356763555555,-9.84522708688889,8.395013422222222,5.550673799999999,-8.778298921111114,-4.913879050222223,6.785401824444445,9.944930201960782,0.0,19.80858657777777,0.0,15.767346533333331,13.707932866666663,8.735394266666667,0.0,0.0,0.0,0.0075283218111111,0.0,0.0090340388155555,0.0059482826222222,0.0036974600666666,0.0,0.0
