mfcc1_sma3_1,mfcc1_sma3_2,mfcc1_sma3_3,mfcc1_sma3_4,mfcc1_sma3_5,mfcc1_sma3_6,mfcc1_sma3_7,mfcc1_sma3_8,mfcc2_sma3_1,mfcc2_sma3_2,mfcc2_sma3_3,mfcc2_sma3_4,mfcc2_sma3_5,mfcc2_sma3_6,mfcc2_sma3_7,mfcc2_sma3_8,mfcc3_sma3_1,mfcc3_sma3_2,mfcc3_sma3_3,mfcc3_sma3_4,mfcc3_sma3_5,mfcc3_sma3_6,mfcc3_sma3_7,mfcc3_sma3_8,mfcc4_sma3_1,mfcc4_sma3_2,mfcc4_sma3_3,mfcc4_sma3_4,mfcc4_sma3_5,mfcc4_sma3_6,mfcc4_sma3_7,mfcc4_sma3_8,F0semitoneFrom27.5Hz_sma3nz_1,F0semitoneFrom27.5Hz_sma3nz_2,F0semitoneFrom27.5Hz_sma3nz_3,F0semitoneFrom27.5Hz_sma3nz_4,F0semitoneFrom27.5Hz_sma3nz_5,F0semitoneFrom27.5Hz_sma3nz_6,F0semitoneFrom27.5Hz_sma3nz_7,F0semitoneFrom27.5Hz_sma3nz_8,jitterLocal_sma3nz_1,jitterLocal_sma3nz_2,jitterLocal_sma3nz_3,jitterLocal_sma3nz_4,jitterLocal_sma3nz_5,jitterLocal_sma3nz_6,jitterLocal_sma3nz_7,jitterLocal_sma3nz_8
20.64536306896552,16.484534280689655,16.286189099999998,19.37027401724139,8.316520611551724,22.52091431034483,18.54302172413793,20.239040944444447,26.573596551724137,26.88902527586207,18.86017136896552,24.02017450344828,34.44939589655172,22.95431996551724,18.038829327586203,26.536441000000003,17.52604701724138,18.952281241379307,7.605038794827586,7.371901775862069,10.488224255172414,14.762228625172414,21.38932903448276,17.783894069444443,9.79002327241379,8.941791762068966,0.4908113698965519,4.002401606896552,15.799437272413794,-0.5107191205862069,8.904475318965517,9.592624069444446,0.0,2.379442931034483,15.937545862068967,4.829503689655173,0.0,3.4036405862068966,0.0,0.0,0.0,0.0,0.0058866746620689,0.0006417456103448,0.0,0.0,0.0,0.0
