mfcc1_sma3_1,mfcc1_sma3_2,mfcc1_sma3_3,mfcc1_sma3_4,mfcc1_sma3_5,mfcc1_sma3_6,mfcc1_sma3_7,mfcc1_sma3_8,mfcc2_sma3_1,mfcc2_sma3_2,mfcc2_sma3_3,mfcc2_sma3_4,mfcc2_sma3_5,mfcc2_sma3_6,mfcc2_sma3_7,mfcc2_sma3_8,mfcc3_sma3_1,mfcc3_sma3_2,mfcc3_sma3_3,mfcc3_sma3_4,mfcc3_sma3_5,mfcc3_sma3_6,mfcc3_sma3_7,mfcc3_sma3_8,mfcc4_sma3_1,mfcc4_sma3_2,mfcc4_sma3_3,mfcc4_sma3_4,mfcc4_sma3_5,mfcc4_sma3_6,mfcc4_sma3_7,mfcc4_sma3_8,F0semitoneFrom27.5Hz_sma3nz_1,F0semitoneFrom27.5Hz_sma3nz_2,F0semitoneFrom27.5Hz_sma3nz_3,F0semitoneFrom27.5Hz_sma3nz_4,F0semitoneFrom27.5Hz_sma3nz_5,F0semitoneFrom27.5Hz_sma3nz_6,F0semitoneFrom27.5Hz_sma3nz_7,F0semitoneFrom27.5Hz_sma3nz_8,jitterLocal_sma3nz_1,jitterLocal_sma3nz_2,jitterLocal_sma3nz_3,jitterLocal_sma3nz_4,jitterLocal_sma3nz_5,jitterLocal_sma3nz_6,jitterLocal_sma3nz_7,jitterLocal_sma3nz_8
16.97862221724138,22.5062348275862,5.605004703448275,15.967084079310348,12.783218277931036,31.59329989655172,31.249577206896557,22.273798694444444,12.327267824137932,-6.383562578034483,13.576476,-5.430213867586207,19.079045962068964,4.539942896551724,6.724023936551724,26.84727925,13.80078534137931,31.223693375862062,26.29988786206896,30.23465089310345,2.303961838965517,1.5103837031034484,-2.007133628965517,17.182155555555553,2.294268063448276,-5.541080383793104,-6.2825140310344825,-14.382994915862067,-5.139220910344826,-45.40153058034482,1.057942168965517,10.157183108333331,0.0,24.457686034482755,19.719797,29.334244241379302,16.80873148275862,24.312380620689652,14.956483,0.0,0.0,0.0306133430827586,0.0079053410965517,0.0190344706551724,0.0229448538965517,0.0082264733551724,0.0044999300793103,0.0
