mfcc1_sma3_1,mfcc1_sma3_2,mfcc1_sma3_3,mfcc1_sma3_4,mfcc1_sma3_5,mfcc1_sma3_6,mfcc1_sma3_7,mfcc1_sma3_8,mfcc2_sma3_1,mfcc2_sma3_2,mfcc2_sma3_3,mfcc2_sma3_4,mfcc2_sma3_5,mfcc2_sma3_6,mfcc2_sma3_7,mfcc2_sma3_8,mfcc3_sma3_1,mfcc3_sma3_2,mfcc3_sma3_3,mfcc3_sma3_4,mfcc3_sma3_5,mfcc3_sma3_6,mfcc3_sma3_7,mfcc3_sma3_8,mfcc4_sma3_1,mfcc4_sma3_2,mfcc4_sma3_3,mfcc4_sma3_4,mfcc4_sma3_5,mfcc4_sma3_6,mfcc4_sma3_7,mfcc4_sma3_8,F0semitoneFrom27.5Hz_sma3nz_1,F0semitoneFrom27.5Hz_sma3nz_2,F0semitoneFrom27.5Hz_sma3nz_3,F0semitoneFrom27.5Hz_sma3nz_4,F0semitoneFrom27.5Hz_sma3nz_5,F0semitoneFrom27.5Hz_sma3nz_6,F0semitoneFrom27.5Hz_sma3nz_7,F0semitoneFrom27.5Hz_sma3nz_8,jitterLocal_sma3nz_1,jitterLocal_sma3nz_2,jitterLocal_sma3nz_3,jitterLocal_sma3nz_4,jitterLocal_sma3nz_5,jitterLocal_sma3nz_6,jitterLocal_sma3nz_7,jitterLocal_sma3nz_8
21.509200777777775,28.368002754444447,-13.059740774074076,18.86356731851852,27.48400251851852,27.089245703703707,29.937865666666667,30.232531300000005,28.039890851851847,24.67854479259259,30.02552414814815,-27.5658154925926,-10.294242297407406,-11.31631634814815,12.790744581481484,5.173293533333333,17.83018762962963,4.170929575925926,0.2545694885185185,-2.579902237407407,15.072005950000005,7.46609128,-7.421251773518518,17.86463652333333,8.496141651851852,-27.09965261111111,6.141321215555556,-42.14444954444444,-17.881670707407405,-13.99014355074074,-50.30278285185186,-2.431350633333333,0.0,26.212676,1.4446142592592592,31.316813111111117,17.568888814814816,24.49830951851852,27.633606666666665,24.209144,0.0,0.0113034979518518,0.0,0.0116665797999999,0.0060879853111111,0.0107560066777777,0.0164391148185185,0.0262059714099999
