mfcc1_sma3_1,mfcc1_sma3_2,mfcc1_sma3_3,mfcc1_sma3_4,mfcc1_sma3_5,mfcc1_sma3_6,mfcc1_sma3_7,mfcc1_sma3_8,mfcc2_sma3_1,mfcc2_sma3_2,mfcc2_sma3_3,mfcc2_sma3_4,mfcc2_sma3_5,mfcc2_sma3_6,mfcc2_sma3_7,mfcc2_sma3_8,mfcc3_sma3_1,mfcc3_sma3_2,mfcc3_sma3_3,mfcc3_sma3_4,mfcc3_sma3_5,mfcc3_sma3_6,mfcc3_sma3_7,mfcc3_sma3_8,mfcc4_sma3_1,mfcc4_sma3_2,mfcc4_sma3_3,mfcc4_sma3_4,mfcc4_sma3_5,mfcc4_sma3_6,mfcc4_sma3_7,mfcc4_sma3_8,F0semitoneFrom27.5Hz_sma3nz_1,F0semitoneFrom27.5Hz_sma3nz_2,F0semitoneFrom27.5Hz_sma3nz_3,F0semitoneFrom27.5Hz_sma3nz_4,F0semitoneFrom27.5Hz_sma3nz_5,F0semitoneFrom27.5Hz_sma3nz_6,F0semitoneFrom27.5Hz_sma3nz_7,F0semitoneFrom27.5Hz_sma3nz_8,jitterLocal_sma3nz_1,jitterLocal_sma3nz_2,jitterLocal_sma3nz_3,jitterLocal_sma3nz_4,jitterLocal_sma3nz_5,jitterLocal_sma3nz_6,jitterLocal_sma3nz_7,jitterLocal_sma3nz_8
16.95114742142857,23.187758464285714,21.68699066428572,18.440093189285715,19.060998835714283,29.556026428571432,30.67630432142857,22.045181454545457,19.96897555,18.870928325,6.187305758214285,11.523425516428572,19.502993708928567,12.80373507857143,17.402164669285714,26.21983303030303,18.490349392857144,19.402757964285712,27.3971213,35.967194857142864,9.280020762142858,8.314200965357143,4.1793081346428576,17.153504742424243,10.075594153571428,7.66522705,1.283501572142857,-4.949083654642857,-6.80547917857143,-30.246317047500003,4.1271124892857145,8.661466568484848,0.0,8.09977567857143,5.977048750000001,23.323579285714285,0.0,3.122236892857143,8.476722107142857,0.0,0.0,0.013385569,0.0080540604642857,0.0221024631142857,0.0,0.0006628780714285,0.0059985086785714,0.0
