mfcc1_sma3_1,mfcc1_sma3_2,mfcc1_sma3_3,mfcc1_sma3_4,mfcc1_sma3_5,mfcc1_sma3_6,mfcc1_sma3_7,mfcc1_sma3_8,mfcc2_sma3_1,mfcc2_sma3_2,mfcc2_sma3_3,mfcc2_sma3_4,mfcc2_sma3_5,mfcc2_sma3_6,mfcc2_sma3_7,mfcc2_sma3_8,mfcc3_sma3_1,mfcc3_sma3_2,mfcc3_sma3_3,mfcc3_sma3_4,mfcc3_sma3_5,mfcc3_sma3_6,mfcc3_sma3_7,mfcc3_sma3_8,mfcc4_sma3_1,mfcc4_sma3_2,mfcc4_sma3_3,mfcc4_sma3_4,mfcc4_sma3_5,mfcc4_sma3_6,mfcc4_sma3_7,mfcc4_sma3_8,F0semitoneFrom27.5Hz_sma3nz_1,F0semitoneFrom27.5Hz_sma3nz_2,F0semitoneFrom27.5Hz_sma3nz_3,F0semitoneFrom27.5Hz_sma3nz_4,F0semitoneFrom27.5Hz_sma3nz_5,F0semitoneFrom27.5Hz_sma3nz_6,F0semitoneFrom27.5Hz_sma3nz_7,F0semitoneFrom27.5Hz_sma3nz_8,jitterLocal_sma3nz_1,jitterLocal_sma3nz_2,jitterLocal_sma3nz_3,jitterLocal_sma3nz_4,jitterLocal_sma3nz_5,jitterLocal_sma3nz_6,jitterLocal_sma3nz_7,jitterLocal_sma3nz_8
22.967476636363635,18.641085755454547,34.493182909090905,33.33622113636364,29.60652840909091,23.71848004545454,21.751741181818183,22.4673522,29.11789263636364,16.598648131818184,26.73500153181818,6.146480847590908,8.486251249999999,1.7939538,14.437491845454543,24.65403088,15.97633368181818,8.40903071409091,4.377828377272727,4.16204295909091,-6.7602097954545455,3.5134149489090905,17.75910813636364,12.94405534,9.73103998181818,8.218637168181818,-29.811104863636363,-6.57586223318182,-26.217057290909096,2.181656081818182,8.341056131818181,9.05363044,0.0,5.197376681818182,23.532767045454545,18.89202709090909,3.7521885454545454,0.0,0.0,0.0,0.0,0.0038494422272727,0.048498769340909,0.0120761292136363,0.0,0.0,0.0,0.0
