mfcc1_sma3_1,mfcc1_sma3_2,mfcc1_sma3_3,mfcc1_sma3_4,mfcc1_sma3_5,mfcc1_sma3_6,mfcc1_sma3_7,mfcc1_sma3_8,mfcc2_sma3_1,mfcc2_sma3_2,mfcc2_sma3_3,mfcc2_sma3_4,mfcc2_sma3_5,mfcc2_sma3_6,mfcc2_sma3_7,mfcc2_sma3_8,mfcc3_sma3_1,mfcc3_sma3_2,mfcc3_sma3_3,mfcc3_sma3_4,mfcc3_sma3_5,mfcc3_sma3_6,mfcc3_sma3_7,mfcc3_sma3_8,mfcc4_sma3_1,mfcc4_sma3_2,mfcc4_sma3_3,mfcc4_sma3_4,mfcc4_sma3_5,mfcc4_sma3_6,mfcc4_sma3_7,mfcc4_sma3_8,F0semitoneFrom27.5Hz_sma3nz_1,F0semitoneFrom27.5Hz_sma3nz_2,F0semitoneFrom27.5Hz_sma3nz_3,F0semitoneFrom27.5Hz_sma3nz_4,F0semitoneFrom27.5Hz_sma3nz_5,F0semitoneFrom27.5Hz_sma3nz_6,F0semitoneFrom27.5Hz_sma3nz_7,F0semitoneFrom27.5Hz_sma3nz_8,jitterLocal_sma3nz_1,jitterLocal_sma3nz_2,jitterLocal_sma3nz_3,jitterLocal_sma3nz_4,jitterLocal_sma3nz_5,jitterLocal_sma3nz_6,jitterLocal_sma3nz_7,jitterLocal_sma3nz_8
22.852720714285716,21.28101123809524,25.6571835,28.40724961904762,27.020807047619048,29.37528571428572,22.96447409523809,22.305449272727277,30.042485666666668,26.20897661904762,12.241864161904765,-4.769370885714285,3.689090990476191,-4.397787800952381,19.601559590476192,27.94457490909091,17.98649871428571,13.2389945,-4.087482095238095,-14.390254833333334,-16.75560992095238,-25.236472914285716,10.394078366666667,14.264128954545454,10.85800482380952,9.157538371428572,-9.166952399666668,-20.522728985714284,-15.347472890476189,-9.17337505904762,10.48105753809524,9.737921154545454,0.0,3.046352619047619,29.87333852380953,33.48672752380952,17.545510047619047,6.232787333333333,0.0,0.0,0.0,0.0,0.0105719840095238,0.0091353324285714,0.0056693117619047,0.0009084885,0.0,0.0
