mfcc1_sma3_1,mfcc1_sma3_2,mfcc1_sma3_3,mfcc1_sma3_4,mfcc1_sma3_5,mfcc1_sma3_6,mfcc1_sma3_7,mfcc1_sma3_8,mfcc2_sma3_1,mfcc2_sma3_2,mfcc2_sma3_3,mfcc2_sma3_4,mfcc2_sma3_5,mfcc2_sma3_6,mfcc2_sma3_7,mfcc2_sma3_8,mfcc3_sma3_1,mfcc3_sma3_2,mfcc3_sma3_3,mfcc3_sma3_4,mfcc3_sma3_5,mfcc3_sma3_6,mfcc3_sma3_7,mfcc3_sma3_8,mfcc4_sma3_1,mfcc4_sma3_2,mfcc4_sma3_3,mfcc4_sma3_4,mfcc4_sma3_5,mfcc4_sma3_6,mfcc4_sma3_7,mfcc4_sma3_8,F0semitoneFrom27.5Hz_sma3nz_1,F0semitoneFrom27.5Hz_sma3nz_2,F0semitoneFrom27.5Hz_sma3nz_3,F0semitoneFrom27.5Hz_sma3nz_4,F0semitoneFrom27.5Hz_sma3nz_5,F0semitoneFrom27.5Hz_sma3nz_6,F0semitoneFrom27.5Hz_sma3nz_7,F0semitoneFrom27.5Hz_sma3nz_8,jitterLocal_sma3nz_1,jitterLocal_sma3nz_2,jitterLocal_sma3nz_3,jitterLocal_sma3nz_4,jitterLocal_sma3nz_5,jitterLocal_sma3nz_6,jitterLocal_sma3nz_7,jitterLocal_sma3nz_8
21.634358892857144,19.85037692857143,34.41108799999999,31.35917435714286,25.75537296428572,28.16447803571428,21.462048642857145,22.071060433333333,28.93006367857143,23.28900660714286,4.378353597499999,5.841454195,8.147775397142857,20.60642477142857,26.497199178571428,27.60604503333333,14.87791939285714,15.54345853214286,-12.376842771428572,4.334703860714286,13.552424414285714,12.14059654642857,15.977084375,14.31375811666667,9.303581060714285,3.6610482225,-18.003197699999998,-12.691574442857146,-4.249977895000001,-5.303535493714287,10.53545752142857,9.68669063,0.0,3.0973526071428568,31.492787107142856,35.173259678571426,39.609192321428566,19.79317510714285,0.0,0.0,0.0,0.0,0.0235414773785714,0.0060270081071428,0.0307296773035714,0.0064385071142857,0.0,0.0
