mfcc1_sma3_1,mfcc1_sma3_2,mfcc1_sma3_3,mfcc1_sma3_4,mfcc1_sma3_5,mfcc1_sma3_6,mfcc1_sma3_7,mfcc1_sma3_8,mfcc2_sma3_1,mfcc2_sma3_2,mfcc2_sma3_3,mfcc2_sma3_4,mfcc2_sma3_5,mfcc2_sma3_6,mfcc2_sma3_7,mfcc2_sma3_8,mfcc3_sma3_1,mfcc3_sma3_2,mfcc3_sma3_3,mfcc3_sma3_4,mfcc3_sma3_5,mfcc3_sma3_6,mfcc3_sma3_7,mfcc3_sma3_8,mfcc4_sma3_1,mfcc4_sma3_2,mfcc4_sma3_3,mfcc4_sma3_4,mfcc4_sma3_5,mfcc4_sma3_6,mfcc4_sma3_7,mfcc4_sma3_8,F0semitoneFrom27.5Hz_sma3nz_1,F0semitoneFrom27.5Hz_sma3nz_2,F0semitoneFrom27.5Hz_sma3nz_3,F0semitoneFrom27.5Hz_sma3nz_4,F0semitoneFrom27.5Hz_sma3nz_5,F0semitoneFrom27.5Hz_sma3nz_6,F0semitoneFrom27.5Hz_sma3nz_7,F0semitoneFrom27.5Hz_sma3nz_8,jitterLocal_sma3nz_1,jitterLocal_sma3nz_2,jitterLocal_sma3nz_3,jitterLocal_sma3nz_4,jitterLocal_sma3nz_5,jitterLocal_sma3nz_6,jitterLocal_sma3nz_7,jitterLocal_sma3nz_8
20.963727631578948,20.631645231578947,31.712036842105267,34.63876973684211,32.20838310526316,29.60608815789473,21.916067052631583,21.653851869565216,28.322632,14.663987284210526,14.108144747368424,-1.1742926505263154,3.111175321052632,14.91604352631579,25.07270021052632,25.25921465217391,13.809075789473686,16.517949710526313,-7.248601442631579,-4.6320608347368415,-15.14700300526316,-0.8812181526315788,12.822280052631577,11.813638804347825,7.759224268421054,11.439430505263156,-17.463283857894737,-5.010773556842105,-23.09489091736842,-1.315830363157895,11.465329,8.912230547826088,0.0,5.880661947368421,27.745442947368428,21.86513047368421,23.123141578947365,0.0,0.0,0.0,0.0,0.0043280989473684,0.0092554307842105,0.0057325210157894,0.0186494536368421,0.0,0.0,0.0
