mfcc1_sma3_1,mfcc1_sma3_2,mfcc1_sma3_3,mfcc1_sma3_4,mfcc1_sma3_5,mfcc1_sma3_6,mfcc1_sma3_7,mfcc1_sma3_8,mfcc2_sma3_1,mfcc2_sma3_2,mfcc2_sma3_3,mfcc2_sma3_4,mfcc2_sma3_5,mfcc2_sma3_6,mfcc2_sma3_7,mfcc2_sma3_8,mfcc3_sma3_1,mfcc3_sma3_2,mfcc3_sma3_3,mfcc3_sma3_4,mfcc3_sma3_5,mfcc3_sma3_6,mfcc3_sma3_7,mfcc3_sma3_8,mfcc4_sma3_1,mfcc4_sma3_2,mfcc4_sma3_3,mfcc4_sma3_4,mfcc4_sma3_5,mfcc4_sma3_6,mfcc4_sma3_7,mfcc4_sma3_8,F0semitoneFrom27.5Hz_sma3nz_1,F0semitoneFrom27.5Hz_sma3nz_2,F0semitoneFrom27.5Hz_sma3nz_3,F0semitoneFrom27.5Hz_sma3nz_4,F0semitoneFrom27.5Hz_sma3nz_5,F0semitoneFrom27.5Hz_sma3nz_6,F0semitoneFrom27.5Hz_sma3nz_7,F0semitoneFrom27.5Hz_sma3nz_8,jitterLocal_sma3nz_1,jitterLocal_sma3nz_2,jitterLocal_sma3nz_3,jitterLocal_sma3nz_4,jitterLocal_sma3nz_5,jitterLocal_sma3nz_6,jitterLocal_sma3nz_7,jitterLocal_sma3nz_8
20.858530583333334,12.780849390416668,10.575747458333334,9.6411746425,0.6708510125,25.5302635,20.86099658333333,22.78676948387097,24.655318750000003,22.91379088333333,11.604317135833332,23.304606412500004,22.352136666666667,-3.759830107083333,19.314001816666664,29.178909870967747,16.887874291666666,7.116071449041667,0.5623201895833333,-0.16068462875,1.873333104166667,4.616993190416667,16.406988916666666,16.83343061290323,12.10299778333333,5.798818937499999,3.2065241833333338,5.8811483,4.7187989833333335,-12.185005125000002,12.669848770833331,10.43643408064516,0.0,11.571084958333335,24.59928345833333,12.550902875,12.687815083333334,6.431574291666666,0.0,0.0,0.0,0.0031696247708333,0.0060079681666666,0.0058774433333333,0.0019089683333333,0.0,0.0,0.0
