mfcc1_sma3_1,mfcc1_sma3_2,mfcc1_sma3_3,mfcc1_sma3_4,mfcc1_sma3_5,mfcc1_sma3_6,mfcc1_sma3_7,mfcc1_sma3_8,mfcc2_sma3_1,mfcc2_sma3_2,mfcc2_sma3_3,mfcc2_sma3_4,mfcc2_sma3_5,mfcc2_sma3_6,mfcc2_sma3_7,mfcc2_sma3_8,mfcc3_sma3_1,mfcc3_sma3_2,mfcc3_sma3_3,mfcc3_sma3_4,mfcc3_sma3_5,mfcc3_sma3_6,mfcc3_sma3_7,mfcc3_sma3_8,mfcc4_sma3_1,mfcc4_sma3_2,mfcc4_sma3_3,mfcc4_sma3_4,mfcc4_sma3_5,mfcc4_sma3_6,mfcc4_sma3_7,mfcc4_sma3_8,F0semitoneFrom27.5Hz_sma3nz_1,F0semitoneFrom27.5Hz_sma3nz_2,F0semitoneFrom27.5Hz_sma3nz_3,F0semitoneFrom27.5Hz_sma3nz_4,F0semitoneFrom27.5Hz_sma3nz_5,F0semitoneFrom27.5Hz_sma3nz_6,F0semitoneFrom27.5Hz_sma3nz_7,F0semitoneFrom27.5Hz_sma3nz_8,jitterLocal_sma3nz_1,jitterLocal_sma3nz_2,jitterLocal_sma3nz_3,jitterLocal_sma3nz_4,jitterLocal_sma3nz_5,jitterLocal_sma3nz_6,jitterLocal_sma3nz_7,jitterLocal_sma3nz_8
21.61094060714285,20.8722555,23.15071382142857,32.062928428571425,27.019303392857147,18.89911047142857,28.53918654642857,27.9218842,27.610392821428576,26.23263057142857,10.651982667142857,-3.444189864642857,17.850249935714285,23.72637007142857,11.386009505,22.472542310000005,17.101909857142854,16.621312446428572,19.554981680714285,-1.8301804392857144,0.7172224142857143,2.4057577321428574,-2.1511664107142856,3.8923562033333337,9.870936825,10.607950582142855,-3.433613144928571,-7.944360259285714,-1.3168632566071428,-7.697623857500001,-26.022934064285717,-11.457102905666664,0.0,0.0,24.23839646428572,19.487722035714285,23.80151753571429,15.683356821428571,9.804392964285714,0.0,0.0,0.0,0.01101826875,0.0082945850714285,0.0085146968428571,0.0059638638107142,0.0008823329285714,0.0
