mfcc1_sma3_1,mfcc1_sma3_2,mfcc1_sma3_3,mfcc1_sma3_4,mfcc1_sma3_5,mfcc1_sma3_6,mfcc1_sma3_7,mfcc1_sma3_8,mfcc2_sma3_1,mfcc2_sma3_2,mfcc2_sma3_3,mfcc2_sma3_4,mfcc2_sma3_5,mfcc2_sma3_6,mfcc2_sma3_7,mfcc2_sma3_8,mfcc3_sma3_1,mfcc3_sma3_2,mfcc3_sma3_3,mfcc3_sma3_4,mfcc3_sma3_5,mfcc3_sma3_6,mfcc3_sma3_7,mfcc3_sma3_8,mfcc4_sma3_1,mfcc4_sma3_2,mfcc4_sma3_3,mfcc4_sma3_4,mfcc4_sma3_5,mfcc4_sma3_6,mfcc4_sma3_7,mfcc4_sma3_8,F0semitoneFrom27.5Hz_sma3nz_1,F0semitoneFrom27.5Hz_sma3nz_2,F0semitoneFrom27.5Hz_sma3nz_3,F0semitoneFrom27.5Hz_sma3nz_4,F0semitoneFrom27.5Hz_sma3nz_5,F0semitoneFrom27.5Hz_sma3nz_6,F0semitoneFrom27.5Hz_sma3nz_7,F0semitoneFrom27.5Hz_sma3nz_8,jitterLocal_sma3nz_1,jitterLocal_sma3nz_2,jitterLocal_sma3nz_3,jitterLocal_sma3nz_4,jitterLocal_sma3nz_5,jitterLocal_sma3nz_6,jitterLocal_sma3nz_7,jitterLocal_sma3nz_8
22.301988482758617,19.711693034482764,23.704206689655177,10.222030034482758,24.87762102068965,20.882034586206892,33.704686206896554,22.12668987878788,29.03750668965517,11.666783965517242,12.43959236758621,15.537889355172414,17.927855913793103,21.858056620689656,18.990439206896557,26.59221272727273,16.936186482758618,18.123819357586207,12.219944006896547,4.243268878517241,7.875872348965516,9.31613360551724,-7.664489410344827,15.105728633333335,9.137508220689655,7.931800104827587,-13.666104294827583,0.4918148465517243,-6.029705034482759,8.791528051724136,-9.61677207103448,9.893649642424243,0.0,7.5696298965517235,17.534683551724136,12.45398003448276,5.174505793103449,0.0,0.0,0.0,0.0,0.0030304044827586,0.0138286258275862,0.0089399788448275,0.0049719950689655,0.0,0.0,0.0
