mfcc1_sma3_1,mfcc1_sma3_2,mfcc1_sma3_3,mfcc1_sma3_4,mfcc1_sma3_5,mfcc1_sma3_6,mfcc1_sma3_7,mfcc1_sma3_8,mfcc2_sma3_1,mfcc2_sma3_2,mfcc2_sma3_3,mfcc2_sma3_4,mfcc2_sma3_5,mfcc2_sma3_6,mfcc2_sma3_7,mfcc2_sma3_8,mfcc3_sma3_1,mfcc3_sma3_2,mfcc3_sma3_3,mfcc3_sma3_4,mfcc3_sma3_5,mfcc3_sma3_6,mfcc3_sma3_7,mfcc3_sma3_8,mfcc4_sma3_1,mfcc4_sma3_2,mfcc4_sma3_3,mfcc4_sma3_4,mfcc4_sma3_5,mfcc4_sma3_6,mfcc4_sma3_7,mfcc4_sma3_8,F0semitoneFrom27.5Hz_sma3nz_1,F0semitoneFrom27.5Hz_sma3nz_2,F0semitoneFrom27.5Hz_sma3nz_3,F0semitoneFrom27.5Hz_sma3nz_4,F0semitoneFrom27.5Hz_sma3nz_5,F0semitoneFrom27.5Hz_sma3nz_6,F0semitoneFrom27.5Hz_sma3nz_7,F0semitoneFrom27.5Hz_sma3nz_8,jitterLocal_sma3nz_1,jitterLocal_sma3nz_2,jitterLocal_sma3nz_3,jitterLocal_sma3nz_4,jitterLocal_sma3nz_5,jitterLocal_sma3nz_6,jitterLocal_sma3nz_7,jitterLocal_sma3nz_8
21.973834363636364,16.140674972727272,22.455285786363635,28.995085227272728,28.175277909090905,29.23540013636364,20.42839174090909,18.19716146,27.63602095454545,25.010456681818184,4.987820459090909,5.583515979545455,3.4285911752727274,4.330287311999999,15.527409161818182,27.92419848,14.57650209090909,-1.4473639059090906,-10.006444135,8.481500401818181,-2.684837753181818,5.7097056819090914,10.690277854545457,14.078013680000002,10.626141795454544,-11.361274979999996,-5.645145981818183,-2.242669727272727,-23.897364281818174,-22.313036772727276,2.737295327272728,15.248582428000002,0.0,25.836787590909093,17.895202772727274,28.24855581818182,34.04501495454545,12.27569481818182,0.0,0.0,0.0,0.017889354090909,0.006763172440909,0.0219840577727272,0.016745635090909,0.0033435824090909,0.0,0.0
