mfcc1_sma3_1,mfcc1_sma3_2,mfcc1_sma3_3,mfcc1_sma3_4,mfcc1_sma3_5,mfcc1_sma3_6,mfcc1_sma3_7,mfcc1_sma3_8,mfcc2_sma3_1,mfcc2_sma3_2,mfcc2_sma3_3,mfcc2_sma3_4,mfcc2_sma3_5,mfcc2_sma3_6,mfcc2_sma3_7,mfcc2_sma3_8,mfcc3_sma3_1,mfcc3_sma3_2,mfcc3_sma3_3,mfcc3_sma3_4,mfcc3_sma3_5,mfcc3_sma3_6,mfcc3_sma3_7,mfcc3_sma3_8,mfcc4_sma3_1,mfcc4_sma3_2,mfcc4_sma3_3,mfcc4_sma3_4,mfcc4_sma3_5,mfcc4_sma3_6,mfcc4_sma3_7,mfcc4_sma3_8,F0semitoneFrom27.5Hz_sma3nz_1,F0semitoneFrom27.5Hz_sma3nz_2,F0semitoneFrom27.5Hz_sma3nz_3,F0semitoneFrom27.5Hz_sma3nz_4,F0semitoneFrom27.5Hz_sma3nz_5,F0semitoneFrom27.5Hz_sma3nz_6,F0semitoneFrom27.5Hz_sma3nz_7,F0semitoneFrom27.5Hz_sma3nz_8,jitterLocal_sma3nz_1,jitterLocal_sma3nz_2,jitterLocal_sma3nz_3,jitterLocal_sma3nz_4,jitterLocal_sma3nz_5,jitterLocal_sma3nz_6,jitterLocal_sma3nz_7,jitterLocal_sma3nz_8
20.998713620689657,19.301714044827584,31.531954793103445,29.09547624137931,28.07669565517241,23.735067172413792,23.184489620689657,21.9473146969697,24.249870310344825,20.03253036448276,11.141650303448278,18.60549724137931,13.149179186206895,16.87758272413793,28.83687365517241,27.40103615151515,21.094952275862067,5.222824193103448,-4.297996814827586,11.10148252413793,-0.1251471679310344,8.201910365517241,17.11904532758621,15.292790954545454,3.076233793310345,-2.4212645993103448,-12.414826175862068,-0.8984598955172414,-3.380599253448276,9.38196823448276,11.644054013793106,10.193072969696969,9.578445034482758,7.454892172413793,19.50278944827586,19.864939827586205,0.0,0.0,1.2659473793103448,0.0,0.0023122020172413,0.0009743469655172,0.0088895665137931,0.0110184080965517,0.0,0.0,0.0010076392413793,0.0
