mfcc1_sma3_1,mfcc1_sma3_2,mfcc1_sma3_3,mfcc1_sma3_4,mfcc1_sma3_5,mfcc1_sma3_6,mfcc1_sma3_7,mfcc1_sma3_8,mfcc2_sma3_1,mfcc2_sma3_2,mfcc2_sma3_3,mfcc2_sma3_4,mfcc2_sma3_5,mfcc2_sma3_6,mfcc2_sma3_7,mfcc2_sma3_8,mfcc3_sma3_1,mfcc3_sma3_2,mfcc3_sma3_3,mfcc3_sma3_4,mfcc3_sma3_5,mfcc3_sma3_6,mfcc3_sma3_7,mfcc3_sma3_8,mfcc4_sma3_1,mfcc4_sma3_2,mfcc4_sma3_3,mfcc4_sma3_4,mfcc4_sma3_5,mfcc4_sma3_6,mfcc4_sma3_7,mfcc4_sma3_8,F0semitoneFrom27.5Hz_sma3nz_1,F0semitoneFrom27.5Hz_sma3nz_2,F0semitoneFrom27.5Hz_sma3nz_3,F0semitoneFrom27.5Hz_sma3nz_4,F0semitoneFrom27.5Hz_sma3nz_5,F0semitoneFrom27.5Hz_sma3nz_6,F0semitoneFrom27.5Hz_sma3nz_7,F0semitoneFrom27.5Hz_sma3nz_8,jitterLocal_sma3nz_1,jitterLocal_sma3nz_2,jitterLocal_sma3nz_3,jitterLocal_sma3nz_4,jitterLocal_sma3nz_5,jitterLocal_sma3nz_6,jitterLocal_sma3nz_7,jitterLocal_sma3nz_8
26.25178855172414,19.19871893448276,33.27517836551724,38.78335637931035,32.411597862068966,30.24030372413793,31.701797034482755,21.53601872222222,22.367606660000003,11.69923234137931,-2.9988124758620684,-1.2265021627586208,21.938255482758617,12.241876464827588,27.11784537931035,26.31975655555556,17.72122120689655,30.185460379310346,8.86312119655172,-4.36768111724138,11.147201424,-6.580138476310345,5.182247468275862,17.114969875,6.333669651724138,-19.24305703793103,0.9825357155172416,-8.410262907931036,-7.93587835137931,-19.0887778,-15.948426017241385,9.504521369444443,17.01224031034483,23.17218227586207,33.574167137931035,28.357968172413795,17.176942896551726,20.237290103448277,10.523442827586209,0.0,0.0958114531034482,0.035399765275862,0.0300918697551724,0.0190841973172413,0.0256873492586206,0.0173117477931034,0.0055541444137931,0.0
