mfcc1_sma3_1,mfcc1_sma3_2,mfcc1_sma3_3,mfcc1_sma3_4,mfcc1_sma3_5,mfcc1_sma3_6,mfcc1_sma3_7,mfcc1_sma3_8,mfcc2_sma3_1,mfcc2_sma3_2,mfcc2_sma3_3,mfcc2_sma3_4,mfcc2_sma3_5,mfcc2_sma3_6,mfcc2_sma3_7,mfcc2_sma3_8,mfcc3_sma3_1,mfcc3_sma3_2,mfcc3_sma3_3,mfcc3_sma3_4,mfcc3_sma3_5,mfcc3_sma3_6,mfcc3_sma3_7,mfcc3_sma3_8,mfcc4_sma3_1,mfcc4_sma3_2,mfcc4_sma3_3,mfcc4_sma3_4,mfcc4_sma3_5,mfcc4_sma3_6,mfcc4_sma3_7,mfcc4_sma3_8,F0semitoneFrom27.5Hz_sma3nz_1,F0semitoneFrom27.5Hz_sma3nz_2,F0semitoneFrom27.5Hz_sma3nz_3,F0semitoneFrom27.5Hz_sma3nz_4,F0semitoneFrom27.5Hz_sma3nz_5,F0semitoneFrom27.5Hz_sma3nz_6,F0semitoneFrom27.5Hz_sma3nz_7,F0semitoneFrom27.5Hz_sma3nz_8,jitterLocal_sma3nz_1,jitterLocal_sma3nz_2,jitterLocal_sma3nz_3,jitterLocal_sma3nz_4,jitterLocal_sma3nz_5,jitterLocal_sma3nz_6,jitterLocal_sma3nz_7,jitterLocal_sma3nz_8
21.239409620689656,19.710971824137932,9.95117453275862,11.84195979055172,-3.099097102413793,22.85500348275862,16.00992520689655,20.31200755555556,29.15906579310345,26.384073586206892,15.039547648275862,26.05412448275862,26.33729979310345,17.694881644827582,18.84187442310345,27.26855825,17.53271365517241,16.435171310344828,3.221247431034483,11.017851048275862,10.715824837931034,5.089253525517241,20.32059396551724,16.174760861111114,10.406647293103449,6.809884007931035,14.361703215517242,8.723247572413793,26.44909958620689,-4.232246018275863,10.051198637931034,12.273550225,0.0,4.603351620689655,16.89203382758621,4.289424172413794,0.0,5.242623137931035,0.0,0.0,0.0,0.0046454358620689,0.0042809368965517,0.0033737179310344,0.0,0.0021389725517241,0.0,0.0
