mfcc1_sma3_1,mfcc1_sma3_2,mfcc1_sma3_3,mfcc1_sma3_4,mfcc1_sma3_5,mfcc1_sma3_6,mfcc1_sma3_7,mfcc1_sma3_8,mfcc2_sma3_1,mfcc2_sma3_2,mfcc2_sma3_3,mfcc2_sma3_4,mfcc2_sma3_5,mfcc2_sma3_6,mfcc2_sma3_7,mfcc2_sma3_8,mfcc3_sma3_1,mfcc3_sma3_2,mfcc3_sma3_3,mfcc3_sma3_4,mfcc3_sma3_5,mfcc3_sma3_6,mfcc3_sma3_7,mfcc3_sma3_8,mfcc4_sma3_1,mfcc4_sma3_2,mfcc4_sma3_3,mfcc4_sma3_4,mfcc4_sma3_5,mfcc4_sma3_6,mfcc4_sma3_7,mfcc4_sma3_8,F0semitoneFrom27.5Hz_sma3nz_1,F0semitoneFrom27.5Hz_sma3nz_2,F0semitoneFrom27.5Hz_sma3nz_3,F0semitoneFrom27.5Hz_sma3nz_4,F0semitoneFrom27.5Hz_sma3nz_5,F0semitoneFrom27.5Hz_sma3nz_6,F0semitoneFrom27.5Hz_sma3nz_7,F0semitoneFrom27.5Hz_sma3nz_8,jitterLocal_sma3nz_1,jitterLocal_sma3nz_2,jitterLocal_sma3nz_3,jitterLocal_sma3nz_4,jitterLocal_sma3nz_5,jitterLocal_sma3nz_6,jitterLocal_sma3nz_7,jitterLocal_sma3nz_8
18.453104879166663,19.0886183125,23.795310291666663,18.9394483,22.33037435416667,24.276431833333334,15.065736733333331,24.714558035714283,21.960569791666668,-17.7577536,-5.800856325000001,11.0211426625,15.04259445,-14.824548370833334,17.3689180625,23.24749453571429,12.758420625,-22.045258000000004,-18.59552388333333,-4.7195932375,3.8104255875,-16.696980426666666,-0.7197557800000002,7.675221774999999,11.157669840000002,-22.223989594583333,-20.132110541666663,-7.932724839166667,0.9208545804166668,-13.867438877708333,0.0302527291666666,7.127413760714284,7.210448125,47.32305725,33.99452720833333,38.6972645,11.704413458333336,37.92884304166667,0.0,0.0,0.0021298073333333,0.0232702558749999,0.0164081643333333,0.0299470317916666,0.010893276,0.0355831899583333,0.0,0.0
