mfcc1_sma3_1,mfcc1_sma3_2,mfcc1_sma3_3,mfcc1_sma3_4,mfcc1_sma3_5,mfcc1_sma3_6,mfcc1_sma3_7,mfcc1_sma3_8,mfcc2_sma3_1,mfcc2_sma3_2,mfcc2_sma3_3,mfcc2_sma3_4,mfcc2_sma3_5,mfcc2_sma3_6,mfcc2_sma3_7,mfcc2_sma3_8,mfcc3_sma3_1,mfcc3_sma3_2,mfcc3_sma3_3,mfcc3_sma3_4,mfcc3_sma3_5,mfcc3_sma3_6,mfcc3_sma3_7,mfcc3_sma3_8,mfcc4_sma3_1,mfcc4_sma3_2,mfcc4_sma3_3,mfcc4_sma3_4,mfcc4_sma3_5,mfcc4_sma3_6,mfcc4_sma3_7,mfcc4_sma3_8,F0semitoneFrom27.5Hz_sma3nz_1,F0semitoneFrom27.5Hz_sma3nz_2,F0semitoneFrom27.5Hz_sma3nz_3,F0semitoneFrom27.5Hz_sma3nz_4,F0semitoneFrom27.5Hz_sma3nz_5,F0semitoneFrom27.5Hz_sma3nz_6,F0semitoneFrom27.5Hz_sma3nz_7,F0semitoneFrom27.5Hz_sma3nz_8,jitterLocal_sma3nz_1,jitterLocal_sma3nz_2,jitterLocal_sma3nz_3,jitterLocal_sma3nz_4,jitterLocal_sma3nz_5,jitterLocal_sma3nz_6,jitterLocal_sma3nz_7,jitterLocal_sma3nz_8
21.708737958333334,16.46211855,31.755235416666665,26.403306541666662,25.984884750000003,21.56647379166667,21.350108833333334,21.951060464285717,31.782067708333333,18.31256934375,5.351708572499999,4.575008669583333,-2.240789783333333,19.3574945,28.349889708333336,29.03896796428571,18.52015941666667,17.31785811,0.22729902125,-1.86377233125,-12.827763566666668,8.994529920833335,15.150929874999996,17.003313410714288,10.2050386625,-0.6731375275000001,-20.73397752083333,-9.053141477916666,-1.9242766958333335,13.68188660416667,9.9816441875,11.02485433214286,0.0,13.545892041666669,36.549431041666665,13.571855458333332,0.0,0.0,0.0,0.0,0.0,0.0048352283333333,0.0122666581083333,0.0042387058333333,0.0,0.0,0.0,0.0
