mfcc1_sma3_1,mfcc1_sma3_2,mfcc1_sma3_3,mfcc1_sma3_4,mfcc1_sma3_5,mfcc1_sma3_6,mfcc1_sma3_7,mfcc1_sma3_8,mfcc2_sma3_1,mfcc2_sma3_2,mfcc2_sma3_3,mfcc2_sma3_4,mfcc2_sma3_5,mfcc2_sma3_6,mfcc2_sma3_7,mfcc2_sma3_8,mfcc3_sma3_1,mfcc3_sma3_2,mfcc3_sma3_3,mfcc3_sma3_4,mfcc3_sma3_5,mfcc3_sma3_6,mfcc3_sma3_7,mfcc3_sma3_8,mfcc4_sma3_1,mfcc4_sma3_2,mfcc4_sma3_3,mfcc4_sma3_4,mfcc4_sma3_5,mfcc4_sma3_6,mfcc4_sma3_7,mfcc4_sma3_8,F0semitoneFrom27.5Hz_sma3nz_1,F0semitoneFrom27.5Hz_sma3nz_2,F0semitoneFrom27.5Hz_sma3nz_3,F0semitoneFrom27.5Hz_sma3nz_4,F0semitoneFrom27.5Hz_sma3nz_5,F0semitoneFrom27.5Hz_sma3nz_6,F0semitoneFrom27.5Hz_sma3nz_7,F0semitoneFrom27.5Hz_sma3nz_8,jitterLocal_sma3nz_1,jitterLocal_sma3nz_2,jitterLocal_sma3nz_3,jitterLocal_sma3nz_4,jitterLocal_sma3nz_5,jitterLocal_sma3nz_6,jitterLocal_sma3nz_7,jitterLocal_sma3nz_8
22.24711993939394,21.25835246969697,29.575108363636364,33.10575366666667,28.899415606060607,31.88506627272728,24.222697909090908,21.55774731578948,29.904892696969696,21.205133454545454,15.34930319259091,16.535374881818186,26.0372186,20.711588277848485,28.15223996969697,26.74741821052632,18.24387225757576,25.69929615757576,0.0167685115151517,-1.6115205836363635,15.947941823242424,-2.785374433666667,12.297242124242423,16.81711994736842,12.657345912121212,-1.3933434403636362,-1.3510803696969695,-11.735078437878787,-1.0091327909090908,-31.95145517348485,0.1803120939393939,10.15969505263158,0.0,15.19122781818182,11.433472606060608,6.151803000000001,17.03908096969697,20.57281454545454,0.0,0.0,0.0,0.0076719143939393,0.0093849033939393,0.0022633127575757,0.0161245972030303,0.0070096962636363,0.0,0.0
