mfcc1_sma3_1,mfcc1_sma3_2,mfcc1_sma3_3,mfcc1_sma3_4,mfcc1_sma3_5,mfcc1_sma3_6,mfcc1_sma3_7,mfcc1_sma3_8,mfcc2_sma3_1,mfcc2_sma3_2,mfcc2_sma3_3,mfcc2_sma3_4,mfcc2_sma3_5,mfcc2_sma3_6,mfcc2_sma3_7,mfcc2_sma3_8,mfcc3_sma3_1,mfcc3_sma3_2,mfcc3_sma3_3,mfcc3_sma3_4,mfcc3_sma3_5,mfcc3_sma3_6,mfcc3_sma3_7,mfcc3_sma3_8,mfcc4_sma3_1,mfcc4_sma3_2,mfcc4_sma3_3,mfcc4_sma3_4,mfcc4_sma3_5,mfcc4_sma3_6,mfcc4_sma3_7,mfcc4_sma3_8,F0semitoneFrom27.5Hz_sma3nz_1,F0semitoneFrom27.5Hz_sma3nz_2,F0semitoneFrom27.5Hz_sma3nz_3,F0semitoneFrom27.5Hz_sma3nz_4,F0semitoneFrom27.5Hz_sma3nz_5,F0semitoneFrom27.5Hz_sma3nz_6,F0semitoneFrom27.5Hz_sma3nz_7,F0semitoneFrom27.5Hz_sma3nz_8,jitterLocal_sma3nz_1,jitterLocal_sma3nz_2,jitterLocal_sma3nz_3,jitterLocal_sma3nz_4,jitterLocal_sma3nz_5,jitterLocal_sma3nz_6,jitterLocal_sma3nz_7,jitterLocal_sma3nz_8
21.701624,29.78160648,27.3087271,21.05647232,22.41189332,12.76262446,27.62420888,22.236807290322574,28.33462344,3.6465377004,-2.8807718836,-5.404981618000001,-3.338981584000001,2.0591053204,12.166289132,28.23967387096774,18.16303806,-12.126317648,-6.128356569199999,16.046898911999996,18.440671828,38.99280872,28.83872024,19.215887612903224,10.068719112,-42.20124932,-18.363473752,-7.867592404000001,-5.123824696000001,-9.26187837872,3.704625448,13.503106551612902,0.0,28.01107008,32.56622404,31.80729764,30.887828200000005,21.64650676,0.0,0.0,0.0,0.05901089824,0.026924392212,0.011480981576,0.0149408239079999,0.018679686464,0.0,0.0
