mfcc1_sma3_1,mfcc1_sma3_2,mfcc1_sma3_3,mfcc1_sma3_4,mfcc1_sma3_5,mfcc1_sma3_6,mfcc1_sma3_7,mfcc1_sma3_8,mfcc2_sma3_1,mfcc2_sma3_2,mfcc2_sma3_3,mfcc2_sma3_4,mfcc2_sma3_5,mfcc2_sma3_6,mfcc2_sma3_7,mfcc2_sma3_8,mfcc3_sma3_1,mfcc3_sma3_2,mfcc3_sma3_3,mfcc3_sma3_4,mfcc3_sma3_5,mfcc3_sma3_6,mfcc3_sma3_7,mfcc3_sma3_8,mfcc4_sma3_1,mfcc4_sma3_2,mfcc4_sma3_3,mfcc4_sma3_4,mfcc4_sma3_5,mfcc4_sma3_6,mfcc4_sma3_7,mfcc4_sma3_8,F0semitoneFrom27.5Hz_sma3nz_1,F0semitoneFrom27.5Hz_sma3nz_2,F0semitoneFrom27.5Hz_sma3nz_3,F0semitoneFrom27.5Hz_sma3nz_4,F0semitoneFrom27.5Hz_sma3nz_5,F0semitoneFrom27.5Hz_sma3nz_6,F0semitoneFrom27.5Hz_sma3nz_7,F0semitoneFrom27.5Hz_sma3nz_8,jitterLocal_sma3nz_1,jitterLocal_sma3nz_2,jitterLocal_sma3nz_3,jitterLocal_sma3nz_4,jitterLocal_sma3nz_5,jitterLocal_sma3nz_6,jitterLocal_sma3nz_7,jitterLocal_sma3nz_8
21.353170517241377,19.730695206896552,28.5761226,19.65801553448276,30.38615603448276,31.40506703448276,17.338067368965515,8.856070582444444,28.339572206896552,23.97476303448276,15.871186141379308,7.175108321034482,0.3447679534482759,7.679553537931035,3.9245632793103447,14.653842230555556,16.38991451724138,16.947266431034482,1.3724127103448278,-8.974375827586206,-1.259195643689655,-0.2479230334482757,6.426102717241379,16.861969502777775,11.775455458620687,10.136271010344828,-9.731006931034482,-19.945425951034483,-8.825944789655173,-21.61756224344828,-3.7485294375862055,6.775558575555555,0.0,0.0,21.56097396551724,12.46636803448276,26.43567272413793,32.50699548275862,22.41910782758621,0.0,0.0,0.0,0.0110509731,0.0125326306,0.0108368974344827,0.0113230787896551,0.0182833845793103,0.0
