mfcc1_sma3_1,mfcc1_sma3_2,mfcc1_sma3_3,mfcc1_sma3_4,mfcc1_sma3_5,mfcc1_sma3_6,mfcc1_sma3_7,mfcc1_sma3_8,mfcc2_sma3_1,mfcc2_sma3_2,mfcc2_sma3_3,mfcc2_sma3_4,mfcc2_sma3_5,mfcc2_sma3_6,mfcc2_sma3_7,mfcc2_sma3_8,mfcc3_sma3_1,mfcc3_sma3_2,mfcc3_sma3_3,mfcc3_sma3_4,mfcc3_sma3_5,mfcc3_sma3_6,mfcc3_sma3_7,mfcc3_sma3_8,mfcc4_sma3_1,mfcc4_sma3_2,mfcc4_sma3_3,mfcc4_sma3_4,mfcc4_sma3_5,mfcc4_sma3_6,mfcc4_sma3_7,mfcc4_sma3_8,F0semitoneFrom27.5Hz_sma3nz_1,F0semitoneFrom27.5Hz_sma3nz_2,F0semitoneFrom27.5Hz_sma3nz_3,F0semitoneFrom27.5Hz_sma3nz_4,F0semitoneFrom27.5Hz_sma3nz_5,F0semitoneFrom27.5Hz_sma3nz_6,F0semitoneFrom27.5Hz_sma3nz_7,F0semitoneFrom27.5Hz_sma3nz_8,jitterLocal_sma3nz_1,jitterLocal_sma3nz_2,jitterLocal_sma3nz_3,jitterLocal_sma3nz_4,jitterLocal_sma3nz_5,jitterLocal_sma3nz_6,jitterLocal_sma3nz_7,jitterLocal_sma3nz_8
22.903753,23.77276027272727,21.61749851787879,35.26778484848485,34.76211187878787,25.98508233333333,25.61008671212121,19.5974339,24.840363363636364,14.872641297272729,11.752401287878788,10.2863131,13.300004890909092,13.477355487878787,17.768631348484853,11.926057545714285,12.356068733333332,21.229096848484847,30.09582806060606,-12.614966478787878,3.695303944787879,7.061453510909091,18.42315605757576,21.0740484,8.90782509090909,16.394530495454546,8.509346048484847,-33.14075127272727,-20.165837493939392,-20.40792241818182,-11.715526375757577,15.820792528571427,0.0,12.326084060606062,21.40707281818182,25.863980696969698,22.774870727272727,19.643445484848485,0.0,0.0,0.0,0.003518019560606,0.0185655249393939,0.0150650024545454,0.0080065496338181,0.0187476633363636,0.0,0.0
