mfcc1_sma3_1,mfcc1_sma3_2,mfcc1_sma3_3,mfcc1_sma3_4,mfcc1_sma3_5,mfcc1_sma3_6,mfcc1_sma3_7,mfcc1_sma3_8,mfcc2_sma3_1,mfcc2_sma3_2,mfcc2_sma3_3,mfcc2_sma3_4,mfcc2_sma3_5,mfcc2_sma3_6,mfcc2_sma3_7,mfcc2_sma3_8,mfcc3_sma3_1,mfcc3_sma3_2,mfcc3_sma3_3,mfcc3_sma3_4,mfcc3_sma3_5,mfcc3_sma3_6,mfcc3_sma3_7,mfcc3_sma3_8,mfcc4_sma3_1,mfcc4_sma3_2,mfcc4_sma3_3,mfcc4_sma3_4,mfcc4_sma3_5,mfcc4_sma3_6,mfcc4_sma3_7,mfcc4_sma3_8,F0semitoneFrom27.5Hz_sma3nz_1,F0semitoneFrom27.5Hz_sma3nz_2,F0semitoneFrom27.5Hz_sma3nz_3,F0semitoneFrom27.5Hz_sma3nz_4,F0semitoneFrom27.5Hz_sma3nz_5,F0semitoneFrom27.5Hz_sma3nz_6,F0semitoneFrom27.5Hz_sma3nz_7,F0semitoneFrom27.5Hz_sma3nz_8,jitterLocal_sma3nz_1,jitterLocal_sma3nz_2,jitterLocal_sma3nz_3,jitterLocal_sma3nz_4,jitterLocal_sma3nz_5,jitterLocal_sma3nz_6,jitterLocal_sma3nz_7,jitterLocal_sma3nz_8
20.803635035714283,29.015131285714286,28.28211896428572,33.474176321428565,31.197441535714283,25.483000607142856,21.582008964285716,19.661907300000003,19.371488325,-2.216618140714286,4.942074596428571,12.38303980357143,17.330975691785714,2.5262236857142857,26.45832203571428,24.08974973333333,11.029447615357142,-1.610716347142857,14.838847314285712,-5.1405241607142855,-6.4392648125,-8.399721189285716,16.163861821428572,17.806780066666665,5.696696542857142,-14.454443714285713,1.1791576428571424,-24.368536028571437,-6.303791256785714,-3.372804817857141,10.875831417857142,9.588908630000002,0.0,13.83567610714286,16.6404665,8.352055142857143,0.0,0.0,0.0,0.0,0.0,0.0038343238428571,0.0051759468678571,0.0044295634642857,0.0,0.0,0.0,0.0
