mfcc1_sma3_1,mfcc1_sma3_2,mfcc1_sma3_3,mfcc1_sma3_4,mfcc1_sma3_5,mfcc1_sma3_6,mfcc1_sma3_7,mfcc1_sma3_8,mfcc2_sma3_1,mfcc2_sma3_2,mfcc2_sma3_3,mfcc2_sma3_4,mfcc2_sma3_5,mfcc2_sma3_6,mfcc2_sma3_7,mfcc2_sma3_8,mfcc3_sma3_1,mfcc3_sma3_2,mfcc3_sma3_3,mfcc3_sma3_4,mfcc3_sma3_5,mfcc3_sma3_6,mfcc3_sma3_7,mfcc3_sma3_8,mfcc4_sma3_1,mfcc4_sma3_2,mfcc4_sma3_3,mfcc4_sma3_4,mfcc4_sma3_5,mfcc4_sma3_6,mfcc4_sma3_7,mfcc4_sma3_8,F0semitoneFrom27.5Hz_sma3nz_1,F0semitoneFrom27.5Hz_sma3nz_2,F0semitoneFrom27.5Hz_sma3nz_3,F0semitoneFrom27.5Hz_sma3nz_4,F0semitoneFrom27.5Hz_sma3nz_5,F0semitoneFrom27.5Hz_sma3nz_6,F0semitoneFrom27.5Hz_sma3nz_7,F0semitoneFrom27.5Hz_sma3nz_8,jitterLocal_sma3nz_1,jitterLocal_sma3nz_2,jitterLocal_sma3nz_3,jitterLocal_sma3nz_4,jitterLocal_sma3nz_5,jitterLocal_sma3nz_6,jitterLocal_sma3nz_7,jitterLocal_sma3nz_8
21.0696034,20.0568941,11.6707621,16.7483664425,14.6972782875,13.628719835000002,18.5148685475,25.035164152173916,26.66857375,22.13459571,-5.096770814999999,3.6144996426,6.3610104965000005,11.63771517625,10.49848605425,28.02237713043478,14.790512237500002,17.050534825,8.329684467499998,1.0281983124999998,-9.578735921999998,-11.3983488075,-14.7865355975,10.165319253260868,9.05733464,11.68127677,-11.36369633225,-16.8514882725,-40.848054857,-32.38229325075,-66.21516357499999,-4.440204046630434,0.0,5.802078175,27.121272800000003,32.51242095,35.297006475,29.426833525,27.5045168,0.0,0.0,0.0023793006,0.015433344825,0.0106002548852499,0.0081003190799999,0.0054768118475,0.029585243495,0.0
