mfcc1_sma3_1,mfcc1_sma3_2,mfcc1_sma3_3,mfcc1_sma3_4,mfcc1_sma3_5,mfcc1_sma3_6,mfcc1_sma3_7,mfcc1_sma3_8,mfcc2_sma3_1,mfcc2_sma3_2,mfcc2_sma3_3,mfcc2_sma3_4,mfcc2_sma3_5,mfcc2_sma3_6,mfcc2_sma3_7,mfcc2_sma3_8,mfcc3_sma3_1,mfcc3_sma3_2,mfcc3_sma3_3,mfcc3_sma3_4,mfcc3_sma3_5,mfcc3_sma3_6,mfcc3_sma3_7,mfcc3_sma3_8,mfcc4_sma3_1,mfcc4_sma3_2,mfcc4_sma3_3,mfcc4_sma3_4,mfcc4_sma3_5,mfcc4_sma3_6,mfcc4_sma3_7,mfcc4_sma3_8,F0semitoneFrom27.5Hz_sma3nz_1,F0semitoneFrom27.5Hz_sma3nz_2,F0semitoneFrom27.5Hz_sma3nz_3,F0semitoneFrom27.5Hz_sma3nz_4,F0semitoneFrom27.5Hz_sma3nz_5,F0semitoneFrom27.5Hz_sma3nz_6,F0semitoneFrom27.5Hz_sma3nz_7,F0semitoneFrom27.5Hz_sma3nz_8,jitterLocal_sma3nz_1,jitterLocal_sma3nz_2,jitterLocal_sma3nz_3,jitterLocal_sma3nz_4,jitterLocal_sma3nz_5,jitterLocal_sma3nz_6,jitterLocal_sma3nz_7,jitterLocal_sma3nz_8
22.1381475,19.31603938636364,25.76213881818181,25.63721063636364,27.20704077272727,22.42841659090909,21.289321909090912,21.267194818181817,29.9170665,25.55208368181818,-3.096298813636364,-1.5450958563636363,-3.65031840909091,20.20879331818182,28.820134590909092,28.24308990909091,16.070294909090908,18.66057392272727,-5.874756982545453,-11.511375365,-16.541926036363638,5.735223393181818,14.205772568181818,14.737506681818182,11.708027431818184,2.3314408227272727,-10.829015659090908,-4.307387653181818,-0.7163448310909089,9.9552968,8.459264374090909,10.035548513636364,0.0,13.26636481818182,45.23832113636363,31.57273622727273,17.734451136363635,0.0,0.0,0.0,0.0,0.0061513431818181,0.0259603162227272,0.011332983540909,0.0041680749772727,0.0,0.0,0.0
