mfcc1_sma3_1,mfcc1_sma3_2,mfcc1_sma3_3,mfcc1_sma3_4,mfcc1_sma3_5,mfcc1_sma3_6,mfcc1_sma3_7,mfcc1_sma3_8,mfcc2_sma3_1,mfcc2_sma3_2,mfcc2_sma3_3,mfcc2_sma3_4,mfcc2_sma3_5,mfcc2_sma3_6,mfcc2_sma3_7,mfcc2_sma3_8,mfcc3_sma3_1,mfcc3_sma3_2,mfcc3_sma3_3,mfcc3_sma3_4,mfcc3_sma3_5,mfcc3_sma3_6,mfcc3_sma3_7,mfcc3_sma3_8,mfcc4_sma3_1,mfcc4_sma3_2,mfcc4_sma3_3,mfcc4_sma3_4,mfcc4_sma3_5,mfcc4_sma3_6,mfcc4_sma3_7,mfcc4_sma3_8,F0semitoneFrom27.5Hz_sma3nz_1,F0semitoneFrom27.5Hz_sma3nz_2,F0semitoneFrom27.5Hz_sma3nz_3,F0semitoneFrom27.5Hz_sma3nz_4,F0semitoneFrom27.5Hz_sma3nz_5,F0semitoneFrom27.5Hz_sma3nz_6,F0semitoneFrom27.5Hz_sma3nz_7,F0semitoneFrom27.5Hz_sma3nz_8,jitterLocal_sma3nz_1,jitterLocal_sma3nz_2,jitterLocal_sma3nz_3,jitterLocal_sma3nz_4,jitterLocal_sma3nz_5,jitterLocal_sma3nz_6,jitterLocal_sma3nz_7,jitterLocal_sma3nz_8
21.02291291666667,11.354739063333334,21.580487041666668,17.500813541666666,20.894620479166665,13.765607537499998,19.105132541666663,29.08563871428572,27.32451245833333,-13.357087706666666,-9.711675632083333,-2.2806275408333336,0.7943006208333335,14.656782596666668,3.4190645375,27.59378435714286,15.333345458333334,2.2840139416666667,-15.746532075,1.4795926964166668,-18.2539431375,-0.4584519208333334,-24.9244745,-0.4132141646428569,8.7341651625,-13.061073470833334,-13.281832679166667,-24.247856295833333,-49.91281504166667,-14.360277058333333,-48.9279915,-36.291802710357146,7.843185583333334,36.65714770833333,36.25422133333333,38.14628145833333,47.28199954166666,21.684619708333333,39.0602215,2.822672857142857,0.0014444245,0.0190625212,0.013230991375,0.0203369131375,0.01279648245,0.0101301085,0.0044717352541666,0.004081324
