mfcc1_sma3_1,mfcc1_sma3_2,mfcc1_sma3_3,mfcc1_sma3_4,mfcc1_sma3_5,mfcc1_sma3_6,mfcc1_sma3_7,mfcc1_sma3_8,mfcc2_sma3_1,mfcc2_sma3_2,mfcc2_sma3_3,mfcc2_sma3_4,mfcc2_sma3_5,mfcc2_sma3_6,mfcc2_sma3_7,mfcc2_sma3_8,mfcc3_sma3_1,mfcc3_sma3_2,mfcc3_sma3_3,mfcc3_sma3_4,mfcc3_sma3_5,mfcc3_sma3_6,mfcc3_sma3_7,mfcc3_sma3_8,mfcc4_sma3_1,mfcc4_sma3_2,mfcc4_sma3_3,mfcc4_sma3_4,mfcc4_sma3_5,mfcc4_sma3_6,mfcc4_sma3_7,mfcc4_sma3_8,F0semitoneFrom27.5Hz_sma3nz_1,F0semitoneFrom27.5Hz_sma3nz_2,F0semitoneFrom27.5Hz_sma3nz_3,F0semitoneFrom27.5Hz_sma3nz_4,F0semitoneFrom27.5Hz_sma3nz_5,F0semitoneFrom27.5Hz_sma3nz_6,F0semitoneFrom27.5Hz_sma3nz_7,F0semitoneFrom27.5Hz_sma3nz_8,jitterLocal_sma3nz_1,jitterLocal_sma3nz_2,jitterLocal_sma3nz_3,jitterLocal_sma3nz_4,jitterLocal_sma3nz_5,jitterLocal_sma3nz_6,jitterLocal_sma3nz_7,jitterLocal_sma3nz_8
14.456458316666666,20.536817555555555,18.43603325,16.704653888888892,10.50036286111111,15.55206565,20.240033666666665,19.98728882608696,3.9523367666666656,-9.838344644444444,-20.055760684444444,5.886549916666667,-30.54586305555556,-0.8723405574999996,22.58020270555556,28.21692969565217,-3.786512944444444,-15.308276905555555,-2.0894406627777777,-10.78198217777778,-17.490975131111114,6.39018231,14.41052475,17.456159739130438,-22.473895866666663,-33.884498333333326,-14.995635483333334,-15.92644075722222,-13.788738983333332,16.029464207777778,10.33664771111111,8.55689462173913,34.17528372222222,43.47435444444445,40.87354272222222,25.901555333333334,26.636449222222225,0.0,0.0,0.0,0.0106267960444444,0.0158060769666666,0.0116445872444444,0.0139464067888888,0.0181873355038888,0.0,0.0,0.0
