mfcc1_sma3_1,mfcc1_sma3_2,mfcc1_sma3_3,mfcc1_sma3_4,mfcc1_sma3_5,mfcc1_sma3_6,mfcc1_sma3_7,mfcc1_sma3_8,mfcc2_sma3_1,mfcc2_sma3_2,mfcc2_sma3_3,mfcc2_sma3_4,mfcc2_sma3_5,mfcc2_sma3_6,mfcc2_sma3_7,mfcc2_sma3_8,mfcc3_sma3_1,mfcc3_sma3_2,mfcc3_sma3_3,mfcc3_sma3_4,mfcc3_sma3_5,mfcc3_sma3_6,mfcc3_sma3_7,mfcc3_sma3_8,mfcc4_sma3_1,mfcc4_sma3_2,mfcc4_sma3_3,mfcc4_sma3_4,mfcc4_sma3_5,mfcc4_sma3_6,mfcc4_sma3_7,mfcc4_sma3_8,F0semitoneFrom27.5Hz_sma3nz_1,F0semitoneFrom27.5Hz_sma3nz_2,F0semitoneFrom27.5Hz_sma3nz_3,F0semitoneFrom27.5Hz_sma3nz_4,F0semitoneFrom27.5Hz_sma3nz_5,F0semitoneFrom27.5Hz_sma3nz_6,F0semitoneFrom27.5Hz_sma3nz_7,F0semitoneFrom27.5Hz_sma3nz_8,jitterLocal_sma3nz_1,jitterLocal_sma3nz_2,jitterLocal_sma3nz_3,jitterLocal_sma3nz_4,jitterLocal_sma3nz_5,jitterLocal_sma3nz_6,jitterLocal_sma3nz_7,jitterLocal_sma3nz_8
17.021420999999997,3.2407956664,-1.1248775136,0.9092686219999996,-6.345508684,1.1101280948,15.729942164,21.036167666666664,22.206591820000003,-4.972114144,-18.1272669772,-26.97949016,-19.219565412,-23.765316468,13.2709545144,28.62764151851852,21.21745888,11.6178645852,-20.732052008,-5.7906090108,-21.868309600000003,-16.901406328,14.507217660000002,15.134365574074073,2.86133802,-19.289244492,-14.755847632,-9.077877056,-9.91657699588,-3.2844279456,4.9232403688,8.109720329629631,0.0,37.02619384,47.92543672,43.6522374,46.99204040000001,15.2096582,0.0,0.0,0.0,0.018304385228,0.008528772056,0.011983576724,0.0111590217879999,0.048008164,0.0,0.0
