mfcc1_sma3_1,mfcc1_sma3_2,mfcc1_sma3_3,mfcc1_sma3_4,mfcc1_sma3_5,mfcc1_sma3_6,mfcc1_sma3_7,mfcc1_sma3_8,mfcc2_sma3_1,mfcc2_sma3_2,mfcc2_sma3_3,mfcc2_sma3_4,mfcc2_sma3_5,mfcc2_sma3_6,mfcc2_sma3_7,mfcc2_sma3_8,mfcc3_sma3_1,mfcc3_sma3_2,mfcc3_sma3_3,mfcc3_sma3_4,mfcc3_sma3_5,mfcc3_sma3_6,mfcc3_sma3_7,mfcc3_sma3_8,mfcc4_sma3_1,mfcc4_sma3_2,mfcc4_sma3_3,mfcc4_sma3_4,mfcc4_sma3_5,mfcc4_sma3_6,mfcc4_sma3_7,mfcc4_sma3_8,F0semitoneFrom27.5Hz_sma3nz_1,F0semitoneFrom27.5Hz_sma3nz_2,F0semitoneFrom27.5Hz_sma3nz_3,F0semitoneFrom27.5Hz_sma3nz_4,F0semitoneFrom27.5Hz_sma3nz_5,F0semitoneFrom27.5Hz_sma3nz_6,F0semitoneFrom27.5Hz_sma3nz_7,F0semitoneFrom27.5Hz_sma3nz_8,jitterLocal_sma3nz_1,jitterLocal_sma3nz_2,jitterLocal_sma3nz_3,jitterLocal_sma3nz_4,jitterLocal_sma3nz_5,jitterLocal_sma3nz_6,jitterLocal_sma3nz_7,jitterLocal_sma3nz_8
14.870998086666669,10.824698606060606,16.622450675757573,20.136990069696967,19.495585269696967,25.53491621212121,19.708755392727277,19.280139942857144,13.842785015151517,-13.587698639393938,-20.647591966666667,-9.43994488939394,2.9571598181818186,6.627876521212121,21.579889242424244,26.719114885714284,11.699921057575756,7.863404371515151,1.8354411536363635,-5.332489610606061,0.6345365527272726,4.361916608181818,17.75285297030303,13.501010728571428,4.249128290909091,-26.07193668181818,-14.468012284848484,-14.02417806969697,-4.534797718030304,-25.758437448484848,-6.185519106060607,9.325797694285717,13.475943060606058,36.99885039393939,38.38691812121212,26.709504909090903,21.14093024242424,12.302484303030305,3.694193363636364,0.0,0.013790141060606,0.0157792430939393,0.0265803847181818,0.0232924241636363,0.0085178584454545,0.0028575294030303,0.0028323128787878,0.0
