mfcc1_sma3_1,mfcc1_sma3_2,mfcc1_sma3_3,mfcc1_sma3_4,mfcc1_sma3_5,mfcc1_sma3_6,mfcc1_sma3_7,mfcc1_sma3_8,mfcc2_sma3_1,mfcc2_sma3_2,mfcc2_sma3_3,mfcc2_sma3_4,mfcc2_sma3_5,mfcc2_sma3_6,mfcc2_sma3_7,mfcc2_sma3_8,mfcc3_sma3_1,mfcc3_sma3_2,mfcc3_sma3_3,mfcc3_sma3_4,mfcc3_sma3_5,mfcc3_sma3_6,mfcc3_sma3_7,mfcc3_sma3_8,mfcc4_sma3_1,mfcc4_sma3_2,mfcc4_sma3_3,mfcc4_sma3_4,mfcc4_sma3_5,mfcc4_sma3_6,mfcc4_sma3_7,mfcc4_sma3_8,F0semitoneFrom27.5Hz_sma3nz_1,F0semitoneFrom27.5Hz_sma3nz_2,F0semitoneFrom27.5Hz_sma3nz_3,F0semitoneFrom27.5Hz_sma3nz_4,F0semitoneFrom27.5Hz_sma3nz_5,F0semitoneFrom27.5Hz_sma3nz_6,F0semitoneFrom27.5Hz_sma3nz_7,F0semitoneFrom27.5Hz_sma3nz_8,jitterLocal_sma3nz_1,jitterLocal_sma3nz_2,jitterLocal_sma3nz_3,jitterLocal_sma3nz_4,jitterLocal_sma3nz_5,jitterLocal_sma3nz_6,jitterLocal_sma3nz_7,jitterLocal_sma3nz_8
20.33483616216216,16.68627081891892,15.45500781891892,19.902192459459457,17.02903474864865,27.428769378378377,23.422753,18.14770581395349,26.09343305405406,5.418255274837838,-3.173372351351351,-20.179867627027026,-12.178811881081083,14.152436889189188,4.163551964945946,26.39200344186046,14.131394202702705,2.556278489189189,6.903465732432433,-17.50474608378378,-14.77107143135135,4.291866951486486,20.39845739189189,15.25300838372093,7.838896667567567,-8.757773310810808,-18.76802606,-18.532739715945944,-9.947761975675675,-15.272986577027025,-17.41040535581081,3.062437414651163,0.0,16.748854972972975,39.24790627027027,34.580207081081085,26.895261810810812,17.578861432432433,11.214688513513517,0.0,0.0,0.0033550458729729,0.0203407472162162,0.0220033419054054,0.0122231144405405,0.0116063687297297,0.0101446643513513,0.0
