mfcc1_sma3_1,mfcc1_sma3_2,mfcc1_sma3_3,mfcc1_sma3_4,mfcc1_sma3_5,mfcc1_sma3_6,mfcc1_sma3_7,mfcc1_sma3_8,mfcc2_sma3_1,mfcc2_sma3_2,mfcc2_sma3_3,mfcc2_sma3_4,mfcc2_sma3_5,mfcc2_sma3_6,mfcc2_sma3_7,mfcc2_sma3_8,mfcc3_sma3_1,mfcc3_sma3_2,mfcc3_sma3_3,mfcc3_sma3_4,mfcc3_sma3_5,mfcc3_sma3_6,mfcc3_sma3_7,mfcc3_sma3_8,mfcc4_sma3_1,mfcc4_sma3_2,mfcc4_sma3_3,mfcc4_sma3_4,mfcc4_sma3_5,mfcc4_sma3_6,mfcc4_sma3_7,mfcc4_sma3_8,F0semitoneFrom27.5Hz_sma3nz_1,F0semitoneFrom27.5Hz_sma3nz_2,F0semitoneFrom27.5Hz_sma3nz_3,F0semitoneFrom27.5Hz_sma3nz_4,F0semitoneFrom27.5Hz_sma3nz_5,F0semitoneFrom27.5Hz_sma3nz_6,F0semitoneFrom27.5Hz_sma3nz_7,F0semitoneFrom27.5Hz_sma3nz_8,jitterLocal_sma3nz_1,jitterLocal_sma3nz_2,jitterLocal_sma3nz_3,jitterLocal_sma3nz_4,jitterLocal_sma3nz_5,jitterLocal_sma3nz_6,jitterLocal_sma3nz_7,jitterLocal_sma3nz_8
20.989994529411767,21.182151147058825,22.512064161764705,22.39793385294118,16.977138639411766,23.345998029411763,22.42991120588235,22.40176555263158,27.31600652941177,26.44921085294117,5.947653916764707,-9.505045319411764,9.0211400955,21.389260088235293,20.559940794117647,27.05114944736842,13.971342602941178,12.806063670588236,5.380774446617647,-12.425130397058822,13.27551134,29.21432181470588,35.223286117647056,13.486081881578947,7.73087086764706,7.657797441617648,-6.487034576470587,-34.865658764705884,-20.984100491176477,-15.122193735735292,-21.942817182647055,5.970622516052631,0.0,0.0,14.173223352941177,35.4663311764706,24.52352355882353,28.61449861764706,8.803957647058823,0.0,0.0,0.0,0.0037522978029411,0.0174150314294117,0.0534893722411764,0.0166935987294117,0.0053602688529411,0.0
