mfcc1_sma3_1,mfcc1_sma3_2,mfcc1_sma3_3,mfcc1_sma3_4,mfcc1_sma3_5,mfcc1_sma3_6,mfcc1_sma3_7,mfcc1_sma3_8,mfcc2_sma3_1,mfcc2_sma3_2,mfcc2_sma3_3,mfcc2_sma3_4,mfcc2_sma3_5,mfcc2_sma3_6,mfcc2_sma3_7,mfcc2_sma3_8,mfcc3_sma3_1,mfcc3_sma3_2,mfcc3_sma3_3,mfcc3_sma3_4,mfcc3_sma3_5,mfcc3_sma3_6,mfcc3_sma3_7,mfcc3_sma3_8,mfcc4_sma3_1,mfcc4_sma3_2,mfcc4_sma3_3,mfcc4_sma3_4,mfcc4_sma3_5,mfcc4_sma3_6,mfcc4_sma3_7,mfcc4_sma3_8,F0semitoneFrom27.5Hz_sma3nz_1,F0semitoneFrom27.5Hz_sma3nz_2,F0semitoneFrom27.5Hz_sma3nz_3,F0semitoneFrom27.5Hz_sma3nz_4,F0semitoneFrom27.5Hz_sma3nz_5,F0semitoneFrom27.5Hz_sma3nz_6,F0semitoneFrom27.5Hz_sma3nz_7,F0semitoneFrom27.5Hz_sma3nz_8,jitterLocal_sma3nz_1,jitterLocal_sma3nz_2,jitterLocal_sma3nz_3,jitterLocal_sma3nz_4,jitterLocal_sma3nz_5,jitterLocal_sma3nz_6,jitterLocal_sma3nz_7,jitterLocal_sma3nz_8
19.23786344,20.373648507999995,28.65548552,26.366129919999995,28.05171132,29.21011668000001,23.282844,19.883375,27.26456552,15.417320784,2.0958633308000003,-9.167716804,6.94584072,-11.811159196,10.9376673104,26.488714444444447,11.871103872,4.078501108,-18.416157464,-9.185918256,-17.3633830896,-30.32886704,-3.8326053879999993,14.533771796296296,4.5783347296,-6.105018568,-34.938961639999995,-19.92296202284,-17.660894644000003,-5.4338743404,6.404227043999999,8.581078988888889,0.0,18.19627296,36.28350492,32.80322744,11.2103588,15.87885248,0.0,0.0,0.0,0.01317506804,0.0146008739959999,0.005644936668,0.0042839564,0.0096513406999999,0.0,0.0
