mfcc1_sma3_1,mfcc1_sma3_2,mfcc1_sma3_3,mfcc1_sma3_4,mfcc1_sma3_5,mfcc1_sma3_6,mfcc1_sma3_7,mfcc1_sma3_8,mfcc2_sma3_1,mfcc2_sma3_2,mfcc2_sma3_3,mfcc2_sma3_4,mfcc2_sma3_5,mfcc2_sma3_6,mfcc2_sma3_7,mfcc2_sma3_8,mfcc3_sma3_1,mfcc3_sma3_2,mfcc3_sma3_3,mfcc3_sma3_4,mfcc3_sma3_5,mfcc3_sma3_6,mfcc3_sma3_7,mfcc3_sma3_8,mfcc4_sma3_1,mfcc4_sma3_2,mfcc4_sma3_3,mfcc4_sma3_4,mfcc4_sma3_5,mfcc4_sma3_6,mfcc4_sma3_7,mfcc4_sma3_8,F0semitoneFrom27.5Hz_sma3nz_1,F0semitoneFrom27.5Hz_sma3nz_2,F0semitoneFrom27.5Hz_sma3nz_3,F0semitoneFrom27.5Hz_sma3nz_4,F0semitoneFrom27.5Hz_sma3nz_5,F0semitoneFrom27.5Hz_sma3nz_6,F0semitoneFrom27.5Hz_sma3nz_7,F0semitoneFrom27.5Hz_sma3nz_8,jitterLocal_sma3nz_1,jitterLocal_sma3nz_2,jitterLocal_sma3nz_3,jitterLocal_sma3nz_4,jitterLocal_sma3nz_5,jitterLocal_sma3nz_6,jitterLocal_sma3nz_7,jitterLocal_sma3nz_8
10.700688304347826,13.263943021739127,12.819146943478264,9.27387289130435,11.692367495652173,0.1210331569565218,17.12689195652174,20.57213772,19.412950652173915,8.157381695652175,5.135367830434783,-21.670540760869564,-14.469972334782607,-29.59882269565217,-5.19386342,24.02610928,14.955644304347825,12.930031192608691,-18.81068074347826,-13.188650026086956,-21.063663182608696,-26.578580978260877,-1.9687066995652167,11.677802152,6.25651756347826,-0.8232715317391301,-30.885716760869563,-33.41112039130435,-26.886137043478264,-16.801261686956522,1.736800012608695,3.731495092,0.0,23.22351978260869,39.868950869565225,43.795606391304354,39.61141534782609,32.63089891304348,0.0,0.0,0.0,0.0095891471304347,0.0087943719086956,0.0047346538913043,0.0108070776130434,0.0321066090521739,0.0,0.0
