mfcc1_sma3_1,mfcc1_sma3_2,mfcc1_sma3_3,mfcc1_sma3_4,mfcc1_sma3_5,mfcc1_sma3_6,mfcc1_sma3_7,mfcc1_sma3_8,mfcc2_sma3_1,mfcc2_sma3_2,mfcc2_sma3_3,mfcc2_sma3_4,mfcc2_sma3_5,mfcc2_sma3_6,mfcc2_sma3_7,mfcc2_sma3_8,mfcc3_sma3_1,mfcc3_sma3_2,mfcc3_sma3_3,mfcc3_sma3_4,mfcc3_sma3_5,mfcc3_sma3_6,mfcc3_sma3_7,mfcc3_sma3_8,mfcc4_sma3_1,mfcc4_sma3_2,mfcc4_sma3_3,mfcc4_sma3_4,mfcc4_sma3_5,mfcc4_sma3_6,mfcc4_sma3_7,mfcc4_sma3_8,F0semitoneFrom27.5Hz_sma3nz_1,F0semitoneFrom27.5Hz_sma3nz_2,F0semitoneFrom27.5Hz_sma3nz_3,F0semitoneFrom27.5Hz_sma3nz_4,F0semitoneFrom27.5Hz_sma3nz_5,F0semitoneFrom27.5Hz_sma3nz_6,F0semitoneFrom27.5Hz_sma3nz_7,F0semitoneFrom27.5Hz_sma3nz_8,jitterLocal_sma3nz_1,jitterLocal_sma3nz_2,jitterLocal_sma3nz_3,jitterLocal_sma3nz_4,jitterLocal_sma3nz_5,jitterLocal_sma3nz_6,jitterLocal_sma3nz_7,jitterLocal_sma3nz_8
19.501544565517243,23.458295396551726,26.582019620689657,14.212007982758625,27.63937768965517,19.998166324827583,18.88210327586207,19.42012255172414,26.54266379310345,-3.262093316206897,-0.7514800244827587,17.65570251724138,5.797867379310344,8.766810431034482,23.093177379310347,26.111029586206893,14.698773844827588,-7.967177633448275,9.730544510344828,13.707458562068968,3.867057210344827,-2.13297953448276,13.55778050689655,13.922078137931033,5.010921924137932,-38.296781989655166,-18.858512613793103,-0.531220103103448,-4.57348288275862,-16.34167622862069,6.32947277862069,7.168224613793103,0.0,34.14324996551724,23.24694124137931,17.339436758620693,10.149450793103448,3.000510379310345,0.0,0.0,0.0,0.008123543737931,0.0104497139689655,0.0039684324517241,0.0047182755275862,0.0007026835862068,0.0,0.0
