mfcc1_sma3_1,mfcc1_sma3_2,mfcc1_sma3_3,mfcc1_sma3_4,mfcc1_sma3_5,mfcc1_sma3_6,mfcc1_sma3_7,mfcc1_sma3_8,mfcc2_sma3_1,mfcc2_sma3_2,mfcc2_sma3_3,mfcc2_sma3_4,mfcc2_sma3_5,mfcc2_sma3_6,mfcc2_sma3_7,mfcc2_sma3_8,mfcc3_sma3_1,mfcc3_sma3_2,mfcc3_sma3_3,mfcc3_sma3_4,mfcc3_sma3_5,mfcc3_sma3_6,mfcc3_sma3_7,mfcc3_sma3_8,mfcc4_sma3_1,mfcc4_sma3_2,mfcc4_sma3_3,mfcc4_sma3_4,mfcc4_sma3_5,mfcc4_sma3_6,mfcc4_sma3_7,mfcc4_sma3_8,F0semitoneFrom27.5Hz_sma3nz_1,F0semitoneFrom27.5Hz_sma3nz_2,F0semitoneFrom27.5Hz_sma3nz_3,F0semitoneFrom27.5Hz_sma3nz_4,F0semitoneFrom27.5Hz_sma3nz_5,F0semitoneFrom27.5Hz_sma3nz_6,F0semitoneFrom27.5Hz_sma3nz_7,F0semitoneFrom27.5Hz_sma3nz_8,jitterLocal_sma3nz_1,jitterLocal_sma3nz_2,jitterLocal_sma3nz_3,jitterLocal_sma3nz_4,jitterLocal_sma3nz_5,jitterLocal_sma3nz_6,jitterLocal_sma3nz_7,jitterLocal_sma3nz_8
19.52929983870968,30.58001938709677,34.08774067741935,36.61825619354839,22.69549115741935,31.55775958064516,23.32082541935484,19.781501657142854,21.167913935483877,1.560946098419355,-2.621488404193548,1.7436733580645165,13.971900812903227,17.584028441935484,21.972399741935483,25.60532525714285,14.871312161290325,5.475741841290322,4.562403418064515,5.30416930516129,17.649038887096776,27.88569540967742,19.82082727419355,14.895624194285714,4.3895531990322585,-3.985141972258064,-35.03935474193549,-13.23351626645161,-2.234301303225806,3.8050572567741936,9.380138738709675,6.06542506,0.0,14.597521677419357,27.903069451612904,29.47414780645162,19.68119135483871,14.782500258064514,0.0,0.0,0.0,0.0052537724580645,0.0145624169677419,0.0124163276225806,0.013137308516129,0.0161111627258064,0.0,0.0
