mfcc1_sma3_1,mfcc1_sma3_2,mfcc1_sma3_3,mfcc1_sma3_4,mfcc1_sma3_5,mfcc1_sma3_6,mfcc1_sma3_7,mfcc1_sma3_8,mfcc2_sma3_1,mfcc2_sma3_2,mfcc2_sma3_3,mfcc2_sma3_4,mfcc2_sma3_5,mfcc2_sma3_6,mfcc2_sma3_7,mfcc2_sma3_8,mfcc3_sma3_1,mfcc3_sma3_2,mfcc3_sma3_3,mfcc3_sma3_4,mfcc3_sma3_5,mfcc3_sma3_6,mfcc3_sma3_7,mfcc3_sma3_8,mfcc4_sma3_1,mfcc4_sma3_2,mfcc4_sma3_3,mfcc4_sma3_4,mfcc4_sma3_5,mfcc4_sma3_6,mfcc4_sma3_7,mfcc4_sma3_8,F0semitoneFrom27.5Hz_sma3nz_1,F0semitoneFrom27.5Hz_sma3nz_2,F0semitoneFrom27.5Hz_sma3nz_3,F0semitoneFrom27.5Hz_sma3nz_4,F0semitoneFrom27.5Hz_sma3nz_5,F0semitoneFrom27.5Hz_sma3nz_6,F0semitoneFrom27.5Hz_sma3nz_7,F0semitoneFrom27.5Hz_sma3nz_8,jitterLocal_sma3nz_1,jitterLocal_sma3nz_2,jitterLocal_sma3nz_3,jitterLocal_sma3nz_4,jitterLocal_sma3nz_5,jitterLocal_sma3nz_6,jitterLocal_sma3nz_7,jitterLocal_sma3nz_8
21.51869936111111,11.963273565333331,23.913189694444444,32.707422611111106,32.8308675,27.018214027777777,29.154938666666663,18.734837175000003,14.250674580555556,16.26162286944444,1.8635858546111117,-2.5550845038888896,1.7879315355555556,17.769150461111114,12.571610806944443,23.292139575,11.280952388055557,12.211115830555554,11.717035119444445,0.3501659922222224,-5.637973491666666,9.74338598111111,7.913307061666668,15.03550805,0.9192816083333336,2.5075313400000003,-8.064225766666667,-11.060063305555556,-14.4255516675,-2.169601590277778,3.9121443525,5.9889906675,9.25581561111111,16.098424083333335,8.437332694444443,25.880984583333333,12.237187083333332,6.291160833333333,0.0,0.0,0.0038162260555555,0.0274075508527777,0.0115066902888888,0.02907977415,0.0113493165277777,0.0041937941666666,0.0,0.0
