mfcc1_sma3_1,mfcc1_sma3_2,mfcc1_sma3_3,mfcc1_sma3_4,mfcc1_sma3_5,mfcc1_sma3_6,mfcc1_sma3_7,mfcc1_sma3_8,mfcc2_sma3_1,mfcc2_sma3_2,mfcc2_sma3_3,mfcc2_sma3_4,mfcc2_sma3_5,mfcc2_sma3_6,mfcc2_sma3_7,mfcc2_sma3_8,mfcc3_sma3_1,mfcc3_sma3_2,mfcc3_sma3_3,mfcc3_sma3_4,mfcc3_sma3_5,mfcc3_sma3_6,mfcc3_sma3_7,mfcc3_sma3_8,mfcc4_sma3_1,mfcc4_sma3_2,mfcc4_sma3_3,mfcc4_sma3_4,mfcc4_sma3_5,mfcc4_sma3_6,mfcc4_sma3_7,mfcc4_sma3_8,F0semitoneFrom27.5Hz_sma3nz_1,F0semitoneFrom27.5Hz_sma3nz_2,F0semitoneFrom27.5Hz_sma3nz_3,F0semitoneFrom27.5Hz_sma3nz_4,F0semitoneFrom27.5Hz_sma3nz_5,F0semitoneFrom27.5Hz_sma3nz_6,F0semitoneFrom27.5Hz_sma3nz_7,F0semitoneFrom27.5Hz_sma3nz_8,jitterLocal_sma3nz_1,jitterLocal_sma3nz_2,jitterLocal_sma3nz_3,jitterLocal_sma3nz_4,jitterLocal_sma3nz_5,jitterLocal_sma3nz_6,jitterLocal_sma3nz_7,jitterLocal_sma3nz_8
23.502324216216213,30.60529593243244,27.554408945945944,30.131703518918915,11.232891210810813,6.68912494027027,32.26953894594595,20.154886375,18.591037519040544,9.80986921081081,19.78944943243243,14.862253012972976,25.50740247297297,17.79021412162162,27.146920054054057,25.172545725,18.23015823243244,4.3199886,21.04944748648649,4.452898778378379,11.56233550810811,12.529993151351352,15.320691921621624,13.988619762500004,5.241098332972973,0.7048640902702704,9.083675056756755,-19.97663937891892,-11.29539221891892,11.997843183783784,-19.61656379054054,4.06734432275,11.44490154054054,14.285358594594594,8.506346675675676,10.501196189189187,4.998203189189189,0.8341887297297297,6.571281054054054,0.0,0.0116408790945945,0.0090790645405405,0.0031713437351351,0.0183353195864864,0.0028986365243243,0.0,0.0029854674594594,0.0
