mfcc1_sma3_1,mfcc1_sma3_2,mfcc1_sma3_3,mfcc1_sma3_4,mfcc1_sma3_5,mfcc1_sma3_6,mfcc1_sma3_7,mfcc1_sma3_8,mfcc2_sma3_1,mfcc2_sma3_2,mfcc2_sma3_3,mfcc2_sma3_4,mfcc2_sma3_5,mfcc2_sma3_6,mfcc2_sma3_7,mfcc2_sma3_8,mfcc3_sma3_1,mfcc3_sma3_2,mfcc3_sma3_3,mfcc3_sma3_4,mfcc3_sma3_5,mfcc3_sma3_6,mfcc3_sma3_7,mfcc3_sma3_8,mfcc4_sma3_1,mfcc4_sma3_2,mfcc4_sma3_3,mfcc4_sma3_4,mfcc4_sma3_5,mfcc4_sma3_6,mfcc4_sma3_7,mfcc4_sma3_8,F0semitoneFrom27.5Hz_sma3nz_1,F0semitoneFrom27.5Hz_sma3nz_2,F0semitoneFrom27.5Hz_sma3nz_3,F0semitoneFrom27.5Hz_sma3nz_4,F0semitoneFrom27.5Hz_sma3nz_5,F0semitoneFrom27.5Hz_sma3nz_6,F0semitoneFrom27.5Hz_sma3nz_7,F0semitoneFrom27.5Hz_sma3nz_8,jitterLocal_sma3nz_1,jitterLocal_sma3nz_2,jitterLocal_sma3nz_3,jitterLocal_sma3nz_4,jitterLocal_sma3nz_5,jitterLocal_sma3nz_6,jitterLocal_sma3nz_7,jitterLocal_sma3nz_8
19.27417375510204,20.173592112244897,18.61154876734693,16.891891081632654,11.833973670979592,24.426329295918368,19.98477224489796,20.62285388,26.007094081632648,18.28684228979592,9.166179418367348,20.648851836734693,8.672800457142857,7.6074483877551025,4.166702479591836,25.35256676,11.967225038775512,13.217396379591838,7.2405880816326516,19.342173673469382,7.461058019183674,13.749012093469393,6.845827631428572,12.118970094000002,7.133060737959184,6.083775556326529,-2.249911923877551,14.96399483877551,9.174681447959184,0.8563980387755104,1.6053232772653063,7.6342755,0.0,7.819564795918369,3.152660163265306,8.049935734693879,5.9993537551020415,12.07923897959184,4.675925306122449,0.0,0.0,0.0081480299387755,0.0115088336530612,0.003026256,0.0016330263061224,0.007578832632653,0.0122409277489795,0.0
