mfcc1_sma3_1,mfcc1_sma3_2,mfcc1_sma3_3,mfcc1_sma3_4,mfcc1_sma3_5,mfcc1_sma3_6,mfcc1_sma3_7,mfcc1_sma3_8,mfcc2_sma3_1,mfcc2_sma3_2,mfcc2_sma3_3,mfcc2_sma3_4,mfcc2_sma3_5,mfcc2_sma3_6,mfcc2_sma3_7,mfcc2_sma3_8,mfcc3_sma3_1,mfcc3_sma3_2,mfcc3_sma3_3,mfcc3_sma3_4,mfcc3_sma3_5,mfcc3_sma3_6,mfcc3_sma3_7,mfcc3_sma3_8,mfcc4_sma3_1,mfcc4_sma3_2,mfcc4_sma3_3,mfcc4_sma3_4,mfcc4_sma3_5,mfcc4_sma3_6,mfcc4_sma3_7,mfcc4_sma3_8,F0semitoneFrom27.5Hz_sma3nz_1,F0semitoneFrom27.5Hz_sma3nz_2,F0semitoneFrom27.5Hz_sma3nz_3,F0semitoneFrom27.5Hz_sma3nz_4,F0semitoneFrom27.5Hz_sma3nz_5,F0semitoneFrom27.5Hz_sma3nz_6,F0semitoneFrom27.5Hz_sma3nz_7,F0semitoneFrom27.5Hz_sma3nz_8,jitterLocal_sma3nz_1,jitterLocal_sma3nz_2,jitterLocal_sma3nz_3,jitterLocal_sma3nz_4,jitterLocal_sma3nz_5,jitterLocal_sma3nz_6,jitterLocal_sma3nz_7,jitterLocal_sma3nz_8
22.438086791666663,21.242941125,6.675436514166667,17.824008370833337,-1.5887649041666665,8.71333575,18.29960923333333,19.261264416666663,27.308548708333337,26.309574916666666,20.660649691666663,6.9056753041666665,26.678045208333334,7.455144066666667,-3.4328496474999994,12.360677508333334,10.094743858333333,12.665467083333334,9.396390441666666,2.665810470833333,5.448246,0.9992583458333334,11.600673243333334,16.40717383333333,6.643995711416667,5.770140195833332,3.4016242237500003,-1.0520402875,12.143794031666667,-11.64703090375,-4.90548679,13.199888379166666,0.0,0.0,12.773629083333333,25.945616791666662,3.704679333333333,21.1824225,0.0,0.0,0.0,0.0,0.0042719672083333,0.0065446610083333,0.0,0.0133322532375,0.0,0.0
