mfcc1_sma3_1,mfcc1_sma3_2,mfcc1_sma3_3,mfcc1_sma3_4,mfcc1_sma3_5,mfcc1_sma3_6,mfcc1_sma3_7,mfcc1_sma3_8,mfcc2_sma3_1,mfcc2_sma3_2,mfcc2_sma3_3,mfcc2_sma3_4,mfcc2_sma3_5,mfcc2_sma3_6,mfcc2_sma3_7,mfcc2_sma3_8,mfcc3_sma3_1,mfcc3_sma3_2,mfcc3_sma3_3,mfcc3_sma3_4,mfcc3_sma3_5,mfcc3_sma3_6,mfcc3_sma3_7,mfcc3_sma3_8,mfcc4_sma3_1,mfcc4_sma3_2,mfcc4_sma3_3,mfcc4_sma3_4,mfcc4_sma3_5,mfcc4_sma3_6,mfcc4_sma3_7,mfcc4_sma3_8,F0semitoneFrom27.5Hz_sma3nz_1,F0semitoneFrom27.5Hz_sma3nz_2,F0semitoneFrom27.5Hz_sma3nz_3,F0semitoneFrom27.5Hz_sma3nz_4,F0semitoneFrom27.5Hz_sma3nz_5,F0semitoneFrom27.5Hz_sma3nz_6,F0semitoneFrom27.5Hz_sma3nz_7,F0semitoneFrom27.5Hz_sma3nz_8,jitterLocal_sma3nz_1,jitterLocal_sma3nz_2,jitterLocal_sma3nz_3,jitterLocal_sma3nz_4,jitterLocal_sma3nz_5,jitterLocal_sma3nz_6,jitterLocal_sma3nz_7,jitterLocal_sma3nz_8
20.170296,21.0552053,27.81771765,27.89043895,26.962573599999995,23.27902755,26.0342741,21.386219846153843,26.11503695,17.585300105,-2.353845415,-8.85125846,-0.5895541263000004,8.2915720135,22.44743235,26.31506080769231,12.093675375,7.854496729999998,4.391542115,0.6360917555000001,23.05569865,37.8344357,30.451951,12.753358969230767,6.812815268,-1.5658846149999996,-21.57970222,-20.67771452,5.632897863199999,2.8164591850000007,3.0170791515,7.235683431538462,0.0,0.0,27.287675650000004,31.93997065,29.930228,23.60098085,0.0,0.0,0.0,0.0,0.0454404455999999,0.010067884965,0.01765218691,0.01514457053,0.0,0.0
