mfcc1_sma3_1,mfcc1_sma3_2,mfcc1_sma3_3,mfcc1_sma3_4,mfcc1_sma3_5,mfcc1_sma3_6,mfcc1_sma3_7,mfcc1_sma3_8,mfcc2_sma3_1,mfcc2_sma3_2,mfcc2_sma3_3,mfcc2_sma3_4,mfcc2_sma3_5,mfcc2_sma3_6,mfcc2_sma3_7,mfcc2_sma3_8,mfcc3_sma3_1,mfcc3_sma3_2,mfcc3_sma3_3,mfcc3_sma3_4,mfcc3_sma3_5,mfcc3_sma3_6,mfcc3_sma3_7,mfcc3_sma3_8,mfcc4_sma3_1,mfcc4_sma3_2,mfcc4_sma3_3,mfcc4_sma3_4,mfcc4_sma3_5,mfcc4_sma3_6,mfcc4_sma3_7,mfcc4_sma3_8,F0semitoneFrom27.5Hz_sma3nz_1,F0semitoneFrom27.5Hz_sma3nz_2,F0semitoneFrom27.5Hz_sma3nz_3,F0semitoneFrom27.5Hz_sma3nz_4,F0semitoneFrom27.5Hz_sma3nz_5,F0semitoneFrom27.5Hz_sma3nz_6,F0semitoneFrom27.5Hz_sma3nz_7,F0semitoneFrom27.5Hz_sma3nz_8,jitterLocal_sma3nz_1,jitterLocal_sma3nz_2,jitterLocal_sma3nz_3,jitterLocal_sma3nz_4,jitterLocal_sma3nz_5,jitterLocal_sma3nz_6,jitterLocal_sma3nz_7,jitterLocal_sma3nz_8
22.27490691666667,16.9076517875,21.51549245833333,22.082800041666665,18.68573720833333,18.31539694583333,22.082574500000003,20.524861451612903,28.335383833333328,22.85150458333333,11.5137393,-9.336756151666666,-4.303179708333333,-11.716615648333333,20.29971484375,26.59089022580645,12.804987000000002,22.3526088875,0.5990385951666667,2.8917511250000003,-17.549594133333333,-8.042768471666667,11.5742515,13.145200193548389,9.1478831125,-1.331216958333333,-26.52705477083333,-5.44507601775,-28.7085065,4.171006848333334,6.689455184583333,5.597757195483871,0.0,18.21612045833333,35.47839895833333,15.376295833333332,17.277687708333332,0.0,0.0,0.0,0.0,0.0062617890416666,0.0266556727458333,0.0056340389166666,0.0115163886541666,0.0,0.0,0.0
