mfcc1_sma3_1,mfcc1_sma3_2,mfcc1_sma3_3,mfcc1_sma3_4,mfcc1_sma3_5,mfcc1_sma3_6,mfcc1_sma3_7,mfcc1_sma3_8,mfcc2_sma3_1,mfcc2_sma3_2,mfcc2_sma3_3,mfcc2_sma3_4,mfcc2_sma3_5,mfcc2_sma3_6,mfcc2_sma3_7,mfcc2_sma3_8,mfcc3_sma3_1,mfcc3_sma3_2,mfcc3_sma3_3,mfcc3_sma3_4,mfcc3_sma3_5,mfcc3_sma3_6,mfcc3_sma3_7,mfcc3_sma3_8,mfcc4_sma3_1,mfcc4_sma3_2,mfcc4_sma3_3,mfcc4_sma3_4,mfcc4_sma3_5,mfcc4_sma3_6,mfcc4_sma3_7,mfcc4_sma3_8,F0semitoneFrom27.5Hz_sma3nz_1,F0semitoneFrom27.5Hz_sma3nz_2,F0semitoneFrom27.5Hz_sma3nz_3,F0semitoneFrom27.5Hz_sma3nz_4,F0semitoneFrom27.5Hz_sma3nz_5,F0semitoneFrom27.5Hz_sma3nz_6,F0semitoneFrom27.5Hz_sma3nz_7,F0semitoneFrom27.5Hz_sma3nz_8,jitterLocal_sma3nz_1,jitterLocal_sma3nz_2,jitterLocal_sma3nz_3,jitterLocal_sma3nz_4,jitterLocal_sma3nz_5,jitterLocal_sma3nz_6,jitterLocal_sma3nz_7,jitterLocal_sma3nz_8
21.62836682758621,20.83416089655172,8.485970004827585,26.476516206896548,30.286763793103447,22.32602496551724,28.60375568965517,17.799303706896552,27.47707244827586,17.504041022068964,6.443126889793104,-6.028166212241379,-4.451941691517242,6.781192434482759,18.77624584482759,17.745838900000003,12.187215755172415,22.40770565517241,39.99586486206898,2.954731693103449,0.1086702262068962,18.45984453103448,10.296530399655175,10.28479672413793,8.037779265517242,8.861585614482761,-2.730604331724138,-13.477159005862068,-19.612008144827588,-2.880717420689655,-49.9734965586207,-0.6773743300000005,0.0,0.0,26.624374103448275,27.880245862068968,11.695600827586208,9.290610137931033,8.193539000000001,0.0,0.0,0.0,0.0503405373068965,0.0255438543,0.0045993568862068,0.0119863334482758,0.0036229914034482,0.0
