mfcc1_sma3_1,mfcc1_sma3_2,mfcc1_sma3_3,mfcc1_sma3_4,mfcc1_sma3_5,mfcc1_sma3_6,mfcc1_sma3_7,mfcc1_sma3_8,mfcc2_sma3_1,mfcc2_sma3_2,mfcc2_sma3_3,mfcc2_sma3_4,mfcc2_sma3_5,mfcc2_sma3_6,mfcc2_sma3_7,mfcc2_sma3_8,mfcc3_sma3_1,mfcc3_sma3_2,mfcc3_sma3_3,mfcc3_sma3_4,mfcc3_sma3_5,mfcc3_sma3_6,mfcc3_sma3_7,mfcc3_sma3_8,mfcc4_sma3_1,mfcc4_sma3_2,mfcc4_sma3_3,mfcc4_sma3_4,mfcc4_sma3_5,mfcc4_sma3_6,mfcc4_sma3_7,mfcc4_sma3_8,F0semitoneFrom27.5Hz_sma3nz_1,F0semitoneFrom27.5Hz_sma3nz_2,F0semitoneFrom27.5Hz_sma3nz_3,F0semitoneFrom27.5Hz_sma3nz_4,F0semitoneFrom27.5Hz_sma3nz_5,F0semitoneFrom27.5Hz_sma3nz_6,F0semitoneFrom27.5Hz_sma3nz_7,F0semitoneFrom27.5Hz_sma3nz_8,jitterLocal_sma3nz_1,jitterLocal_sma3nz_2,jitterLocal_sma3nz_3,jitterLocal_sma3nz_4,jitterLocal_sma3nz_5,jitterLocal_sma3nz_6,jitterLocal_sma3nz_7,jitterLocal_sma3nz_8
21.10325405882353,20.46399344117647,17.377765867647064,22.27636257352941,12.422875473882351,27.088936529411768,21.55133532352941,20.549667882352946,27.371076205882357,22.92654792352941,-10.60619939,-8.708402029411765,8.76642824382353,0.287143005882353,19.17920335,26.19871035294118,11.943988823529413,11.323721147058825,10.831035131470587,3.939546868235293,11.129788679411764,8.497179424705882,11.728804397058823,13.005372235294118,5.565749656470588,2.4155289058823524,-1.945295701764706,-0.1972565,-5.066506812058825,-2.0317571558823526,8.954969858823532,5.6906429167647055,0.0,0.0,16.333428823529413,7.257538235294118,0.7553988235294118,9.924336764705885,0.0,0.0,0.0,0.0,0.0127873116441176,0.00162147435,0.0,0.0072172406470588,0.0,0.0
