mfcc1_sma3_1,mfcc1_sma3_2,mfcc1_sma3_3,mfcc1_sma3_4,mfcc1_sma3_5,mfcc1_sma3_6,mfcc1_sma3_7,mfcc1_sma3_8,mfcc2_sma3_1,mfcc2_sma3_2,mfcc2_sma3_3,mfcc2_sma3_4,mfcc2_sma3_5,mfcc2_sma3_6,mfcc2_sma3_7,mfcc2_sma3_8,mfcc3_sma3_1,mfcc3_sma3_2,mfcc3_sma3_3,mfcc3_sma3_4,mfcc3_sma3_5,mfcc3_sma3_6,mfcc3_sma3_7,mfcc3_sma3_8,mfcc4_sma3_1,mfcc4_sma3_2,mfcc4_sma3_3,mfcc4_sma3_4,mfcc4_sma3_5,mfcc4_sma3_6,mfcc4_sma3_7,mfcc4_sma3_8,F0semitoneFrom27.5Hz_sma3nz_1,F0semitoneFrom27.5Hz_sma3nz_2,F0semitoneFrom27.5Hz_sma3nz_3,F0semitoneFrom27.5Hz_sma3nz_4,F0semitoneFrom27.5Hz_sma3nz_5,F0semitoneFrom27.5Hz_sma3nz_6,F0semitoneFrom27.5Hz_sma3nz_7,F0semitoneFrom27.5Hz_sma3nz_8,jitterLocal_sma3nz_1,jitterLocal_sma3nz_2,jitterLocal_sma3nz_3,jitterLocal_sma3nz_4,jitterLocal_sma3nz_5,jitterLocal_sma3nz_6,jitterLocal_sma3nz_7,jitterLocal_sma3nz_8
20.966758962962963,25.48550737037037,28.08281233333333,23.75554412962963,27.78599751851852,16.828894962962963,20.920057370370365,21.311771888888888,27.245352111111107,7.487134859259259,-4.255192181111111,1.9831951037037037,8.952301862962962,17.75747925925926,19.55582948148148,26.97896940740741,11.494128659259262,4.985539204814815,2.269011656925926,28.23708548148148,33.36175211111111,42.335161370370365,16.05629485185185,11.75155162222222,4.651522025925926,-7.842530946666667,-21.24526861111112,-6.5105363625925925,21.37393216296296,-1.40218020962963,5.515900316935556,6.287334382592593,0.0,14.02302474074074,30.31681866666667,20.08317733333333,25.366143222222217,7.291730111111111,0.0,0.0,0.0,0.0135750009629629,0.0110198630555555,0.0084781431851851,0.0375494526296296,0.0182001835555555,0.0,0.0
