mfcc1_sma3_1,mfcc1_sma3_2,mfcc1_sma3_3,mfcc1_sma3_4,mfcc1_sma3_5,mfcc1_sma3_6,mfcc1_sma3_7,mfcc1_sma3_8,mfcc2_sma3_1,mfcc2_sma3_2,mfcc2_sma3_3,mfcc2_sma3_4,mfcc2_sma3_5,mfcc2_sma3_6,mfcc2_sma3_7,mfcc2_sma3_8,mfcc3_sma3_1,mfcc3_sma3_2,mfcc3_sma3_3,mfcc3_sma3_4,mfcc3_sma3_5,mfcc3_sma3_6,mfcc3_sma3_7,mfcc3_sma3_8,mfcc4_sma3_1,mfcc4_sma3_2,mfcc4_sma3_3,mfcc4_sma3_4,mfcc4_sma3_5,mfcc4_sma3_6,mfcc4_sma3_7,mfcc4_sma3_8,F0semitoneFrom27.5Hz_sma3nz_1,F0semitoneFrom27.5Hz_sma3nz_2,F0semitoneFrom27.5Hz_sma3nz_3,F0semitoneFrom27.5Hz_sma3nz_4,F0semitoneFrom27.5Hz_sma3nz_5,F0semitoneFrom27.5Hz_sma3nz_6,F0semitoneFrom27.5Hz_sma3nz_7,F0semitoneFrom27.5Hz_sma3nz_8,jitterLocal_sma3nz_1,jitterLocal_sma3nz_2,jitterLocal_sma3nz_3,jitterLocal_sma3nz_4,jitterLocal_sma3nz_5,jitterLocal_sma3nz_6,jitterLocal_sma3nz_7,jitterLocal_sma3nz_8
21.166772,21.87823914444444,14.485339860833331,14.362070025,9.13191967777778,22.04025428888889,20.51431708333333,20.793692567567565,24.71987652777777,24.936953361111108,7.590471913888889,12.486684645833334,20.28207335,2.145083192222222,25.418873583333333,25.853185729729727,12.77186025,14.747915861111109,2.9088549416666662,21.832472263888885,21.00043712277777,13.183389757777778,14.941630208333336,15.258903743243245,5.2861840933333335,4.297845256944444,-2.688837443333333,-9.334731445,-12.309717544444444,-3.96448061,6.433481713888889,6.61376285945946,0.0,0.0,13.862939305555557,5.731651861111112,12.787102166666664,4.3199740277777785,0.0,0.0,0.0,0.0,0.0070289690361111,0.0005002949444444,0.0084064885277777,0.0003527246666666,0.0,0.0
