mfcc1_sma3_1,mfcc1_sma3_2,mfcc1_sma3_3,mfcc1_sma3_4,mfcc1_sma3_5,mfcc1_sma3_6,mfcc1_sma3_7,mfcc1_sma3_8,mfcc2_sma3_1,mfcc2_sma3_2,mfcc2_sma3_3,mfcc2_sma3_4,mfcc2_sma3_5,mfcc2_sma3_6,mfcc2_sma3_7,mfcc2_sma3_8,mfcc3_sma3_1,mfcc3_sma3_2,mfcc3_sma3_3,mfcc3_sma3_4,mfcc3_sma3_5,mfcc3_sma3_6,mfcc3_sma3_7,mfcc3_sma3_8,mfcc4_sma3_1,mfcc4_sma3_2,mfcc4_sma3_3,mfcc4_sma3_4,mfcc4_sma3_5,mfcc4_sma3_6,mfcc4_sma3_7,mfcc4_sma3_8,F0semitoneFrom27.5Hz_sma3nz_1,F0semitoneFrom27.5Hz_sma3nz_2,F0semitoneFrom27.5Hz_sma3nz_3,F0semitoneFrom27.5Hz_sma3nz_4,F0semitoneFrom27.5Hz_sma3nz_5,F0semitoneFrom27.5Hz_sma3nz_6,F0semitoneFrom27.5Hz_sma3nz_7,F0semitoneFrom27.5Hz_sma3nz_8,jitterLocal_sma3nz_1,jitterLocal_sma3nz_2,jitterLocal_sma3nz_3,jitterLocal_sma3nz_4,jitterLocal_sma3nz_5,jitterLocal_sma3nz_6,jitterLocal_sma3nz_7,jitterLocal_sma3nz_8
19.9779786875,18.3061223125,35.3603583125,26.074706671875,34.27335296875,8.514602808312501,36.45923290625,21.32032942105263,25.5505388125,11.129765363125,1.330830125,1.9544458015625004,4.679966639375,24.64001243125,13.4444554621875,25.273062342105263,14.07919834375,29.986946171875,1.7351575375,24.497666796875,8.875357997621876,15.669729915625,-4.627426037499999,13.223588560526318,7.816557725,4.05507451875,-13.083248486875,-11.90088991125,-36.997160575,-8.539036179062501,-40.23167290375,3.913960648947368,0.0,10.77022528125,24.39412525,28.06891934375,29.460722312500003,2.97881234375,9.84738146875,0.0,0.0,0.00830233103125,0.01839009521875,0.010322915265625,0.0167605541375,0.000139868425,0.00392373255625,0.0
