mfcc1_sma3_1,mfcc1_sma3_2,mfcc1_sma3_3,mfcc1_sma3_4,mfcc1_sma3_5,mfcc1_sma3_6,mfcc1_sma3_7,mfcc1_sma3_8,mfcc2_sma3_1,mfcc2_sma3_2,mfcc2_sma3_3,mfcc2_sma3_4,mfcc2_sma3_5,mfcc2_sma3_6,mfcc2_sma3_7,mfcc2_sma3_8,mfcc3_sma3_1,mfcc3_sma3_2,mfcc3_sma3_3,mfcc3_sma3_4,mfcc3_sma3_5,mfcc3_sma3_6,mfcc3_sma3_7,mfcc3_sma3_8,mfcc4_sma3_1,mfcc4_sma3_2,mfcc4_sma3_3,mfcc4_sma3_4,mfcc4_sma3_5,mfcc4_sma3_6,mfcc4_sma3_7,mfcc4_sma3_8,F0semitoneFrom27.5Hz_sma3nz_1,F0semitoneFrom27.5Hz_sma3nz_2,F0semitoneFrom27.5Hz_sma3nz_3,F0semitoneFrom27.5Hz_sma3nz_4,F0semitoneFrom27.5Hz_sma3nz_5,F0semitoneFrom27.5Hz_sma3nz_6,F0semitoneFrom27.5Hz_sma3nz_7,F0semitoneFrom27.5Hz_sma3nz_8,jitterLocal_sma3nz_1,jitterLocal_sma3nz_2,jitterLocal_sma3nz_3,jitterLocal_sma3nz_4,jitterLocal_sma3nz_5,jitterLocal_sma3nz_6,jitterLocal_sma3nz_7,jitterLocal_sma3nz_8
21.02326796875,26.4679791875,21.887711375,17.200712872500002,18.829247290625,20.9149979375,31.1946654375,20.586303078947367,25.30168196875,6.6248273765625,1.6856258425,6.6868302843750005,7.7490489584375,11.398605971875,11.442902583125,25.997529631578946,15.943874875,8.986722015625,25.691203184375,17.641837259375002,23.645104015625,26.56969446875,-1.759493215625,15.215262460526317,5.998883740625,-2.9975570243749994,-4.43001415625,-9.97617085778125,-8.0943411978125,7.435846321874999,-11.2833472059375,6.418711355263159,0.0,6.38453903125,11.5944735625,16.142100062500003,14.91649709375,3.88284671875,0.0,0.0,0.0,0.0257986718749999,0.0236340275625,0.01214559026875,0.00579391736875,0.00447912884375,0.0,0.0
