mfcc1_sma3_1,mfcc1_sma3_2,mfcc1_sma3_3,mfcc1_sma3_4,mfcc1_sma3_5,mfcc1_sma3_6,mfcc1_sma3_7,mfcc1_sma3_8,mfcc2_sma3_1,mfcc2_sma3_2,mfcc2_sma3_3,mfcc2_sma3_4,mfcc2_sma3_5,mfcc2_sma3_6,mfcc2_sma3_7,mfcc2_sma3_8,mfcc3_sma3_1,mfcc3_sma3_2,mfcc3_sma3_3,mfcc3_sma3_4,mfcc3_sma3_5,mfcc3_sma3_6,mfcc3_sma3_7,mfcc3_sma3_8,mfcc4_sma3_1,mfcc4_sma3_2,mfcc4_sma3_3,mfcc4_sma3_4,mfcc4_sma3_5,mfcc4_sma3_6,mfcc4_sma3_7,mfcc4_sma3_8,F0semitoneFrom27.5Hz_sma3nz_1,F0semitoneFrom27.5Hz_sma3nz_2,F0semitoneFrom27.5Hz_sma3nz_3,F0semitoneFrom27.5Hz_sma3nz_4,F0semitoneFrom27.5Hz_sma3nz_5,F0semitoneFrom27.5Hz_sma3nz_6,F0semitoneFrom27.5Hz_sma3nz_7,F0semitoneFrom27.5Hz_sma3nz_8,jitterLocal_sma3nz_1,jitterLocal_sma3nz_2,jitterLocal_sma3nz_3,jitterLocal_sma3nz_4,jitterLocal_sma3nz_5,jitterLocal_sma3nz_6,jitterLocal_sma3nz_7,jitterLocal_sma3nz_8
18.548326707317077,26.15749958536586,32.986988170731706,29.76213024390244,28.54392712926829,27.956492414634145,19.95571331707317,20.66480356521739,14.600995912195122,-3.577124278292683,-11.384800994804875,-10.006492162682926,12.04940583414634,6.607224809512196,22.91287668292683,25.89088289130435,19.009868106341465,18.849547551219512,8.18950646195122,5.80546665902439,10.10209192487805,8.825035614634148,14.571671475609758,14.75753966304348,6.178137721951219,-9.658779811463416,-19.97467977804878,-6.197508873414634,-13.863065631463414,-3.899579464390244,4.756591801707318,6.61418903695652,0.0,21.44339575609756,19.31435317073171,18.169970146341463,15.350312317073174,4.375539536585366,0.0,0.0,0.0,0.0179514055878048,0.0071723406487804,0.0078918214902439,0.004481515002439,0.0006262135121951,0.0,0.0
