mfcc1_sma3_1,mfcc1_sma3_2,mfcc1_sma3_3,mfcc1_sma3_4,mfcc1_sma3_5,mfcc1_sma3_6,mfcc1_sma3_7,mfcc1_sma3_8,mfcc2_sma3_1,mfcc2_sma3_2,mfcc2_sma3_3,mfcc2_sma3_4,mfcc2_sma3_5,mfcc2_sma3_6,mfcc2_sma3_7,mfcc2_sma3_8,mfcc3_sma3_1,mfcc3_sma3_2,mfcc3_sma3_3,mfcc3_sma3_4,mfcc3_sma3_5,mfcc3_sma3_6,mfcc3_sma3_7,mfcc3_sma3_8,mfcc4_sma3_1,mfcc4_sma3_2,mfcc4_sma3_3,mfcc4_sma3_4,mfcc4_sma3_5,mfcc4_sma3_6,mfcc4_sma3_7,mfcc4_sma3_8,F0semitoneFrom27.5Hz_sma3nz_1,F0semitoneFrom27.5Hz_sma3nz_2,F0semitoneFrom27.5Hz_sma3nz_3,F0semitoneFrom27.5Hz_sma3nz_4,F0semitoneFrom27.5Hz_sma3nz_5,F0semitoneFrom27.5Hz_sma3nz_6,F0semitoneFrom27.5Hz_sma3nz_7,F0semitoneFrom27.5Hz_sma3nz_8,jitterLocal_sma3nz_1,jitterLocal_sma3nz_2,jitterLocal_sma3nz_3,jitterLocal_sma3nz_4,jitterLocal_sma3nz_5,jitterLocal_sma3nz_6,jitterLocal_sma3nz_7,jitterLocal_sma3nz_8
20.609307808,29.004079828,19.28046712,20.03437972,21.287094708,5.665966804,17.869208541600003,20.135342451612903,22.09960584,4.23270374,-17.432741720000003,-13.95079644,-0.9944148331999998,-10.67827544,-2.98487613264,21.2960920967742,15.0845944,-1.275368376,-13.158176836,-2.57299795496,5.270471844,-3.0665878080000004,1.1252261551999998,10.123476412903225,-1.1386960532,-39.983238956,-24.505357000000004,-18.66306202,-0.6157056947999994,-42.42917916,6.7707489516,5.0266155419354845,1.308596,23.880508120000005,40.1391738,29.60119428,8.99736356,34.37272928,0.0,0.0,0.0,0.0247209134839999,0.00848106108,0.01002303624,0.01207339968,0.0270530782027999,0.0,0.0
