mfcc1_sma3_1,mfcc1_sma3_2,mfcc1_sma3_3,mfcc1_sma3_4,mfcc1_sma3_5,mfcc1_sma3_6,mfcc1_sma3_7,mfcc1_sma3_8,mfcc2_sma3_1,mfcc2_sma3_2,mfcc2_sma3_3,mfcc2_sma3_4,mfcc2_sma3_5,mfcc2_sma3_6,mfcc2_sma3_7,mfcc2_sma3_8,mfcc3_sma3_1,mfcc3_sma3_2,mfcc3_sma3_3,mfcc3_sma3_4,mfcc3_sma3_5,mfcc3_sma3_6,mfcc3_sma3_7,mfcc3_sma3_8,mfcc4_sma3_1,mfcc4_sma3_2,mfcc4_sma3_3,mfcc4_sma3_4,mfcc4_sma3_5,mfcc4_sma3_6,mfcc4_sma3_7,mfcc4_sma3_8,F0semitoneFrom27.5Hz_sma3nz_1,F0semitoneFrom27.5Hz_sma3nz_2,F0semitoneFrom27.5Hz_sma3nz_3,F0semitoneFrom27.5Hz_sma3nz_4,F0semitoneFrom27.5Hz_sma3nz_5,F0semitoneFrom27.5Hz_sma3nz_6,F0semitoneFrom27.5Hz_sma3nz_7,F0semitoneFrom27.5Hz_sma3nz_8,jitterLocal_sma3nz_1,jitterLocal_sma3nz_2,jitterLocal_sma3nz_3,jitterLocal_sma3nz_4,jitterLocal_sma3nz_5,jitterLocal_sma3nz_6,jitterLocal_sma3nz_7,jitterLocal_sma3nz_8
21.59372,22.609153000000006,21.732355688888884,25.186206814814813,34.487127370370374,29.51219977777778,22.97742455555556,20.59540637037037,26.81975748148148,11.945731398148146,12.015969264074077,-9.614310242962963,10.016855292592592,-4.085651871851852,24.67150137037037,25.605967999999997,11.55109703703704,13.835805170370373,19.35629948148148,4.999818625925927,2.984955498148148,-5.838752561481482,12.312454,12.864795081481482,5.031750604444444,-9.895198576666669,-0.0790522574074072,-8.035481437037038,-19.8903957962963,-7.778575408518519,6.876232693703703,5.820488077777778,0.0,13.261978666666666,8.545471518518518,14.71391425925926,15.970510074074074,0.0,0.0,0.0,0.0,0.0103714917037037,0.0067058881148148,0.0317781206296296,0.0167400260851851,0.0,0.0,0.0
