mfcc1_sma3_1,mfcc1_sma3_2,mfcc1_sma3_3,mfcc1_sma3_4,mfcc1_sma3_5,mfcc1_sma3_6,mfcc1_sma3_7,mfcc1_sma3_8,mfcc2_sma3_1,mfcc2_sma3_2,mfcc2_sma3_3,mfcc2_sma3_4,mfcc2_sma3_5,mfcc2_sma3_6,mfcc2_sma3_7,mfcc2_sma3_8,mfcc3_sma3_1,mfcc3_sma3_2,mfcc3_sma3_3,mfcc3_sma3_4,mfcc3_sma3_5,mfcc3_sma3_6,mfcc3_sma3_7,mfcc3_sma3_8,mfcc4_sma3_1,mfcc4_sma3_2,mfcc4_sma3_3,mfcc4_sma3_4,mfcc4_sma3_5,mfcc4_sma3_6,mfcc4_sma3_7,mfcc4_sma3_8,F0semitoneFrom27.5Hz_sma3nz_1,F0semitoneFrom27.5Hz_sma3nz_2,F0semitoneFrom27.5Hz_sma3nz_3,F0semitoneFrom27.5Hz_sma3nz_4,F0semitoneFrom27.5Hz_sma3nz_5,F0semitoneFrom27.5Hz_sma3nz_6,F0semitoneFrom27.5Hz_sma3nz_7,F0semitoneFrom27.5Hz_sma3nz_8,jitterLocal_sma3nz_1,jitterLocal_sma3nz_2,jitterLocal_sma3nz_3,jitterLocal_sma3nz_4,jitterLocal_sma3nz_5,jitterLocal_sma3nz_6,jitterLocal_sma3nz_7,jitterLocal_sma3nz_8
20.424988459459463,27.131018000000005,34.540045729729734,40.53475094594595,28.030109027027027,36.89743554054053,21.96746762162162,20.61167051351351,23.885152,11.911957817567568,-9.946421005675678,2.547010465675676,8.193355577108111,23.99214048648648,22.447847486486484,24.224944864864863,15.039563135135133,25.163845594594594,5.817376889189188,-0.8527952864864868,8.88513522972973,7.706249856756758,12.088783032432431,15.340979094594596,5.543179917027026,1.468498494594595,-19.86681966945946,-25.81703316216216,-13.019605078378378,-41.19487835135135,2.9234948243243246,6.675472320027026,0.0,15.374800864864865,23.270505513513516,25.96037224324325,21.05522945945946,0.0,0.0,0.0,0.0,0.015756380081081,0.015428528627027,0.0131085794702702,0.0112614896702702,0.0,0.0,0.0
