mfcc1_sma3_1,mfcc1_sma3_2,mfcc1_sma3_3,mfcc1_sma3_4,mfcc1_sma3_5,mfcc1_sma3_6,mfcc1_sma3_7,mfcc1_sma3_8,mfcc2_sma3_1,mfcc2_sma3_2,mfcc2_sma3_3,mfcc2_sma3_4,mfcc2_sma3_5,mfcc2_sma3_6,mfcc2_sma3_7,mfcc2_sma3_8,mfcc3_sma3_1,mfcc3_sma3_2,mfcc3_sma3_3,mfcc3_sma3_4,mfcc3_sma3_5,mfcc3_sma3_6,mfcc3_sma3_7,mfcc3_sma3_8,mfcc4_sma3_1,mfcc4_sma3_2,mfcc4_sma3_3,mfcc4_sma3_4,mfcc4_sma3_5,mfcc4_sma3_6,mfcc4_sma3_7,mfcc4_sma3_8,F0semitoneFrom27.5Hz_sma3nz_1,F0semitoneFrom27.5Hz_sma3nz_2,F0semitoneFrom27.5Hz_sma3nz_3,F0semitoneFrom27.5Hz_sma3nz_4,F0semitoneFrom27.5Hz_sma3nz_5,F0semitoneFrom27.5Hz_sma3nz_6,F0semitoneFrom27.5Hz_sma3nz_7,F0semitoneFrom27.5Hz_sma3nz_8,jitterLocal_sma3nz_1,jitterLocal_sma3nz_2,jitterLocal_sma3nz_3,jitterLocal_sma3nz_4,jitterLocal_sma3nz_5,jitterLocal_sma3nz_6,jitterLocal_sma3nz_7,jitterLocal_sma3nz_8
20.95046333333333,25.670070125,35.18203775,30.5756145,25.459990750000003,21.6364085,21.011021625,21.36700138709677,28.429108291666665,22.868362041666668,12.1989136,1.189580575,13.32947262225,15.6413141875,27.03985158333333,27.506760645161293,12.989010770833334,9.489648525,-6.54402046,-4.8513809666666665,17.765313170833334,27.892201375,14.314805929166669,13.229817790322585,6.863032309583333,2.775604975833333,-22.107262625000004,-15.588234080416669,-8.822763125,-7.845146290416667,7.014390109583334,8.626550529032261,0.0,17.748553666666666,36.30571025,39.13550083333333,35.33276716666666,12.658103458333336,0.0,0.0,0.0,0.027603661,0.0170655892708333,0.0078110163874999,0.0171524705833333,0.0084546655,0.0,0.0
