mfcc1_sma3_1,mfcc1_sma3_2,mfcc1_sma3_3,mfcc1_sma3_4,mfcc1_sma3_5,mfcc1_sma3_6,mfcc1_sma3_7,mfcc1_sma3_8,mfcc2_sma3_1,mfcc2_sma3_2,mfcc2_sma3_3,mfcc2_sma3_4,mfcc2_sma3_5,mfcc2_sma3_6,mfcc2_sma3_7,mfcc2_sma3_8,mfcc3_sma3_1,mfcc3_sma3_2,mfcc3_sma3_3,mfcc3_sma3_4,mfcc3_sma3_5,mfcc3_sma3_6,mfcc3_sma3_7,mfcc3_sma3_8,mfcc4_sma3_1,mfcc4_sma3_2,mfcc4_sma3_3,mfcc4_sma3_4,mfcc4_sma3_5,mfcc4_sma3_6,mfcc4_sma3_7,mfcc4_sma3_8,F0semitoneFrom27.5Hz_sma3nz_1,F0semitoneFrom27.5Hz_sma3nz_2,F0semitoneFrom27.5Hz_sma3nz_3,F0semitoneFrom27.5Hz_sma3nz_4,F0semitoneFrom27.5Hz_sma3nz_5,F0semitoneFrom27.5Hz_sma3nz_6,F0semitoneFrom27.5Hz_sma3nz_7,F0semitoneFrom27.5Hz_sma3nz_8,jitterLocal_sma3nz_1,jitterLocal_sma3nz_2,jitterLocal_sma3nz_3,jitterLocal_sma3nz_4,jitterLocal_sma3nz_5,jitterLocal_sma3nz_6,jitterLocal_sma3nz_7,jitterLocal_sma3nz_8
20.05933359259259,20.843841666666663,22.03683324814815,23.57806685185185,20.524740111111107,18.90236133333333,21.56792603703704,21.08842051851852,20.475324296296296,22.828620222222224,13.630464755555558,-9.461991392592592,-6.9106952725925925,-6.423559051851852,23.086884666666663,25.787665185185183,22.810606259259263,15.5700095,8.258448429629631,5.451798134444446,-11.34465804074074,7.335986629629629,10.9194155,11.215535592592593,3.2155879185185188,10.01710947037037,-33.61686950740741,-6.663927466666666,-37.16255191111112,-0.4691736596296294,7.665718096296297,4.366440569259259,0.0,0.0,26.81007492592592,30.820130037037035,26.803641777777777,0.0,0.0,0.0,0.0,0.0,0.0115694543659259,0.027302035937037,0.0201219315851851,0.0,0.0,0.0
