mfcc1_sma3_1,mfcc1_sma3_2,mfcc1_sma3_3,mfcc1_sma3_4,mfcc1_sma3_5,mfcc1_sma3_6,mfcc1_sma3_7,mfcc1_sma3_8,mfcc2_sma3_1,mfcc2_sma3_2,mfcc2_sma3_3,mfcc2_sma3_4,mfcc2_sma3_5,mfcc2_sma3_6,mfcc2_sma3_7,mfcc2_sma3_8,mfcc3_sma3_1,mfcc3_sma3_2,mfcc3_sma3_3,mfcc3_sma3_4,mfcc3_sma3_5,mfcc3_sma3_6,mfcc3_sma3_7,mfcc3_sma3_8,mfcc4_sma3_1,mfcc4_sma3_2,mfcc4_sma3_3,mfcc4_sma3_4,mfcc4_sma3_5,mfcc4_sma3_6,mfcc4_sma3_7,mfcc4_sma3_8,F0semitoneFrom27.5Hz_sma3nz_1,F0semitoneFrom27.5Hz_sma3nz_2,F0semitoneFrom27.5Hz_sma3nz_3,F0semitoneFrom27.5Hz_sma3nz_4,F0semitoneFrom27.5Hz_sma3nz_5,F0semitoneFrom27.5Hz_sma3nz_6,F0semitoneFrom27.5Hz_sma3nz_7,F0semitoneFrom27.5Hz_sma3nz_8,jitterLocal_sma3nz_1,jitterLocal_sma3nz_2,jitterLocal_sma3nz_3,jitterLocal_sma3nz_4,jitterLocal_sma3nz_5,jitterLocal_sma3nz_6,jitterLocal_sma3nz_7,jitterLocal_sma3nz_8
20.719706842105264,19.88796273421053,14.400171081578948,26.092621289473684,24.861462484210524,24.66955010526316,19.58654641315789,20.837978906976748,25.146179657894734,11.236446340263155,17.41639532552631,11.271747255263156,19.715263892894736,4.1278478578947375,22.70159497368421,26.02118169767441,10.758715669473684,8.75290032605263,2.192544602631579,7.809589080789472,6.509547051578948,4.695087089473684,12.796616571052631,13.787110069767442,4.917685372631579,7.332263594736842,3.257549690947368,3.358422065526316,-8.704771044736843,2.9110870773684203,4.030565178947368,7.310125246744186,0.0,2.775932447368421,4.499337236842106,13.503840894736843,7.738599815789474,0.0,0.0,0.0,0.0,0.0006033017368421,0.0011002366578947,0.0077892730342105,0.0055067624526315,0.0,0.0,0.0
