mfcc1_sma3_1,mfcc1_sma3_2,mfcc1_sma3_3,mfcc1_sma3_4,mfcc1_sma3_5,mfcc1_sma3_6,mfcc1_sma3_7,mfcc1_sma3_8,mfcc2_sma3_1,mfcc2_sma3_2,mfcc2_sma3_3,mfcc2_sma3_4,mfcc2_sma3_5,mfcc2_sma3_6,mfcc2_sma3_7,mfcc2_sma3_8,mfcc3_sma3_1,mfcc3_sma3_2,mfcc3_sma3_3,mfcc3_sma3_4,mfcc3_sma3_5,mfcc3_sma3_6,mfcc3_sma3_7,mfcc3_sma3_8,mfcc4_sma3_1,mfcc4_sma3_2,mfcc4_sma3_3,mfcc4_sma3_4,mfcc4_sma3_5,mfcc4_sma3_6,mfcc4_sma3_7,mfcc4_sma3_8,F0semitoneFrom27.5Hz_sma3nz_1,F0semitoneFrom27.5Hz_sma3nz_2,F0semitoneFrom27.5Hz_sma3nz_3,F0semitoneFrom27.5Hz_sma3nz_4,F0semitoneFrom27.5Hz_sma3nz_5,F0semitoneFrom27.5Hz_sma3nz_6,F0semitoneFrom27.5Hz_sma3nz_7,F0semitoneFrom27.5Hz_sma3nz_8,jitterLocal_sma3nz_1,jitterLocal_sma3nz_2,jitterLocal_sma3nz_3,jitterLocal_sma3nz_4,jitterLocal_sma3nz_5,jitterLocal_sma3nz_6,jitterLocal_sma3nz_7,jitterLocal_sma3nz_8
21.54747513888889,26.47141145875,33.45416683333334,39.97630572222223,30.67050269444445,27.533140972222224,29.544064652777777,20.59414389189189,19.251152825,10.408801082,15.984945896755557,14.046062130555557,7.037411154722223,7.117901434999999,27.29916915277778,23.4677224054054,16.8629545,23.199148641666667,-3.53324475,-4.172734346194445,4.309000541666666,-13.915294685833333,9.770292401111114,13.5087526,11.765587375,6.817013847222222,-25.50643839888889,-21.116487752777772,-5.137801766666666,-49.68890447222222,-14.83623145086111,7.846673905405407,4.058658166666667,28.737522055555555,38.08493247222223,28.443324083333334,28.316660444444445,28.30852833333333,4.553425333333333,0.0,0.0,0.0312539941388888,0.0228243399166666,0.0166748734305555,0.0190739419305555,0.0194671045555555,0.0017364848333333,0.0
