mfcc1_sma3_1,mfcc1_sma3_2,mfcc1_sma3_3,mfcc1_sma3_4,mfcc1_sma3_5,mfcc1_sma3_6,mfcc1_sma3_7,mfcc1_sma3_8,mfcc2_sma3_1,mfcc2_sma3_2,mfcc2_sma3_3,mfcc2_sma3_4,mfcc2_sma3_5,mfcc2_sma3_6,mfcc2_sma3_7,mfcc2_sma3_8,mfcc3_sma3_1,mfcc3_sma3_2,mfcc3_sma3_3,mfcc3_sma3_4,mfcc3_sma3_5,mfcc3_sma3_6,mfcc3_sma3_7,mfcc3_sma3_8,mfcc4_sma3_1,mfcc4_sma3_2,mfcc4_sma3_3,mfcc4_sma3_4,mfcc4_sma3_5,mfcc4_sma3_6,mfcc4_sma3_7,mfcc4_sma3_8,F0semitoneFrom27.5Hz_sma3nz_1,F0semitoneFrom27.5Hz_sma3nz_2,F0semitoneFrom27.5Hz_sma3nz_3,F0semitoneFrom27.5Hz_sma3nz_4,F0semitoneFrom27.5Hz_sma3nz_5,F0semitoneFrom27.5Hz_sma3nz_6,F0semitoneFrom27.5Hz_sma3nz_7,F0semitoneFrom27.5Hz_sma3nz_8,jitterLocal_sma3nz_1,jitterLocal_sma3nz_2,jitterLocal_sma3nz_3,jitterLocal_sma3nz_4,jitterLocal_sma3nz_5,jitterLocal_sma3nz_6,jitterLocal_sma3nz_7,jitterLocal_sma3nz_8
24.365015548387092,26.56389496774193,36.05869832258064,26.140330193548387,34.321252354838705,25.05336919354839,19.983213516129037,20.29364196875,2.814580874193548,-8.81146468332258,5.217152712903227,7.279590032258064,10.65389313870968,14.699479867741935,26.338285967741932,25.7837648125,4.601340922451612,-2.254781487096775,-3.861888096774194,-5.777962207096774,1.571492333870968,12.127290732258068,13.602475196774192,14.865526406250002,-4.784333623548387,-14.454328564516128,-8.930840057096775,-10.47066633032258,-12.070990909032256,4.36708253548387,6.245557009354839,6.782022328125,22.561802774193545,19.63772096774193,21.812583774193545,14.058179709677418,15.657738258064516,0.0,0.0,0.0,0.0095029212741935,0.0094043583870967,0.0076232941709677,0.0216103880645161,0.0018757859193548,0.0,0.0,0.0
