mfcc1_sma3_1,mfcc1_sma3_2,mfcc1_sma3_3,mfcc1_sma3_4,mfcc1_sma3_5,mfcc1_sma3_6,mfcc1_sma3_7,mfcc1_sma3_8,mfcc2_sma3_1,mfcc2_sma3_2,mfcc2_sma3_3,mfcc2_sma3_4,mfcc2_sma3_5,mfcc2_sma3_6,mfcc2_sma3_7,mfcc2_sma3_8,mfcc3_sma3_1,mfcc3_sma3_2,mfcc3_sma3_3,mfcc3_sma3_4,mfcc3_sma3_5,mfcc3_sma3_6,mfcc3_sma3_7,mfcc3_sma3_8,mfcc4_sma3_1,mfcc4_sma3_2,mfcc4_sma3_3,mfcc4_sma3_4,mfcc4_sma3_5,mfcc4_sma3_6,mfcc4_sma3_7,mfcc4_sma3_8,F0semitoneFrom27.5Hz_sma3nz_1,F0semitoneFrom27.5Hz_sma3nz_2,F0semitoneFrom27.5Hz_sma3nz_3,F0semitoneFrom27.5Hz_sma3nz_4,F0semitoneFrom27.5Hz_sma3nz_5,F0semitoneFrom27.5Hz_sma3nz_6,F0semitoneFrom27.5Hz_sma3nz_7,F0semitoneFrom27.5Hz_sma3nz_8,jitterLocal_sma3nz_1,jitterLocal_sma3nz_2,jitterLocal_sma3nz_3,jitterLocal_sma3nz_4,jitterLocal_sma3nz_5,jitterLocal_sma3nz_6,jitterLocal_sma3nz_7,jitterLocal_sma3nz_8
17.35210111857143,21.935353642857145,18.99739825,9.3019723375,16.08501264642857,18.13275162142857,31.404257892857142,25.622779642857143,22.575385486785716,-0.3484821107142859,-2.126611813214286,14.058484232142856,9.777289267857142,26.614232964285712,29.780529178571435,25.1182195,13.323995125,5.407298025,-1.7566177813464283,-5.48966595,14.683037589285716,23.00208005357143,7.622814932142856,6.31135145225,5.986617944285714,-7.781940707142858,-19.02283976857143,-11.31874585357143,-10.7366881925,16.95175585714286,-19.905677285714287,-5.893183366785713,0.0,14.46071817857143,17.802422607142855,14.963303178571428,39.24544539285715,7.044969071428572,7.337076214285714,0.0,0.0,0.012235758,0.0105890078214285,0.0081939425178571,0.009444443975,0.002339285,0.0025388800714285,0.0
