mfcc1_sma3_1,mfcc1_sma3_2,mfcc1_sma3_3,mfcc1_sma3_4,mfcc1_sma3_5,mfcc1_sma3_6,mfcc1_sma3_7,mfcc1_sma3_8,mfcc2_sma3_1,mfcc2_sma3_2,mfcc2_sma3_3,mfcc2_sma3_4,mfcc2_sma3_5,mfcc2_sma3_6,mfcc2_sma3_7,mfcc2_sma3_8,mfcc3_sma3_1,mfcc3_sma3_2,mfcc3_sma3_3,mfcc3_sma3_4,mfcc3_sma3_5,mfcc3_sma3_6,mfcc3_sma3_7,mfcc3_sma3_8,mfcc4_sma3_1,mfcc4_sma3_2,mfcc4_sma3_3,mfcc4_sma3_4,mfcc4_sma3_5,mfcc4_sma3_6,mfcc4_sma3_7,mfcc4_sma3_8,F0semitoneFrom27.5Hz_sma3nz_1,F0semitoneFrom27.5Hz_sma3nz_2,F0semitoneFrom27.5Hz_sma3nz_3,F0semitoneFrom27.5Hz_sma3nz_4,F0semitoneFrom27.5Hz_sma3nz_5,F0semitoneFrom27.5Hz_sma3nz_6,F0semitoneFrom27.5Hz_sma3nz_7,F0semitoneFrom27.5Hz_sma3nz_8,jitterLocal_sma3nz_1,jitterLocal_sma3nz_2,jitterLocal_sma3nz_3,jitterLocal_sma3nz_4,jitterLocal_sma3nz_5,jitterLocal_sma3nz_6,jitterLocal_sma3nz_7,jitterLocal_sma3nz_8
21.843168588235294,28.01987438235294,25.538745882352945,24.20909176470588,21.80276475882353,22.87166716176471,28.300686764705887,20.80127,10.43489356764706,-15.944605508823528,-19.19480000882353,-11.922629705882354,8.337850482705882,4.849423910588235,10.963770075882351,26.143505764705885,3.267990352941176,-15.97470659705882,-7.902687876470587,3.0795351776470588,12.83489089794118,25.886947347058825,18.647747735294114,15.520943647058823,-3.756400020588235,-25.681733682352935,-28.93138747058824,-33.16264435294118,-18.36154429411765,-25.552670062058823,-14.322840858823527,6.608437388235295,13.27919582352941,36.03841567647059,35.420395588235294,33.00554826470588,24.463287588235293,38.05472732352941,9.078056911764708,0.0,0.0036650310882352,0.0155925972147058,0.0065002241352941,0.0083251718441176,0.0138828104294117,0.0066502694058823,0.0096271432941176,0.0
