mfcc1_sma3_1,mfcc1_sma3_2,mfcc1_sma3_3,mfcc1_sma3_4,mfcc1_sma3_5,mfcc1_sma3_6,mfcc1_sma3_7,mfcc1_sma3_8,mfcc2_sma3_1,mfcc2_sma3_2,mfcc2_sma3_3,mfcc2_sma3_4,mfcc2_sma3_5,mfcc2_sma3_6,mfcc2_sma3_7,mfcc2_sma3_8,mfcc3_sma3_1,mfcc3_sma3_2,mfcc3_sma3_3,mfcc3_sma3_4,mfcc3_sma3_5,mfcc3_sma3_6,mfcc3_sma3_7,mfcc3_sma3_8,mfcc4_sma3_1,mfcc4_sma3_2,mfcc4_sma3_3,mfcc4_sma3_4,mfcc4_sma3_5,mfcc4_sma3_6,mfcc4_sma3_7,mfcc4_sma3_8,F0semitoneFrom27.5Hz_sma3nz_1,F0semitoneFrom27.5Hz_sma3nz_2,F0semitoneFrom27.5Hz_sma3nz_3,F0semitoneFrom27.5Hz_sma3nz_4,F0semitoneFrom27.5Hz_sma3nz_5,F0semitoneFrom27.5Hz_sma3nz_6,F0semitoneFrom27.5Hz_sma3nz_7,F0semitoneFrom27.5Hz_sma3nz_8,jitterLocal_sma3nz_1,jitterLocal_sma3nz_2,jitterLocal_sma3nz_3,jitterLocal_sma3nz_4,jitterLocal_sma3nz_5,jitterLocal_sma3nz_6,jitterLocal_sma3nz_7,jitterLocal_sma3nz_8
19.483570102941176,26.06874473529412,27.41407673529412,31.26092352941177,12.56087452382353,22.94213064117647,27.58325047058824,21.144992382352942,24.257025441176467,14.704352561764708,19.45677532352941,15.560819288235294,19.32631806470588,-9.499434443617648,12.85232634117647,24.04083967647059,17.013519323529415,14.640224811764703,14.140168,-2.072072272352942,1.6361247588235293,-31.70181676470588,-11.743307118529412,13.6447051,5.109113707941177,-1.7436694382352942,-1.2579294694411765,-25.675646281470588,-17.74130950882353,-36.13653000294117,-23.34804159920588,4.236679158235295,0.0,13.317077,19.518347529411766,25.62324955882353,25.16808776470588,50.44781091176471,30.658414205882348,0.0,0.0,0.0081451072058823,0.0114573004117647,0.0108740771323529,0.0129096659558823,0.0089383286441176,0.0062407086029411,0.0
