mfcc1_sma3_1,mfcc1_sma3_2,mfcc1_sma3_3,mfcc1_sma3_4,mfcc1_sma3_5,mfcc1_sma3_6,mfcc1_sma3_7,mfcc1_sma3_8,mfcc2_sma3_1,mfcc2_sma3_2,mfcc2_sma3_3,mfcc2_sma3_4,mfcc2_sma3_5,mfcc2_sma3_6,mfcc2_sma3_7,mfcc2_sma3_8,mfcc3_sma3_1,mfcc3_sma3_2,mfcc3_sma3_3,mfcc3_sma3_4,mfcc3_sma3_5,mfcc3_sma3_6,mfcc3_sma3_7,mfcc3_sma3_8,mfcc4_sma3_1,mfcc4_sma3_2,mfcc4_sma3_3,mfcc4_sma3_4,mfcc4_sma3_5,mfcc4_sma3_6,mfcc4_sma3_7,mfcc4_sma3_8,F0semitoneFrom27.5Hz_sma3nz_1,F0semitoneFrom27.5Hz_sma3nz_2,F0semitoneFrom27.5Hz_sma3nz_3,F0semitoneFrom27.5Hz_sma3nz_4,F0semitoneFrom27.5Hz_sma3nz_5,F0semitoneFrom27.5Hz_sma3nz_6,F0semitoneFrom27.5Hz_sma3nz_7,F0semitoneFrom27.5Hz_sma3nz_8,jitterLocal_sma3nz_1,jitterLocal_sma3nz_2,jitterLocal_sma3nz_3,jitterLocal_sma3nz_4,jitterLocal_sma3nz_5,jitterLocal_sma3nz_6,jitterLocal_sma3nz_7,jitterLocal_sma3nz_8
20.508367085714287,28.164238057142853,20.998322785714286,38.9375956,36.915857685714286,22.201231128571425,28.49944145714285,25.95874070731707,25.7661366,21.995827542857143,24.4732584,9.23737324057143,19.9733802,10.774992502571427,16.274832257142858,23.041661548780485,16.035861,25.026860114285714,14.054107738114286,-9.01109594942857,-0.1741230022857143,9.166183896,-20.414952742857142,5.462733863414634,5.698039191428571,-0.0818613885714285,0.5194951620000001,-13.492069243142858,-27.292838783714288,-10.186194598857142,-62.53233762857143,-11.7353382,0.0,9.235783857142858,14.58567937142857,36.05936262857142,32.297407342857134,12.135289114285715,38.68396680000001,20.660874463414636,0.0,0.0088513215714285,0.0138524415428571,0.0162990399114285,0.01377148038,0.0028417915142857,0.0174666907657142,0.0081815255365853
