mfcc1_sma3_1,mfcc1_sma3_2,mfcc1_sma3_3,mfcc1_sma3_4,mfcc1_sma3_5,mfcc1_sma3_6,mfcc1_sma3_7,mfcc1_sma3_8,mfcc2_sma3_1,mfcc2_sma3_2,mfcc2_sma3_3,mfcc2_sma3_4,mfcc2_sma3_5,mfcc2_sma3_6,mfcc2_sma3_7,mfcc2_sma3_8,mfcc3_sma3_1,mfcc3_sma3_2,mfcc3_sma3_3,mfcc3_sma3_4,mfcc3_sma3_5,mfcc3_sma3_6,mfcc3_sma3_7,mfcc3_sma3_8,mfcc4_sma3_1,mfcc4_sma3_2,mfcc4_sma3_3,mfcc4_sma3_4,mfcc4_sma3_5,mfcc4_sma3_6,mfcc4_sma3_7,mfcc4_sma3_8,F0semitoneFrom27.5Hz_sma3nz_1,F0semitoneFrom27.5Hz_sma3nz_2,F0semitoneFrom27.5Hz_sma3nz_3,F0semitoneFrom27.5Hz_sma3nz_4,F0semitoneFrom27.5Hz_sma3nz_5,F0semitoneFrom27.5Hz_sma3nz_6,F0semitoneFrom27.5Hz_sma3nz_7,F0semitoneFrom27.5Hz_sma3nz_8,jitterLocal_sma3nz_1,jitterLocal_sma3nz_2,jitterLocal_sma3nz_3,jitterLocal_sma3nz_4,jitterLocal_sma3nz_5,jitterLocal_sma3nz_6,jitterLocal_sma3nz_7,jitterLocal_sma3nz_8
21.727966666666664,11.2047744,34.32538630769231,27.255354435897434,36.1811791025641,33.05202076923077,9.001093788717949,20.313727307692307,26.594378179487183,31.646662179487176,-4.110390698205129,15.31200011717949,26.551615923076923,16.89414354948718,34.504145641025644,26.460721461538466,15.8769116025641,-1.0735901203076923,-14.447647375641026,11.789012424358974,0.2359152630769228,16.999084887179485,9.224764147435897,15.130836435897432,6.044906362564102,-4.659548523333332,-18.54549492051282,-7.07498386871795,-15.046650360512816,-6.682641103333335,8.336700892307691,6.890539771794873,2.4076239743589745,7.856492769230769,21.43304433333333,19.77340323076923,22.58733871794872,19.786556128205127,0.0,0.0,0.0,0.0024177605641025,0.0139939139307692,0.0112415316025641,0.0300411421153846,0.0172275267384615,0.0,0.0
