mfcc1_sma3_1,mfcc1_sma3_2,mfcc1_sma3_3,mfcc1_sma3_4,mfcc1_sma3_5,mfcc1_sma3_6,mfcc1_sma3_7,mfcc1_sma3_8,mfcc2_sma3_1,mfcc2_sma3_2,mfcc2_sma3_3,mfcc2_sma3_4,mfcc2_sma3_5,mfcc2_sma3_6,mfcc2_sma3_7,mfcc2_sma3_8,mfcc3_sma3_1,mfcc3_sma3_2,mfcc3_sma3_3,mfcc3_sma3_4,mfcc3_sma3_5,mfcc3_sma3_6,mfcc3_sma3_7,mfcc3_sma3_8,mfcc4_sma3_1,mfcc4_sma3_2,mfcc4_sma3_3,mfcc4_sma3_4,mfcc4_sma3_5,mfcc4_sma3_6,mfcc4_sma3_7,mfcc4_sma3_8,F0semitoneFrom27.5Hz_sma3nz_1,F0semitoneFrom27.5Hz_sma3nz_2,F0semitoneFrom27.5Hz_sma3nz_3,F0semitoneFrom27.5Hz_sma3nz_4,F0semitoneFrom27.5Hz_sma3nz_5,F0semitoneFrom27.5Hz_sma3nz_6,F0semitoneFrom27.5Hz_sma3nz_7,F0semitoneFrom27.5Hz_sma3nz_8,jitterLocal_sma3nz_1,jitterLocal_sma3nz_2,jitterLocal_sma3nz_3,jitterLocal_sma3nz_4,jitterLocal_sma3nz_5,jitterLocal_sma3nz_6,jitterLocal_sma3nz_7,jitterLocal_sma3nz_8
22.163140125,19.359175541666666,24.2508256375,22.97292133333333,21.135746941666667,20.891876291666662,22.1023025,14.500283892857142,27.73685725,18.963295,7.492359302916667,-6.120062787499999,3.287530258333333,-18.084484837500003,3.588453636666667,22.79847871428572,12.654165416666666,14.069022625000002,-1.587688404166667,0.5270106149999997,17.391251387500002,-12.197867933333333,23.92519233333333,15.836808952857142,7.4353438416666675,9.977897204166666,-20.1080847375,2.5364843833333333,-11.649875150083334,-6.142741266666666,-8.785866320833334,7.856149288571429,0.0,0.0,31.2869285,34.43914916666667,27.783887375000003,28.35003045833333,0.0,0.0,0.0,0.0,0.0153008757083333,0.0210889726958333,0.0101194522083333,0.0146490429333333,0.0,0.0
