mfcc1_sma3_1,mfcc1_sma3_2,mfcc1_sma3_3,mfcc1_sma3_4,mfcc1_sma3_5,mfcc1_sma3_6,mfcc1_sma3_7,mfcc1_sma3_8,mfcc2_sma3_1,mfcc2_sma3_2,mfcc2_sma3_3,mfcc2_sma3_4,mfcc2_sma3_5,mfcc2_sma3_6,mfcc2_sma3_7,mfcc2_sma3_8,mfcc3_sma3_1,mfcc3_sma3_2,mfcc3_sma3_3,mfcc3_sma3_4,mfcc3_sma3_5,mfcc3_sma3_6,mfcc3_sma3_7,mfcc3_sma3_8,mfcc4_sma3_1,mfcc4_sma3_2,mfcc4_sma3_3,mfcc4_sma3_4,mfcc4_sma3_5,mfcc4_sma3_6,mfcc4_sma3_7,mfcc4_sma3_8,F0semitoneFrom27.5Hz_sma3nz_1,F0semitoneFrom27.5Hz_sma3nz_2,F0semitoneFrom27.5Hz_sma3nz_3,F0semitoneFrom27.5Hz_sma3nz_4,F0semitoneFrom27.5Hz_sma3nz_5,F0semitoneFrom27.5Hz_sma3nz_6,F0semitoneFrom27.5Hz_sma3nz_7,F0semitoneFrom27.5Hz_sma3nz_8,jitterLocal_sma3nz_1,jitterLocal_sma3nz_2,jitterLocal_sma3nz_3,jitterLocal_sma3nz_4,jitterLocal_sma3nz_5,jitterLocal_sma3nz_6,jitterLocal_sma3nz_7,jitterLocal_sma3nz_8
21.06804080645161,19.297255870967746,21.546086032258067,18.486529603225804,19.064534004677423,15.746111412161287,28.56830267741936,28.98380378125,27.112313709677416,16.195330170967743,-6.319230021290322,-1.5528584709677422,9.35327687548387,8.0056238,15.27708383451613,24.42066534375,11.951450274193547,25.743354954838704,-12.328121381935487,-11.434051898387096,-10.117294967741934,-11.992801630322584,-10.7462677,6.447960909375,5.537853317096774,-5.13396915483871,-17.226616361290322,-12.616160493548383,-20.66688759451613,-25.92173662903226,-63.52933067741936,-14.8187916625,0.0,29.13410174193549,27.577494967741934,40.36430874193548,33.70057212903226,26.432259193548397,25.147375516129035,2.5655959375,0.0,0.0677094739354838,0.0306608310129032,0.0105819866935483,0.0117944768290322,0.0208072065290322,0.0282984221451612,0.0008324656875
