mfcc1_sma3_1,mfcc1_sma3_2,mfcc1_sma3_3,mfcc1_sma3_4,mfcc1_sma3_5,mfcc1_sma3_6,mfcc1_sma3_7,mfcc1_sma3_8,mfcc2_sma3_1,mfcc2_sma3_2,mfcc2_sma3_3,mfcc2_sma3_4,mfcc2_sma3_5,mfcc2_sma3_6,mfcc2_sma3_7,mfcc2_sma3_8,mfcc3_sma3_1,mfcc3_sma3_2,mfcc3_sma3_3,mfcc3_sma3_4,mfcc3_sma3_5,mfcc3_sma3_6,mfcc3_sma3_7,mfcc3_sma3_8,mfcc4_sma3_1,mfcc4_sma3_2,mfcc4_sma3_3,mfcc4_sma3_4,mfcc4_sma3_5,mfcc4_sma3_6,mfcc4_sma3_7,mfcc4_sma3_8,F0semitoneFrom27.5Hz_sma3nz_1,F0semitoneFrom27.5Hz_sma3nz_2,F0semitoneFrom27.5Hz_sma3nz_3,F0semitoneFrom27.5Hz_sma3nz_4,F0semitoneFrom27.5Hz_sma3nz_5,F0semitoneFrom27.5Hz_sma3nz_6,F0semitoneFrom27.5Hz_sma3nz_7,F0semitoneFrom27.5Hz_sma3nz_8,jitterLocal_sma3nz_1,jitterLocal_sma3nz_2,jitterLocal_sma3nz_3,jitterLocal_sma3nz_4,jitterLocal_sma3nz_5,jitterLocal_sma3nz_6,jitterLocal_sma3nz_7,jitterLocal_sma3nz_8
19.541795514285717,20.0207856,27.41628042857143,24.003435488571427,18.74593527914286,25.372361682857143,22.382394885714284,13.945660610810814,16.531791948571428,10.906071402857142,1.1719371325714285,3.9089717457142847,3.070360015714286,9.408865315142856,13.432137142485711,22.00687808108108,13.189840662857144,14.291176502857144,5.1266952505028565,-1.05403302,10.885279650514288,4.4864320242857145,21.810822571428574,13.791167748648649,4.820609942571428,-5.8077029300000005,-7.439858471714285,-14.5808768016,-2.37486894,-26.202895182857144,-8.302670096714287,1.47174401,2.577238057142857,20.889774857142857,27.8800394,14.136271285714283,15.818911542857144,19.607206942857143,4.0093348,0.0,0.0,0.0094459011857142,0.0206341873628571,0.0062905755428571,0.0031856898428571,0.0087547817142857,0.0015643347142857,0.0
