mfcc1_sma3_1,mfcc1_sma3_2,mfcc1_sma3_3,mfcc1_sma3_4,mfcc1_sma3_5,mfcc1_sma3_6,mfcc1_sma3_7,mfcc1_sma3_8,mfcc2_sma3_1,mfcc2_sma3_2,mfcc2_sma3_3,mfcc2_sma3_4,mfcc2_sma3_5,mfcc2_sma3_6,mfcc2_sma3_7,mfcc2_sma3_8,mfcc3_sma3_1,mfcc3_sma3_2,mfcc3_sma3_3,mfcc3_sma3_4,mfcc3_sma3_5,mfcc3_sma3_6,mfcc3_sma3_7,mfcc3_sma3_8,mfcc4_sma3_1,mfcc4_sma3_2,mfcc4_sma3_3,mfcc4_sma3_4,mfcc4_sma3_5,mfcc4_sma3_6,mfcc4_sma3_7,mfcc4_sma3_8,F0semitoneFrom27.5Hz_sma3nz_1,F0semitoneFrom27.5Hz_sma3nz_2,F0semitoneFrom27.5Hz_sma3nz_3,F0semitoneFrom27.5Hz_sma3nz_4,F0semitoneFrom27.5Hz_sma3nz_5,F0semitoneFrom27.5Hz_sma3nz_6,F0semitoneFrom27.5Hz_sma3nz_7,F0semitoneFrom27.5Hz_sma3nz_8,jitterLocal_sma3nz_1,jitterLocal_sma3nz_2,jitterLocal_sma3nz_3,jitterLocal_sma3nz_4,jitterLocal_sma3nz_5,jitterLocal_sma3nz_6,jitterLocal_sma3nz_7,jitterLocal_sma3nz_8
20.255233625,19.28399015625,20.24535205,21.049087360625,23.832678709375,30.7625121875,26.12837340625,4.19608519,27.315624875,23.55116425,18.0459726875,-4.872448723125,-3.8640736853125,7.3727524715625,5.2768065903125,29.43581434210526,14.21494115625,15.55694940625,4.65251252,-20.26374726875,-7.640096821875001,-7.513108508249999,13.198413209375,7.067442791315789,6.572304175,7.872387528125,-10.82746640278125,-13.24684545625,-15.028352284375,-25.7782129625,-13.381246666875,14.326628855263158,0.0,0.0,14.071257125,33.59412759375,24.9106985625,37.07896984375,9.42652046875,0.0,0.0,0.0,0.01720467709375,0.0263270096687499,0.0139392490625,0.0103955604125,0.004697066790625,0.0
