mfcc1_sma3_1,mfcc1_sma3_2,mfcc1_sma3_3,mfcc1_sma3_4,mfcc1_sma3_5,mfcc1_sma3_6,mfcc1_sma3_7,mfcc1_sma3_8,mfcc2_sma3_1,mfcc2_sma3_2,mfcc2_sma3_3,mfcc2_sma3_4,mfcc2_sma3_5,mfcc2_sma3_6,mfcc2_sma3_7,mfcc2_sma3_8,mfcc3_sma3_1,mfcc3_sma3_2,mfcc3_sma3_3,mfcc3_sma3_4,mfcc3_sma3_5,mfcc3_sma3_6,mfcc3_sma3_7,mfcc3_sma3_8,mfcc4_sma3_1,mfcc4_sma3_2,mfcc4_sma3_3,mfcc4_sma3_4,mfcc4_sma3_5,mfcc4_sma3_6,mfcc4_sma3_7,mfcc4_sma3_8,F0semitoneFrom27.5Hz_sma3nz_1,F0semitoneFrom27.5Hz_sma3nz_2,F0semitoneFrom27.5Hz_sma3nz_3,F0semitoneFrom27.5Hz_sma3nz_4,F0semitoneFrom27.5Hz_sma3nz_5,F0semitoneFrom27.5Hz_sma3nz_6,F0semitoneFrom27.5Hz_sma3nz_7,F0semitoneFrom27.5Hz_sma3nz_8,jitterLocal_sma3nz_1,jitterLocal_sma3nz_2,jitterLocal_sma3nz_3,jitterLocal_sma3nz_4,jitterLocal_sma3nz_5,jitterLocal_sma3nz_6,jitterLocal_sma3nz_7,jitterLocal_sma3nz_8
21.716452794117647,24.34752706279412,26.53703791176471,32.202464647058825,27.554209941176477,35.48844347058824,19.57469844117647,22.222815176470597,24.76730077941176,-1.1715022941176472,-18.6918894,-27.582794073529413,-5.305653352941175,-0.1753100947058823,23.39187557352941,24.966632529411765,14.648208326470588,2.038710611764706,19.47622375205882,10.769141884705885,10.559484629411765,14.814096061764705,16.712983176470587,14.095096779411763,5.328206544411764,-0.0409248264705879,-3.358671423529412,-6.8306063382352935,-3.436125454117648,-3.7436151617647058,6.4602279764705886,5.591123430882353,0.0,0.0,15.645165470588235,24.775640647058825,11.838462911764706,10.107966147058823,0.0,0.0,0.0,0.0,0.0152057691029411,0.0079677789970588,0.001669898867647,0.0526363819411764,0.0,0.0
