mfcc1_sma3_1,mfcc1_sma3_2,mfcc1_sma3_3,mfcc1_sma3_4,mfcc1_sma3_5,mfcc1_sma3_6,mfcc1_sma3_7,mfcc1_sma3_8,mfcc2_sma3_1,mfcc2_sma3_2,mfcc2_sma3_3,mfcc2_sma3_4,mfcc2_sma3_5,mfcc2_sma3_6,mfcc2_sma3_7,mfcc2_sma3_8,mfcc3_sma3_1,mfcc3_sma3_2,mfcc3_sma3_3,mfcc3_sma3_4,mfcc3_sma3_5,mfcc3_sma3_6,mfcc3_sma3_7,mfcc3_sma3_8,mfcc4_sma3_1,mfcc4_sma3_2,mfcc4_sma3_3,mfcc4_sma3_4,mfcc4_sma3_5,mfcc4_sma3_6,mfcc4_sma3_7,mfcc4_sma3_8,F0semitoneFrom27.5Hz_sma3nz_1,F0semitoneFrom27.5Hz_sma3nz_2,F0semitoneFrom27.5Hz_sma3nz_3,F0semitoneFrom27.5Hz_sma3nz_4,F0semitoneFrom27.5Hz_sma3nz_5,F0semitoneFrom27.5Hz_sma3nz_6,F0semitoneFrom27.5Hz_sma3nz_7,F0semitoneFrom27.5Hz_sma3nz_8,jitterLocal_sma3nz_1,jitterLocal_sma3nz_2,jitterLocal_sma3nz_3,jitterLocal_sma3nz_4,jitterLocal_sma3nz_5,jitterLocal_sma3nz_6,jitterLocal_sma3nz_7,jitterLocal_sma3nz_8
23.59940207692308,31.805685500000003,24.30833915384616,27.500375461538457,32.45714473076923,7.043065311538462,22.04806676923077,22.29236237037037,20.03614068076924,-1.1703507569230769,13.208414983846152,12.75868887923077,-18.91782283692308,20.99249826923077,28.13619426923077,28.061511222222222,10.166995984615385,7.031982619230769,13.633405463076922,8.466059123076924,-12.512696188461538,17.088907076923075,17.051382423076923,17.029389814814817,2.950124605384616,-13.421148003846154,2.183342246153846,-0.524812038076923,-15.94074071153846,2.717773930769231,5.825685646923078,8.372170774074073,0.0,18.644085115384616,30.51159284615384,7.155254423076922,9.628734884615383,0.0,0.0,0.0,0.0,0.0031428380576923,0.0256228256923076,0.0079656825384615,0.0041438489846153,0.0,0.0,0.0
