mfcc1_sma3_1,mfcc1_sma3_2,mfcc1_sma3_3,mfcc1_sma3_4,mfcc1_sma3_5,mfcc1_sma3_6,mfcc1_sma3_7,mfcc1_sma3_8,mfcc2_sma3_1,mfcc2_sma3_2,mfcc2_sma3_3,mfcc2_sma3_4,mfcc2_sma3_5,mfcc2_sma3_6,mfcc2_sma3_7,mfcc2_sma3_8,mfcc3_sma3_1,mfcc3_sma3_2,mfcc3_sma3_3,mfcc3_sma3_4,mfcc3_sma3_5,mfcc3_sma3_6,mfcc3_sma3_7,mfcc3_sma3_8,mfcc4_sma3_1,mfcc4_sma3_2,mfcc4_sma3_3,mfcc4_sma3_4,mfcc4_sma3_5,mfcc4_sma3_6,mfcc4_sma3_7,mfcc4_sma3_8,F0semitoneFrom27.5Hz_sma3nz_1,F0semitoneFrom27.5Hz_sma3nz_2,F0semitoneFrom27.5Hz_sma3nz_3,F0semitoneFrom27.5Hz_sma3nz_4,F0semitoneFrom27.5Hz_sma3nz_5,F0semitoneFrom27.5Hz_sma3nz_6,F0semitoneFrom27.5Hz_sma3nz_7,F0semitoneFrom27.5Hz_sma3nz_8,jitterLocal_sma3nz_1,jitterLocal_sma3nz_2,jitterLocal_sma3nz_3,jitterLocal_sma3nz_4,jitterLocal_sma3nz_5,jitterLocal_sma3nz_6,jitterLocal_sma3nz_7,jitterLocal_sma3nz_8
21.661138103448277,26.50889196551724,30.566433327586207,20.27354739310345,33.30271417241379,10.860880557413797,24.062976713793105,28.27420202777778,27.001790172413795,-11.995900323103449,-16.832111193103447,11.646870364482758,-12.46509860344828,20.668201310344823,14.485156068965518,29.814098694444446,16.726722310344826,6.329772451724137,9.424824233103449,27.20551162068965,10.17091136448276,14.66581768965517,8.568242358965518,12.994861916666666,7.498093227586207,0.2918962620689656,0.5772198034482758,5.334504068965518,-24.17632612758621,-20.804602331379314,-15.930273101379314,-9.940464462777776,0.0,31.76838420689656,21.758525448275865,23.25204365517241,34.11433468965517,17.741438862068964,7.743207724137931,0.0,0.0,0.0398768839655172,0.0163024946310344,0.0146747140241379,0.035778097975862,0.005125977137931,0.0025920681034482,0.0
