mfcc1_sma3_1,mfcc1_sma3_2,mfcc1_sma3_3,mfcc1_sma3_4,mfcc1_sma3_5,mfcc1_sma3_6,mfcc1_sma3_7,mfcc1_sma3_8,mfcc2_sma3_1,mfcc2_sma3_2,mfcc2_sma3_3,mfcc2_sma3_4,mfcc2_sma3_5,mfcc2_sma3_6,mfcc2_sma3_7,mfcc2_sma3_8,mfcc3_sma3_1,mfcc3_sma3_2,mfcc3_sma3_3,mfcc3_sma3_4,mfcc3_sma3_5,mfcc3_sma3_6,mfcc3_sma3_7,mfcc3_sma3_8,mfcc4_sma3_1,mfcc4_sma3_2,mfcc4_sma3_3,mfcc4_sma3_4,mfcc4_sma3_5,mfcc4_sma3_6,mfcc4_sma3_7,mfcc4_sma3_8,F0semitoneFrom27.5Hz_sma3nz_1,F0semitoneFrom27.5Hz_sma3nz_2,F0semitoneFrom27.5Hz_sma3nz_3,F0semitoneFrom27.5Hz_sma3nz_4,F0semitoneFrom27.5Hz_sma3nz_5,F0semitoneFrom27.5Hz_sma3nz_6,F0semitoneFrom27.5Hz_sma3nz_7,F0semitoneFrom27.5Hz_sma3nz_8,jitterLocal_sma3nz_1,jitterLocal_sma3nz_2,jitterLocal_sma3nz_3,jitterLocal_sma3nz_4,jitterLocal_sma3nz_5,jitterLocal_sma3nz_6,jitterLocal_sma3nz_7,jitterLocal_sma3nz_8
21.688616965517244,30.68934496896552,36.3974709310345,13.815127813793104,32.77939789655172,20.97712454827586,20.42695124137931,21.918949424242424,26.60012375862069,9.892335758620687,2.3379215810344824,33.32088675862069,-15.829318806896548,15.122041810344829,25.757961310344825,27.57794763636364,15.682685827586209,9.400563035517242,6.8563177351724125,9.49940773448276,-3.6765514820689664,8.388878760344827,16.377625689655176,15.949159333333334,7.189800795103448,-7.642074512068966,-8.923709803448274,6.103545606896552,-17.55740302413793,-5.428496028275862,7.588058794137931,6.95532533939394,0.0,16.49729468965517,35.33174844827586,28.33059851724138,21.669057379310345,0.0,0.0,0.0,0.0,0.0052556264827586,0.0138828315103448,0.0141967237586206,0.0212713016862068,0.0,0.0,0.0
