mfcc1_sma3_1,mfcc1_sma3_2,mfcc1_sma3_3,mfcc1_sma3_4,mfcc1_sma3_5,mfcc1_sma3_6,mfcc1_sma3_7,mfcc1_sma3_8,mfcc2_sma3_1,mfcc2_sma3_2,mfcc2_sma3_3,mfcc2_sma3_4,mfcc2_sma3_5,mfcc2_sma3_6,mfcc2_sma3_7,mfcc2_sma3_8,mfcc3_sma3_1,mfcc3_sma3_2,mfcc3_sma3_3,mfcc3_sma3_4,mfcc3_sma3_5,mfcc3_sma3_6,mfcc3_sma3_7,mfcc3_sma3_8,mfcc4_sma3_1,mfcc4_sma3_2,mfcc4_sma3_3,mfcc4_sma3_4,mfcc4_sma3_5,mfcc4_sma3_6,mfcc4_sma3_7,mfcc4_sma3_8,F0semitoneFrom27.5Hz_sma3nz_1,F0semitoneFrom27.5Hz_sma3nz_2,F0semitoneFrom27.5Hz_sma3nz_3,F0semitoneFrom27.5Hz_sma3nz_4,F0semitoneFrom27.5Hz_sma3nz_5,F0semitoneFrom27.5Hz_sma3nz_6,F0semitoneFrom27.5Hz_sma3nz_7,F0semitoneFrom27.5Hz_sma3nz_8,jitterLocal_sma3nz_1,jitterLocal_sma3nz_2,jitterLocal_sma3nz_3,jitterLocal_sma3nz_4,jitterLocal_sma3nz_5,jitterLocal_sma3nz_6,jitterLocal_sma3nz_7,jitterLocal_sma3nz_8
21.87615807692308,25.119603102564103,28.77381207692307,29.57593907692308,30.74340235897436,30.73679761538462,27.459353666666665,21.444275279069767,26.663973897435906,9.397303435897436,-19.828393712564104,-4.731310874358974,-3.630954913589744,-5.745755656076923,3.488142535128205,26.966452162790706,16.018888282051282,9.069336743589744,10.464060968974357,23.410454602564105,13.946376429487184,8.069154635128204,-0.3235177994871799,15.841115046511623,6.621077753846155,0.9328283692307692,-18.86186944871795,3.8781367602564094,-30.54627328205128,-16.76244252897436,-14.278789386846157,6.703422881395347,0.0,6.05352082051282,25.00046053846153,25.87220671794872,26.98522787179487,19.801591282051284,1.3017544358974358,0.0,0.0,0.0016508456410256,0.0120295897051282,0.0184852993435897,0.0061886027461538,0.0092599624435897,0.0012602153076923,0.0
