mfcc1_sma3_1,mfcc1_sma3_2,mfcc1_sma3_3,mfcc1_sma3_4,mfcc1_sma3_5,mfcc1_sma3_6,mfcc1_sma3_7,mfcc1_sma3_8,mfcc2_sma3_1,mfcc2_sma3_2,mfcc2_sma3_3,mfcc2_sma3_4,mfcc2_sma3_5,mfcc2_sma3_6,mfcc2_sma3_7,mfcc2_sma3_8,mfcc3_sma3_1,mfcc3_sma3_2,mfcc3_sma3_3,mfcc3_sma3_4,mfcc3_sma3_5,mfcc3_sma3_6,mfcc3_sma3_7,mfcc3_sma3_8,mfcc4_sma3_1,mfcc4_sma3_2,mfcc4_sma3_3,mfcc4_sma3_4,mfcc4_sma3_5,mfcc4_sma3_6,mfcc4_sma3_7,mfcc4_sma3_8,F0semitoneFrom27.5Hz_sma3nz_1,F0semitoneFrom27.5Hz_sma3nz_2,F0semitoneFrom27.5Hz_sma3nz_3,F0semitoneFrom27.5Hz_sma3nz_4,F0semitoneFrom27.5Hz_sma3nz_5,F0semitoneFrom27.5Hz_sma3nz_6,F0semitoneFrom27.5Hz_sma3nz_7,F0semitoneFrom27.5Hz_sma3nz_8,jitterLocal_sma3nz_1,jitterLocal_sma3nz_2,jitterLocal_sma3nz_3,jitterLocal_sma3nz_4,jitterLocal_sma3nz_5,jitterLocal_sma3nz_6,jitterLocal_sma3nz_7,jitterLocal_sma3nz_8
22.147778807692305,20.959611730769232,20.24746459730769,36.731341192307696,37.50886446153846,21.875456038461543,21.548586769230766,22.529734222222217,27.074311230769236,23.393459859615383,8.153096609615385,5.634637230769231,0.703022062307692,23.82530440384616,26.67100403846154,27.019843148148148,15.587892730769234,17.91310776923077,11.370041385,10.462730707692309,-7.066282939999999,12.72142271153846,15.319618134615386,14.704015481481482,4.901998652692308,9.018819257692307,-2.679805538269231,-8.406503072692308,-17.446721738076924,6.677681283076923,5.858641984615384,5.342314411851852,0.0,3.018534153846154,19.432880884615383,28.42704342307692,14.22983926923077,0.0,0.0,0.0,0.0,0.0,0.0094425043538461,0.0116083136538461,0.0077060408846153,0.0,0.0,0.0
