mfcc1_sma3_1,mfcc1_sma3_2,mfcc1_sma3_3,mfcc1_sma3_4,mfcc1_sma3_5,mfcc1_sma3_6,mfcc1_sma3_7,mfcc1_sma3_8,mfcc2_sma3_1,mfcc2_sma3_2,mfcc2_sma3_3,mfcc2_sma3_4,mfcc2_sma3_5,mfcc2_sma3_6,mfcc2_sma3_7,mfcc2_sma3_8,mfcc3_sma3_1,mfcc3_sma3_2,mfcc3_sma3_3,mfcc3_sma3_4,mfcc3_sma3_5,mfcc3_sma3_6,mfcc3_sma3_7,mfcc3_sma3_8,mfcc4_sma3_1,mfcc4_sma3_2,mfcc4_sma3_3,mfcc4_sma3_4,mfcc4_sma3_5,mfcc4_sma3_6,mfcc4_sma3_7,mfcc4_sma3_8,F0semitoneFrom27.5Hz_sma3nz_1,F0semitoneFrom27.5Hz_sma3nz_2,F0semitoneFrom27.5Hz_sma3nz_3,F0semitoneFrom27.5Hz_sma3nz_4,F0semitoneFrom27.5Hz_sma3nz_5,F0semitoneFrom27.5Hz_sma3nz_6,F0semitoneFrom27.5Hz_sma3nz_7,F0semitoneFrom27.5Hz_sma3nz_8,jitterLocal_sma3nz_1,jitterLocal_sma3nz_2,jitterLocal_sma3nz_3,jitterLocal_sma3nz_4,jitterLocal_sma3nz_5,jitterLocal_sma3nz_6,jitterLocal_sma3nz_7,jitterLocal_sma3nz_8
20.477145233333328,18.397907733333337,22.09000142533333,28.568818966666665,33.922542666666665,16.411097260000002,19.08021272,20.92758471875,27.698691833333324,28.0725416,-2.2663633826666665,8.677648713,20.80140656666666,19.027425110000003,24.39665053333333,27.94409325,13.635789666666666,10.640758398933333,-8.532846646666666,3.9187215466,5.296844213333334,10.735843077133334,8.881732356666667,13.4228129375,7.659459053333334,2.6543128886000003,-6.463224266666666,-1.5094857713499998,-9.20691593,2.619703217666667,5.998173526433334,5.6199508375,0.0,6.923297533333332,17.5670528,15.810945433333332,31.049408133333333,3.6241061,0.0,0.0,0.0,0.0016985190666666,0.00367550997,0.0078071497,0.0193360809666666,0.0020123033666666,0.0,0.0
