mfcc1_sma3_1,mfcc1_sma3_2,mfcc1_sma3_3,mfcc1_sma3_4,mfcc1_sma3_5,mfcc1_sma3_6,mfcc1_sma3_7,mfcc1_sma3_8,mfcc2_sma3_1,mfcc2_sma3_2,mfcc2_sma3_3,mfcc2_sma3_4,mfcc2_sma3_5,mfcc2_sma3_6,mfcc2_sma3_7,mfcc2_sma3_8,mfcc3_sma3_1,mfcc3_sma3_2,mfcc3_sma3_3,mfcc3_sma3_4,mfcc3_sma3_5,mfcc3_sma3_6,mfcc3_sma3_7,mfcc3_sma3_8,mfcc4_sma3_1,mfcc4_sma3_2,mfcc4_sma3_3,mfcc4_sma3_4,mfcc4_sma3_5,mfcc4_sma3_6,mfcc4_sma3_7,mfcc4_sma3_8,F0semitoneFrom27.5Hz_sma3nz_1,F0semitoneFrom27.5Hz_sma3nz_2,F0semitoneFrom27.5Hz_sma3nz_3,F0semitoneFrom27.5Hz_sma3nz_4,F0semitoneFrom27.5Hz_sma3nz_5,F0semitoneFrom27.5Hz_sma3nz_6,F0semitoneFrom27.5Hz_sma3nz_7,F0semitoneFrom27.5Hz_sma3nz_8,jitterLocal_sma3nz_1,jitterLocal_sma3nz_2,jitterLocal_sma3nz_3,jitterLocal_sma3nz_4,jitterLocal_sma3nz_5,jitterLocal_sma3nz_6,jitterLocal_sma3nz_7,jitterLocal_sma3nz_8
20.325501916666664,21.531997625,22.435989195833333,33.59435158333333,27.581466833333334,28.741841625000003,21.954912875,20.57744061290323,27.41383408333333,24.796021875,22.29044758333333,4.2291595705416665,11.217903983333334,-1.9180121391666665,17.738330761666667,27.59493912903225,14.324442499999998,19.746128,2.959516801666666,-1.4540056733333335,-3.3805147545416667,-17.166738748333334,12.378960224999998,13.995623370967746,8.6070627375,5.165485966666666,-5.1669050875,-12.332280065,-9.07854809375,-12.53311772125,11.80808298333333,7.32617722580645,0.0,7.589874833333333,21.7763585,31.84670983333333,15.57128025,3.824744416666667,0.0,0.0,0.0,0.0036561424166666,0.0098773504166666,0.012100789825,0.003289425975,0.000448639825,0.0,0.0
