mfcc1_sma3_1,mfcc1_sma3_2,mfcc1_sma3_3,mfcc1_sma3_4,mfcc1_sma3_5,mfcc1_sma3_6,mfcc1_sma3_7,mfcc1_sma3_8,mfcc2_sma3_1,mfcc2_sma3_2,mfcc2_sma3_3,mfcc2_sma3_4,mfcc2_sma3_5,mfcc2_sma3_6,mfcc2_sma3_7,mfcc2_sma3_8,mfcc3_sma3_1,mfcc3_sma3_2,mfcc3_sma3_3,mfcc3_sma3_4,mfcc3_sma3_5,mfcc3_sma3_6,mfcc3_sma3_7,mfcc3_sma3_8,mfcc4_sma3_1,mfcc4_sma3_2,mfcc4_sma3_3,mfcc4_sma3_4,mfcc4_sma3_5,mfcc4_sma3_6,mfcc4_sma3_7,mfcc4_sma3_8,F0semitoneFrom27.5Hz_sma3nz_1,F0semitoneFrom27.5Hz_sma3nz_2,F0semitoneFrom27.5Hz_sma3nz_3,F0semitoneFrom27.5Hz_sma3nz_4,F0semitoneFrom27.5Hz_sma3nz_5,F0semitoneFrom27.5Hz_sma3nz_6,F0semitoneFrom27.5Hz_sma3nz_7,F0semitoneFrom27.5Hz_sma3nz_8,jitterLocal_sma3nz_1,jitterLocal_sma3nz_2,jitterLocal_sma3nz_3,jitterLocal_sma3nz_4,jitterLocal_sma3nz_5,jitterLocal_sma3nz_6,jitterLocal_sma3nz_7,jitterLocal_sma3nz_8
21.231657,20.921904708333333,21.71099867,28.078465541666663,26.534869541666662,21.949336375,20.833197625,21.94320660714285,27.54878875,23.55183475,16.7526583125,-1.2116792766666669,2.496705619583333,18.23929813333333,26.72698425,28.06393167857143,13.774727750000002,15.773957333333334,0.4576728591666666,-4.568103819583333,-8.117250650833334,9.746060766666666,12.482922758333336,12.505741260714284,5.051612155416667,6.972881601666667,-7.087762991666668,-3.676278408333333,-12.06912574125,11.253400895416668,6.584296712500001,5.619670395357143,0.0,0.0,23.35242320833333,21.774418791666665,9.161324875,0.0,0.0,0.0,0.0,0.0,0.0075092037083333,0.0065150548666666,0.0049157626958333,0.0,0.0,0.0
