mfcc1_sma3_1,mfcc1_sma3_2,mfcc1_sma3_3,mfcc1_sma3_4,mfcc1_sma3_5,mfcc1_sma3_6,mfcc1_sma3_7,mfcc1_sma3_8,mfcc2_sma3_1,mfcc2_sma3_2,mfcc2_sma3_3,mfcc2_sma3_4,mfcc2_sma3_5,mfcc2_sma3_6,mfcc2_sma3_7,mfcc2_sma3_8,mfcc3_sma3_1,mfcc3_sma3_2,mfcc3_sma3_3,mfcc3_sma3_4,mfcc3_sma3_5,mfcc3_sma3_6,mfcc3_sma3_7,mfcc3_sma3_8,mfcc4_sma3_1,mfcc4_sma3_2,mfcc4_sma3_3,mfcc4_sma3_4,mfcc4_sma3_5,mfcc4_sma3_6,mfcc4_sma3_7,mfcc4_sma3_8,F0semitoneFrom27.5Hz_sma3nz_1,F0semitoneFrom27.5Hz_sma3nz_2,F0semitoneFrom27.5Hz_sma3nz_3,F0semitoneFrom27.5Hz_sma3nz_4,F0semitoneFrom27.5Hz_sma3nz_5,F0semitoneFrom27.5Hz_sma3nz_6,F0semitoneFrom27.5Hz_sma3nz_7,F0semitoneFrom27.5Hz_sma3nz_8,jitterLocal_sma3nz_1,jitterLocal_sma3nz_2,jitterLocal_sma3nz_3,jitterLocal_sma3nz_4,jitterLocal_sma3nz_5,jitterLocal_sma3nz_6,jitterLocal_sma3nz_7,jitterLocal_sma3nz_8
21.15066713793104,21.539099724700005,35.019494,32.53263579310345,27.706827068965517,21.95044382758621,21.32870986206896,20.32836815151515,28.502041413793105,23.068134137931036,13.616664496551726,20.65895979310345,18.793251789655173,23.11120848275862,25.552235103448275,23.53030878787879,15.909383551724142,25.438185586206902,-8.765986034482758,7.571441255172415,0.781572645862069,10.9974475,13.089285572413791,14.2907406,7.101874055172414,7.689729757724138,-10.958483924137932,-12.054591051724136,-9.783752951724138,4.022497196551725,9.779769462068966,4.722417004848484,0.0,12.167276172413793,21.797775241379316,8.035655655172414,0.0,0.0,0.0,0.0,0.0,0.0083233253793103,0.006407678,0.0046918253448275,0.0,0.0,0.0,0.0
