mfcc1_sma3_1,mfcc1_sma3_2,mfcc1_sma3_3,mfcc1_sma3_4,mfcc1_sma3_5,mfcc1_sma3_6,mfcc1_sma3_7,mfcc1_sma3_8,mfcc2_sma3_1,mfcc2_sma3_2,mfcc2_sma3_3,mfcc2_sma3_4,mfcc2_sma3_5,mfcc2_sma3_6,mfcc2_sma3_7,mfcc2_sma3_8,mfcc3_sma3_1,mfcc3_sma3_2,mfcc3_sma3_3,mfcc3_sma3_4,mfcc3_sma3_5,mfcc3_sma3_6,mfcc3_sma3_7,mfcc3_sma3_8,mfcc4_sma3_1,mfcc4_sma3_2,mfcc4_sma3_3,mfcc4_sma3_4,mfcc4_sma3_5,mfcc4_sma3_6,mfcc4_sma3_7,mfcc4_sma3_8,F0semitoneFrom27.5Hz_sma3nz_1,F0semitoneFrom27.5Hz_sma3nz_2,F0semitoneFrom27.5Hz_sma3nz_3,F0semitoneFrom27.5Hz_sma3nz_4,F0semitoneFrom27.5Hz_sma3nz_5,F0semitoneFrom27.5Hz_sma3nz_6,F0semitoneFrom27.5Hz_sma3nz_7,F0semitoneFrom27.5Hz_sma3nz_8,jitterLocal_sma3nz_1,jitterLocal_sma3nz_2,jitterLocal_sma3nz_3,jitterLocal_sma3nz_4,jitterLocal_sma3nz_5,jitterLocal_sma3nz_6,jitterLocal_sma3nz_7,jitterLocal_sma3nz_8
20.510367586206893,17.606688882758622,17.94848548275862,18.618837689655173,17.804268603448275,22.88730141379311,23.041800413793105,21.92747575862069,24.358790689655176,5.401903524137933,-11.42060810689655,-13.96630684137931,-23.66770142206897,-4.664191296551723,25.413802172413792,25.427454827586203,14.387078413793104,3.3825671241379305,-14.13681546551724,-11.444200697,-26.61487696551724,-6.784342269310344,12.540458793103449,14.28535420689655,4.644346553793104,-7.751445835862069,-20.60904379310345,-14.527497803448274,-28.22536586206897,2.6718491931034483,5.578263141379312,4.95513678137931,0.0,23.817521137931035,41.36822179310345,28.31031689655173,28.07604455172414,0.0,0.0,0.0,0.0,0.0083600152034482,0.0092467077310344,0.0061663850068965,0.0040347973034482,0.0,0.0,0.0
