mfcc1_sma3_1,mfcc1_sma3_2,mfcc1_sma3_3,mfcc1_sma3_4,mfcc1_sma3_5,mfcc1_sma3_6,mfcc1_sma3_7,mfcc1_sma3_8,mfcc2_sma3_1,mfcc2_sma3_2,mfcc2_sma3_3,mfcc2_sma3_4,mfcc2_sma3_5,mfcc2_sma3_6,mfcc2_sma3_7,mfcc2_sma3_8,mfcc3_sma3_1,mfcc3_sma3_2,mfcc3_sma3_3,mfcc3_sma3_4,mfcc3_sma3_5,mfcc3_sma3_6,mfcc3_sma3_7,mfcc3_sma3_8,mfcc4_sma3_1,mfcc4_sma3_2,mfcc4_sma3_3,mfcc4_sma3_4,mfcc4_sma3_5,mfcc4_sma3_6,mfcc4_sma3_7,mfcc4_sma3_8,F0semitoneFrom27.5Hz_sma3nz_1,F0semitoneFrom27.5Hz_sma3nz_2,F0semitoneFrom27.5Hz_sma3nz_3,F0semitoneFrom27.5Hz_sma3nz_4,F0semitoneFrom27.5Hz_sma3nz_5,F0semitoneFrom27.5Hz_sma3nz_6,F0semitoneFrom27.5Hz_sma3nz_7,F0semitoneFrom27.5Hz_sma3nz_8,jitterLocal_sma3nz_1,jitterLocal_sma3nz_2,jitterLocal_sma3nz_3,jitterLocal_sma3nz_4,jitterLocal_sma3nz_5,jitterLocal_sma3nz_6,jitterLocal_sma3nz_7,jitterLocal_sma3nz_8
22.19146196551724,20.01222567931034,27.80190793551724,38.26824534482759,23.408785241379316,25.163437758620688,30.88159072413793,26.224388888888885,26.49963455172413,4.612199912413794,0.6282670068965517,-2.410745368275862,8.061999659310345,24.4443815,13.064854513793106,26.718968500000003,15.488076568965516,36.19455886206896,11.207309755172412,-14.554511832275862,26.13083089655173,20.811657289655173,6.752736465517242,12.566700511111108,7.243161555172414,9.105467206896552,2.750846693103448,-15.447170689655174,-3.695198469310345,-3.855314087931035,-24.83862693448276,-5.782379752777778,0.0,26.93727358620689,30.23772203448276,32.03973,15.113434517241382,20.215934310344824,16.885492448275865,0.0,0.0,0.0163042924689655,0.0113588128068965,0.0191621517965517,0.0033468627724137,0.0274117498620689,0.0037717787068965,0.0
