mfcc1_sma3_1,mfcc1_sma3_2,mfcc1_sma3_3,mfcc1_sma3_4,mfcc1_sma3_5,mfcc1_sma3_6,mfcc1_sma3_7,mfcc1_sma3_8,mfcc2_sma3_1,mfcc2_sma3_2,mfcc2_sma3_3,mfcc2_sma3_4,mfcc2_sma3_5,mfcc2_sma3_6,mfcc2_sma3_7,mfcc2_sma3_8,mfcc3_sma3_1,mfcc3_sma3_2,mfcc3_sma3_3,mfcc3_sma3_4,mfcc3_sma3_5,mfcc3_sma3_6,mfcc3_sma3_7,mfcc3_sma3_8,mfcc4_sma3_1,mfcc4_sma3_2,mfcc4_sma3_3,mfcc4_sma3_4,mfcc4_sma3_5,mfcc4_sma3_6,mfcc4_sma3_7,mfcc4_sma3_8,F0semitoneFrom27.5Hz_sma3nz_1,F0semitoneFrom27.5Hz_sma3nz_2,F0semitoneFrom27.5Hz_sma3nz_3,F0semitoneFrom27.5Hz_sma3nz_4,F0semitoneFrom27.5Hz_sma3nz_5,F0semitoneFrom27.5Hz_sma3nz_6,F0semitoneFrom27.5Hz_sma3nz_7,F0semitoneFrom27.5Hz_sma3nz_8,jitterLocal_sma3nz_1,jitterLocal_sma3nz_2,jitterLocal_sma3nz_3,jitterLocal_sma3nz_4,jitterLocal_sma3nz_5,jitterLocal_sma3nz_6,jitterLocal_sma3nz_7,jitterLocal_sma3nz_8
22.46605937837837,21.22450854054054,9.095679622432431,22.473678972972976,29.322540945945946,25.839767297297293,19.926637116216217,21.400214675675677,27.537568486486485,2.366480788027028,24.189021227027027,-3.628457189999999,15.921852033513511,-6.478076039648649,19.57419405405405,25.981010135135136,12.276359729729728,10.871516751351354,18.11058788108108,6.499657743243244,6.307965897297297,-0.4766386216216215,16.6936332027027,11.835062799999998,4.768638451621621,-3.856647676756758,9.936996734864865,-3.9393286965675673,-20.999448859459463,-5.820264459189189,2.701424080081081,6.4146826640540535,0.0,24.123314837837835,10.64672608108108,21.54936067567568,26.399107108108108,17.277707837837838,0.0,0.0,0.0,0.0154924465972973,0.0046104978378378,0.0070370804513513,0.0084507826297297,0.0248624432621621,0.0,0.0
