mfcc1_sma3_1,mfcc1_sma3_2,mfcc1_sma3_3,mfcc1_sma3_4,mfcc1_sma3_5,mfcc1_sma3_6,mfcc1_sma3_7,mfcc1_sma3_8,mfcc2_sma3_1,mfcc2_sma3_2,mfcc2_sma3_3,mfcc2_sma3_4,mfcc2_sma3_5,mfcc2_sma3_6,mfcc2_sma3_7,mfcc2_sma3_8,mfcc3_sma3_1,mfcc3_sma3_2,mfcc3_sma3_3,mfcc3_sma3_4,mfcc3_sma3_5,mfcc3_sma3_6,mfcc3_sma3_7,mfcc3_sma3_8,mfcc4_sma3_1,mfcc4_sma3_2,mfcc4_sma3_3,mfcc4_sma3_4,mfcc4_sma3_5,mfcc4_sma3_6,mfcc4_sma3_7,mfcc4_sma3_8,F0semitoneFrom27.5Hz_sma3nz_1,F0semitoneFrom27.5Hz_sma3nz_2,F0semitoneFrom27.5Hz_sma3nz_3,F0semitoneFrom27.5Hz_sma3nz_4,F0semitoneFrom27.5Hz_sma3nz_5,F0semitoneFrom27.5Hz_sma3nz_6,F0semitoneFrom27.5Hz_sma3nz_7,F0semitoneFrom27.5Hz_sma3nz_8,jitterLocal_sma3nz_1,jitterLocal_sma3nz_2,jitterLocal_sma3nz_3,jitterLocal_sma3nz_4,jitterLocal_sma3nz_5,jitterLocal_sma3nz_6,jitterLocal_sma3nz_7,jitterLocal_sma3nz_8
21.647600217391304,20.746717695652173,26.601024478260864,24.191159130434784,27.792796891304345,13.587854939130436,20.418321217391306,18.89991152857143,24.98411704347826,17.140500682608696,7.102114141739131,10.645891624782609,11.402941664347823,-0.2511609330434781,12.35271046956522,24.8691055,13.899982217391305,16.353341782608695,0.3157010549565216,20.330585317391307,16.715542152173914,21.65630504347826,20.67495545652174,18.823576892857144,4.830047668260869,3.1230324030434784,-15.212442546521736,-2.410050953478261,-6.2470615260869575,-7.566432242608696,-1.9289963282608693,3.078562627142857,0.0,0.0,22.439006304347824,13.028300782608698,8.79120895652174,0.0,0.0,0.0,0.0,0.0,0.0092182132608695,0.0083538292869565,0.0030108331521739,0.0,0.0,0.0
