mfcc1_sma3_1,mfcc1_sma3_2,mfcc1_sma3_3,mfcc1_sma3_4,mfcc1_sma3_5,mfcc1_sma3_6,mfcc1_sma3_7,mfcc1_sma3_8,mfcc2_sma3_1,mfcc2_sma3_2,mfcc2_sma3_3,mfcc2_sma3_4,mfcc2_sma3_5,mfcc2_sma3_6,mfcc2_sma3_7,mfcc2_sma3_8,mfcc3_sma3_1,mfcc3_sma3_2,mfcc3_sma3_3,mfcc3_sma3_4,mfcc3_sma3_5,mfcc3_sma3_6,mfcc3_sma3_7,mfcc3_sma3_8,mfcc4_sma3_1,mfcc4_sma3_2,mfcc4_sma3_3,mfcc4_sma3_4,mfcc4_sma3_5,mfcc4_sma3_6,mfcc4_sma3_7,mfcc4_sma3_8,F0semitoneFrom27.5Hz_sma3nz_1,F0semitoneFrom27.5Hz_sma3nz_2,F0semitoneFrom27.5Hz_sma3nz_3,F0semitoneFrom27.5Hz_sma3nz_4,F0semitoneFrom27.5Hz_sma3nz_5,F0semitoneFrom27.5Hz_sma3nz_6,F0semitoneFrom27.5Hz_sma3nz_7,F0semitoneFrom27.5Hz_sma3nz_8,jitterLocal_sma3nz_1,jitterLocal_sma3nz_2,jitterLocal_sma3nz_3,jitterLocal_sma3nz_4,jitterLocal_sma3nz_5,jitterLocal_sma3nz_6,jitterLocal_sma3nz_7,jitterLocal_sma3nz_8
20.142377,30.587604863636365,33.96651527272727,19.123093818181815,28.05126909090909,33.07043004545455,18.466160487272727,20.913837954545453,11.293909254545454,0.5547209954545453,-6.018713859400001,15.168235429090908,15.858776522727272,-15.777833145454547,21.736605563636367,24.73675536363636,9.382669589090908,-4.2413840640909095,-12.02901475,10.316421022727273,-0.0374592363636363,-19.77442952272727,-0.3875296136363634,13.553611931818182,7.651204295454545,-21.60076204545454,-16.217289145454544,-6.982681940454546,-8.442192163181819,-6.438162815454546,-2.637679354545454,5.648926736818182,9.669560136363636,35.00505195454545,40.07737,27.62366740909091,23.075361363636365,26.477972090909088,2.8273193181818184,0.0,0.002615165840909,0.0068781006590909,0.0119980349136363,0.0122432974181818,0.00965677865,0.0075907282136363,0.0009104769545454,0.0
