mfcc1_sma3_1,mfcc1_sma3_2,mfcc1_sma3_3,mfcc1_sma3_4,mfcc1_sma3_5,mfcc1_sma3_6,mfcc1_sma3_7,mfcc1_sma3_8,mfcc2_sma3_1,mfcc2_sma3_2,mfcc2_sma3_3,mfcc2_sma3_4,mfcc2_sma3_5,mfcc2_sma3_6,mfcc2_sma3_7,mfcc2_sma3_8,mfcc3_sma3_1,mfcc3_sma3_2,mfcc3_sma3_3,mfcc3_sma3_4,mfcc3_sma3_5,mfcc3_sma3_6,mfcc3_sma3_7,mfcc3_sma3_8,mfcc4_sma3_1,mfcc4_sma3_2,mfcc4_sma3_3,mfcc4_sma3_4,mfcc4_sma3_5,mfcc4_sma3_6,mfcc4_sma3_7,mfcc4_sma3_8,F0semitoneFrom27.5Hz_sma3nz_1,F0semitoneFrom27.5Hz_sma3nz_2,F0semitoneFrom27.5Hz_sma3nz_3,F0semitoneFrom27.5Hz_sma3nz_4,F0semitoneFrom27.5Hz_sma3nz_5,F0semitoneFrom27.5Hz_sma3nz_6,F0semitoneFrom27.5Hz_sma3nz_7,F0semitoneFrom27.5Hz_sma3nz_8,jitterLocal_sma3nz_1,jitterLocal_sma3nz_2,jitterLocal_sma3nz_3,jitterLocal_sma3nz_4,jitterLocal_sma3nz_5,jitterLocal_sma3nz_6,jitterLocal_sma3nz_7,jitterLocal_sma3nz_8
21.01522995652174,20.086481260869565,28.78087208695652,28.20200282608696,24.63645434782609,20.05437382608696,17.825260478260873,20.62666139285714,23.05335665217391,20.29965729565217,4.258804260869565,-7.060766058260873,-0.825410752173913,-4.129649273217391,12.493626660869564,19.870039464285718,15.9525862173913,15.081834473913046,-8.037319219130437,9.014667830434782,-22.498650560869567,-5.954529265217394,24.552332565217384,15.66984419642857,6.4457409304347815,-3.246094441304349,-43.16906752173913,-14.154960652173914,-34.36169115217392,-5.920076934782609,4.822019380869565,9.25010703214286,0.0,13.27114713043478,39.14741082608696,25.94505573913043,39.877991782608696,7.615846000000001,0.0,0.0,0.0,0.0028175394782608,0.0205799677695652,0.0073386146434782,0.038942354173913,0.0022197224130434,0.0,0.0
