mfcc1_sma3_1,mfcc1_sma3_2,mfcc1_sma3_3,mfcc1_sma3_4,mfcc1_sma3_5,mfcc1_sma3_6,mfcc1_sma3_7,mfcc1_sma3_8,mfcc2_sma3_1,mfcc2_sma3_2,mfcc2_sma3_3,mfcc2_sma3_4,mfcc2_sma3_5,mfcc2_sma3_6,mfcc2_sma3_7,mfcc2_sma3_8,mfcc3_sma3_1,mfcc3_sma3_2,mfcc3_sma3_3,mfcc3_sma3_4,mfcc3_sma3_5,mfcc3_sma3_6,mfcc3_sma3_7,mfcc3_sma3_8,mfcc4_sma3_1,mfcc4_sma3_2,mfcc4_sma3_3,mfcc4_sma3_4,mfcc4_sma3_5,mfcc4_sma3_6,mfcc4_sma3_7,mfcc4_sma3_8,F0semitoneFrom27.5Hz_sma3nz_1,F0semitoneFrom27.5Hz_sma3nz_2,F0semitoneFrom27.5Hz_sma3nz_3,F0semitoneFrom27.5Hz_sma3nz_4,F0semitoneFrom27.5Hz_sma3nz_5,F0semitoneFrom27.5Hz_sma3nz_6,F0semitoneFrom27.5Hz_sma3nz_7,F0semitoneFrom27.5Hz_sma3nz_8,jitterLocal_sma3nz_1,jitterLocal_sma3nz_2,jitterLocal_sma3nz_3,jitterLocal_sma3nz_4,jitterLocal_sma3nz_5,jitterLocal_sma3nz_6,jitterLocal_sma3nz_7,jitterLocal_sma3nz_8
21.47103015384615,23.39255569230769,25.79230996153846,31.761846846153844,24.03182448076923,29.352558038461535,24.69229426923077,20.255182766666668,25.34831673076923,10.749847825769232,-7.526747419230769,-8.867979871153846,12.389184161538465,7.654327369230769,10.579651396153848,24.73053743333333,13.349788019230768,16.61033344230769,9.727935282307694,-2.734769688461538,0.1986855846153847,9.025948072307692,28.03875873076923,12.915984483333334,5.2927002011538455,-9.176312153846157,-22.95543323846154,-11.16980847423077,1.117902013846154,-19.326804273076924,-4.586057594615385,4.814564983333333,0.0,20.81069476923077,24.27926507692308,13.353252923076925,17.723226615384615,16.33921207692308,8.880460423076922,0.0,0.0,0.0106637998461538,0.0110504904230769,0.0014789455461538,0.0138115085384615,0.0097459297115384,0.0014906067461538,0.0
