mfcc1_sma3_1,mfcc1_sma3_2,mfcc1_sma3_3,mfcc1_sma3_4,mfcc1_sma3_5,mfcc1_sma3_6,mfcc1_sma3_7,mfcc1_sma3_8,mfcc2_sma3_1,mfcc2_sma3_2,mfcc2_sma3_3,mfcc2_sma3_4,mfcc2_sma3_5,mfcc2_sma3_6,mfcc2_sma3_7,mfcc2_sma3_8,mfcc3_sma3_1,mfcc3_sma3_2,mfcc3_sma3_3,mfcc3_sma3_4,mfcc3_sma3_5,mfcc3_sma3_6,mfcc3_sma3_7,mfcc3_sma3_8,mfcc4_sma3_1,mfcc4_sma3_2,mfcc4_sma3_3,mfcc4_sma3_4,mfcc4_sma3_5,mfcc4_sma3_6,mfcc4_sma3_7,mfcc4_sma3_8,F0semitoneFrom27.5Hz_sma3nz_1,F0semitoneFrom27.5Hz_sma3nz_2,F0semitoneFrom27.5Hz_sma3nz_3,F0semitoneFrom27.5Hz_sma3nz_4,F0semitoneFrom27.5Hz_sma3nz_5,F0semitoneFrom27.5Hz_sma3nz_6,F0semitoneFrom27.5Hz_sma3nz_7,F0semitoneFrom27.5Hz_sma3nz_8,jitterLocal_sma3nz_1,jitterLocal_sma3nz_2,jitterLocal_sma3nz_3,jitterLocal_sma3nz_4,jitterLocal_sma3nz_5,jitterLocal_sma3nz_6,jitterLocal_sma3nz_7,jitterLocal_sma3nz_8
20.8025113,21.14755675,36.28735563333334,18.38843405,19.035891979999995,24.79922918666667,16.817063516666664,19.422409444444444,27.601910733333337,15.317602611000003,8.263170460000001,19.109318729,14.9362322,6.873681201333333,16.304709383333332,16.369621802777782,11.904932203333336,9.44896605,-0.1374750266666665,8.683757982333333,11.160827706666664,-7.347184263333333,18.4066688,16.008204027777776,6.1585169,2.408867022166667,-13.443137806666668,-2.0115555966666663,-3.0732634406666666,-12.910245543333335,6.853136923333334,12.457580591666664,0.0,6.4500079333333336,28.121083533333334,7.884643299999999,10.808141233333334,0.0,0.0,0.0,0.0,0.0039337295666666,0.05856193042,0.00359986593,0.0045654687133333,0.0,0.0,0.0
