mfcc1_sma3_1,mfcc1_sma3_2,mfcc1_sma3_3,mfcc1_sma3_4,mfcc1_sma3_5,mfcc1_sma3_6,mfcc1_sma3_7,mfcc1_sma3_8,mfcc2_sma3_1,mfcc2_sma3_2,mfcc2_sma3_3,mfcc2_sma3_4,mfcc2_sma3_5,mfcc2_sma3_6,mfcc2_sma3_7,mfcc2_sma3_8,mfcc3_sma3_1,mfcc3_sma3_2,mfcc3_sma3_3,mfcc3_sma3_4,mfcc3_sma3_5,mfcc3_sma3_6,mfcc3_sma3_7,mfcc3_sma3_8,mfcc4_sma3_1,mfcc4_sma3_2,mfcc4_sma3_3,mfcc4_sma3_4,mfcc4_sma3_5,mfcc4_sma3_6,mfcc4_sma3_7,mfcc4_sma3_8,F0semitoneFrom27.5Hz_sma3nz_1,F0semitoneFrom27.5Hz_sma3nz_2,F0semitoneFrom27.5Hz_sma3nz_3,F0semitoneFrom27.5Hz_sma3nz_4,F0semitoneFrom27.5Hz_sma3nz_5,F0semitoneFrom27.5Hz_sma3nz_6,F0semitoneFrom27.5Hz_sma3nz_7,F0semitoneFrom27.5Hz_sma3nz_8,jitterLocal_sma3nz_1,jitterLocal_sma3nz_2,jitterLocal_sma3nz_3,jitterLocal_sma3nz_4,jitterLocal_sma3nz_5,jitterLocal_sma3nz_6,jitterLocal_sma3nz_7,jitterLocal_sma3nz_8
21.06470412820513,21.859504887692307,17.265189682051282,25.31298808974359,34.05426664102564,29.884604358974368,12.645391275897438,20.788176897435896,25.125079025641025,25.213516051282053,-0.788580128205127,2.1725957620512824,9.090191461025642,7.0461925323076935,24.217272546153847,27.258749948717952,13.468363243589742,7.939050824358974,-0.3834032025641026,11.606743189743591,-7.964512609487179,18.07969658205128,7.43102878728205,16.24188882051282,5.363057670153846,-15.482571337692308,-25.220850623076924,-11.845085872820514,-44.48532848717948,-13.299193626256413,0.6259217879487178,6.997129076923077,0.0,9.495067871794872,11.395957410256411,15.102678076923077,19.806325179487175,16.763535128205127,0.0,0.0,0.0,0.0010392109384615,0.0041242538076923,0.021416236825641,0.0074403320897435,0.0090427574307692,0.0,0.0
