mfcc1_sma3_1,mfcc1_sma3_2,mfcc1_sma3_3,mfcc1_sma3_4,mfcc1_sma3_5,mfcc1_sma3_6,mfcc1_sma3_7,mfcc1_sma3_8,mfcc2_sma3_1,mfcc2_sma3_2,mfcc2_sma3_3,mfcc2_sma3_4,mfcc2_sma3_5,mfcc2_sma3_6,mfcc2_sma3_7,mfcc2_sma3_8,mfcc3_sma3_1,mfcc3_sma3_2,mfcc3_sma3_3,mfcc3_sma3_4,mfcc3_sma3_5,mfcc3_sma3_6,mfcc3_sma3_7,mfcc3_sma3_8,mfcc4_sma3_1,mfcc4_sma3_2,mfcc4_sma3_3,mfcc4_sma3_4,mfcc4_sma3_5,mfcc4_sma3_6,mfcc4_sma3_7,mfcc4_sma3_8,F0semitoneFrom27.5Hz_sma3nz_1,F0semitoneFrom27.5Hz_sma3nz_2,F0semitoneFrom27.5Hz_sma3nz_3,F0semitoneFrom27.5Hz_sma3nz_4,F0semitoneFrom27.5Hz_sma3nz_5,F0semitoneFrom27.5Hz_sma3nz_6,F0semitoneFrom27.5Hz_sma3nz_7,F0semitoneFrom27.5Hz_sma3nz_8,jitterLocal_sma3nz_1,jitterLocal_sma3nz_2,jitterLocal_sma3nz_3,jitterLocal_sma3nz_4,jitterLocal_sma3nz_5,jitterLocal_sma3nz_6,jitterLocal_sma3nz_7,jitterLocal_sma3nz_8
22.72284525,23.559062541666663,26.8967833125,30.3772915,22.27953880833333,26.678158666666672,22.970601166666665,22.075865612903225,25.955222541666668,26.431632,12.97430750916667,-6.2867561025,-13.348074270833337,-1.5545447499999998,26.155567166666668,25.634987677419357,13.943576208333337,14.057536229166669,2.1063320075,14.775234651666668,11.514631670833332,17.543220908333335,13.2018055,13.713372725806453,6.183251104166668,4.43716956125,-9.5684393375,-9.1746860475,-14.093757875,-20.5446370625,4.310047058333334,5.495207803548387,0.0,0.0,22.29920195833333,38.73406154166667,35.22131616666667,0.0,0.0,0.0,0.0,0.0,0.004381918925,0.021518377625,0.0252255275416666,0.0,0.0,0.0
