mfcc1_sma3_1,mfcc1_sma3_2,mfcc1_sma3_3,mfcc1_sma3_4,mfcc1_sma3_5,mfcc1_sma3_6,mfcc1_sma3_7,mfcc1_sma3_8,mfcc2_sma3_1,mfcc2_sma3_2,mfcc2_sma3_3,mfcc2_sma3_4,mfcc2_sma3_5,mfcc2_sma3_6,mfcc2_sma3_7,mfcc2_sma3_8,mfcc3_sma3_1,mfcc3_sma3_2,mfcc3_sma3_3,mfcc3_sma3_4,mfcc3_sma3_5,mfcc3_sma3_6,mfcc3_sma3_7,mfcc3_sma3_8,mfcc4_sma3_1,mfcc4_sma3_2,mfcc4_sma3_3,mfcc4_sma3_4,mfcc4_sma3_5,mfcc4_sma3_6,mfcc4_sma3_7,mfcc4_sma3_8,F0semitoneFrom27.5Hz_sma3nz_1,F0semitoneFrom27.5Hz_sma3nz_2,F0semitoneFrom27.5Hz_sma3nz_3,F0semitoneFrom27.5Hz_sma3nz_4,F0semitoneFrom27.5Hz_sma3nz_5,F0semitoneFrom27.5Hz_sma3nz_6,F0semitoneFrom27.5Hz_sma3nz_7,F0semitoneFrom27.5Hz_sma3nz_8,jitterLocal_sma3nz_1,jitterLocal_sma3nz_2,jitterLocal_sma3nz_3,jitterLocal_sma3nz_4,jitterLocal_sma3nz_5,jitterLocal_sma3nz_6,jitterLocal_sma3nz_7,jitterLocal_sma3nz_8
23.294234045454548,19.989721218181817,25.61104496818181,33.5509695,30.654086818181824,26.44027950000001,23.09489340909091,21.664077960000004,28.840098863636364,27.42655145454545,20.82138464090909,8.686134888181819,3.361322204545454,17.138479386363638,26.52831986363636,26.6172806,12.587005340909093,14.921948250000003,-0.8137346409090914,-10.904568404545456,-16.87870341818182,4.853325418181819,12.690313272727272,11.297370699999998,3.440814186818182,2.719403400000001,-16.297130493181815,-16.553252954545457,-15.634063295454547,8.342562731818182,5.044107768045455,4.896695163999999,0.0,5.394811590909091,28.04410236363637,25.849685181818177,19.17545895454545,0.0,0.0,0.0,0.0,0.0,0.0120281721181818,0.0112057804090909,0.0070278818636363,0.0,0.0,0.0
