mfcc1_sma3_1,mfcc1_sma3_2,mfcc1_sma3_3,mfcc1_sma3_4,mfcc1_sma3_5,mfcc1_sma3_6,mfcc1_sma3_7,mfcc1_sma3_8,mfcc2_sma3_1,mfcc2_sma3_2,mfcc2_sma3_3,mfcc2_sma3_4,mfcc2_sma3_5,mfcc2_sma3_6,mfcc2_sma3_7,mfcc2_sma3_8,mfcc3_sma3_1,mfcc3_sma3_2,mfcc3_sma3_3,mfcc3_sma3_4,mfcc3_sma3_5,mfcc3_sma3_6,mfcc3_sma3_7,mfcc3_sma3_8,mfcc4_sma3_1,mfcc4_sma3_2,mfcc4_sma3_3,mfcc4_sma3_4,mfcc4_sma3_5,mfcc4_sma3_6,mfcc4_sma3_7,mfcc4_sma3_8,F0semitoneFrom27.5Hz_sma3nz_1,F0semitoneFrom27.5Hz_sma3nz_2,F0semitoneFrom27.5Hz_sma3nz_3,F0semitoneFrom27.5Hz_sma3nz_4,F0semitoneFrom27.5Hz_sma3nz_5,F0semitoneFrom27.5Hz_sma3nz_6,F0semitoneFrom27.5Hz_sma3nz_7,F0semitoneFrom27.5Hz_sma3nz_8,jitterLocal_sma3nz_1,jitterLocal_sma3nz_2,jitterLocal_sma3nz_3,jitterLocal_sma3nz_4,jitterLocal_sma3nz_5,jitterLocal_sma3nz_6,jitterLocal_sma3nz_7,jitterLocal_sma3nz_8
22.41083204761905,21.26448133333333,21.632648809523808,15.632127523809526,23.391260714285718,15.44663019047619,20.40461221428572,27.81291484,26.91203980952381,20.11081834142857,-9.820731433333334,-3.336264729047618,2.243173787142857,16.366439266666664,5.8227333409523805,22.92649632,12.47522780952381,14.860158904761905,-3.082696117142857,8.266724042857144,-9.823003514285716,-7.904778861904761,-8.076850147619048,-1.4189487199999995,5.174748733333334,0.1706627666666664,-7.026305790476189,-17.05438579047619,-39.2940121,-19.67409772238095,-45.50204421428572,-22.504303932,0.0,14.23174966666667,40.49815647619047,36.30295804761905,41.22908176190475,12.394411333333334,28.933041523809525,0.0,0.0,0.0105681365714285,0.0213180659285714,0.0175459496761904,0.0099420326047619,0.0024709955809523,0.0030317277809523,0.0
