mfcc1_sma3_1,mfcc1_sma3_2,mfcc1_sma3_3,mfcc1_sma3_4,mfcc1_sma3_5,mfcc1_sma3_6,mfcc1_sma3_7,mfcc1_sma3_8,mfcc2_sma3_1,mfcc2_sma3_2,mfcc2_sma3_3,mfcc2_sma3_4,mfcc2_sma3_5,mfcc2_sma3_6,mfcc2_sma3_7,mfcc2_sma3_8,mfcc3_sma3_1,mfcc3_sma3_2,mfcc3_sma3_3,mfcc3_sma3_4,mfcc3_sma3_5,mfcc3_sma3_6,mfcc3_sma3_7,mfcc3_sma3_8,mfcc4_sma3_1,mfcc4_sma3_2,mfcc4_sma3_3,mfcc4_sma3_4,mfcc4_sma3_5,mfcc4_sma3_6,mfcc4_sma3_7,mfcc4_sma3_8,F0semitoneFrom27.5Hz_sma3nz_1,F0semitoneFrom27.5Hz_sma3nz_2,F0semitoneFrom27.5Hz_sma3nz_3,F0semitoneFrom27.5Hz_sma3nz_4,F0semitoneFrom27.5Hz_sma3nz_5,F0semitoneFrom27.5Hz_sma3nz_6,F0semitoneFrom27.5Hz_sma3nz_7,F0semitoneFrom27.5Hz_sma3nz_8,jitterLocal_sma3nz_1,jitterLocal_sma3nz_2,jitterLocal_sma3nz_3,jitterLocal_sma3nz_4,jitterLocal_sma3nz_5,jitterLocal_sma3nz_6,jitterLocal_sma3nz_7,jitterLocal_sma3nz_8
23.0265015,18.86309902142857,14.844634985714285,22.044245285714283,17.33263991071429,27.767365857142856,24.89327887142857,21.13353633333333,27.245849,2.151323256214286,-8.81328727607143,-7.904734776071429,4.804909628571428,6.100626611785714,14.808085953571432,24.1935511,11.665131274999998,11.260542141785717,8.41958224642857,-6.298876446035714,-7.298734339285715,5.714934321071429,15.601167342857144,9.722601137666665,4.839051265357143,-14.535182042857144,-14.178251189285715,-20.37900859428572,-1.334878026785714,-9.548662971071428,-2.3589412614285714,6.840902077,0.0,25.06913953571429,38.33023196428571,24.42904539285714,11.322983678571427,20.39875821428572,11.090370107142858,0.0,0.0,0.0095572019107142,0.00927189975,0.0182717170357142,0.001926779,0.0167167595357142,0.0066924128214285,0.0
