mfcc1_sma3_1,mfcc1_sma3_2,mfcc1_sma3_3,mfcc1_sma3_4,mfcc1_sma3_5,mfcc1_sma3_6,mfcc1_sma3_7,mfcc1_sma3_8,mfcc2_sma3_1,mfcc2_sma3_2,mfcc2_sma3_3,mfcc2_sma3_4,mfcc2_sma3_5,mfcc2_sma3_6,mfcc2_sma3_7,mfcc2_sma3_8,mfcc3_sma3_1,mfcc3_sma3_2,mfcc3_sma3_3,mfcc3_sma3_4,mfcc3_sma3_5,mfcc3_sma3_6,mfcc3_sma3_7,mfcc3_sma3_8,mfcc4_sma3_1,mfcc4_sma3_2,mfcc4_sma3_3,mfcc4_sma3_4,mfcc4_sma3_5,mfcc4_sma3_6,mfcc4_sma3_7,mfcc4_sma3_8,F0semitoneFrom27.5Hz_sma3nz_1,F0semitoneFrom27.5Hz_sma3nz_2,F0semitoneFrom27.5Hz_sma3nz_3,F0semitoneFrom27.5Hz_sma3nz_4,F0semitoneFrom27.5Hz_sma3nz_5,F0semitoneFrom27.5Hz_sma3nz_6,F0semitoneFrom27.5Hz_sma3nz_7,F0semitoneFrom27.5Hz_sma3nz_8,jitterLocal_sma3nz_1,jitterLocal_sma3nz_2,jitterLocal_sma3nz_3,jitterLocal_sma3nz_4,jitterLocal_sma3nz_5,jitterLocal_sma3nz_6,jitterLocal_sma3nz_7,jitterLocal_sma3nz_8
22.643602960000003,24.22281196,30.58795224,30.94836712,17.780997588,22.9779327344,25.31941848,22.400365225806453,28.35412644,11.66995812,6.795914612000001,11.5052620228,26.63707212,10.4942868544,2.4865485984,26.86825574193548,13.25540968,2.9208371520000003,5.472133722,3.0143888280000004,7.779485655999999,1.4123180199999996,-1.53243384,12.809121903225806,4.748945056,2.6884768148,-14.49990644,-6.698631515999999,6.828716584,3.754228968,1.6646517120000002,5.381527522580646,0.0,10.69726248,32.89536756,10.822105040000002,13.536712040000005,21.10799132,0.0,0.0,0.0,0.00531223,0.006738760676,0.01298155696,0.00711006292,0.016645342588,0.0,0.0
