mfcc1_sma3_1,mfcc1_sma3_2,mfcc1_sma3_3,mfcc1_sma3_4,mfcc1_sma3_5,mfcc1_sma3_6,mfcc1_sma3_7,mfcc1_sma3_8,mfcc2_sma3_1,mfcc2_sma3_2,mfcc2_sma3_3,mfcc2_sma3_4,mfcc2_sma3_5,mfcc2_sma3_6,mfcc2_sma3_7,mfcc2_sma3_8,mfcc3_sma3_1,mfcc3_sma3_2,mfcc3_sma3_3,mfcc3_sma3_4,mfcc3_sma3_5,mfcc3_sma3_6,mfcc3_sma3_7,mfcc3_sma3_8,mfcc4_sma3_1,mfcc4_sma3_2,mfcc4_sma3_3,mfcc4_sma3_4,mfcc4_sma3_5,mfcc4_sma3_6,mfcc4_sma3_7,mfcc4_sma3_8,F0semitoneFrom27.5Hz_sma3nz_1,F0semitoneFrom27.5Hz_sma3nz_2,F0semitoneFrom27.5Hz_sma3nz_3,F0semitoneFrom27.5Hz_sma3nz_4,F0semitoneFrom27.5Hz_sma3nz_5,F0semitoneFrom27.5Hz_sma3nz_6,F0semitoneFrom27.5Hz_sma3nz_7,F0semitoneFrom27.5Hz_sma3nz_8,jitterLocal_sma3nz_1,jitterLocal_sma3nz_2,jitterLocal_sma3nz_3,jitterLocal_sma3nz_4,jitterLocal_sma3nz_5,jitterLocal_sma3nz_6,jitterLocal_sma3nz_7,jitterLocal_sma3nz_8
22.89426055555555,23.011791,9.789643540740744,21.4906952037037,23.81818603703704,22.750157685185176,15.240311911333334,7.057471635757576,27.25462155555556,23.93632911111111,13.11494085925926,-9.859819872222223,-2.959174658888889,5.020823451851852,-2.118641225925926,22.60861609090909,12.32029587777778,9.10124031851852,-2.1526304207407407,-5.905305993333332,-2.4976744814814817,2.202275255555555,7.779667477777777,7.050553562727273,6.1182601,-7.507851051851851,-1.6608946740740744,-15.798842818518516,-14.547966064814815,-19.97902147777777,-5.481814614814815,15.389512036060609,0.0,9.733371148148148,21.627667370370368,14.287758629629629,18.220501777777777,32.074456481481484,24.03145555555556,0.0,0.0,0.0035560273074074,0.0046165268666666,0.0043784605925925,0.009048495274074,0.0115068447111111,0.004647349,0.0
