mfcc1_sma3_1,mfcc1_sma3_2,mfcc1_sma3_3,mfcc1_sma3_4,mfcc1_sma3_5,mfcc1_sma3_6,mfcc1_sma3_7,mfcc1_sma3_8,mfcc2_sma3_1,mfcc2_sma3_2,mfcc2_sma3_3,mfcc2_sma3_4,mfcc2_sma3_5,mfcc2_sma3_6,mfcc2_sma3_7,mfcc2_sma3_8,mfcc3_sma3_1,mfcc3_sma3_2,mfcc3_sma3_3,mfcc3_sma3_4,mfcc3_sma3_5,mfcc3_sma3_6,mfcc3_sma3_7,mfcc3_sma3_8,mfcc4_sma3_1,mfcc4_sma3_2,mfcc4_sma3_3,mfcc4_sma3_4,mfcc4_sma3_5,mfcc4_sma3_6,mfcc4_sma3_7,mfcc4_sma3_8,F0semitoneFrom27.5Hz_sma3nz_1,F0semitoneFrom27.5Hz_sma3nz_2,F0semitoneFrom27.5Hz_sma3nz_3,F0semitoneFrom27.5Hz_sma3nz_4,F0semitoneFrom27.5Hz_sma3nz_5,F0semitoneFrom27.5Hz_sma3nz_6,F0semitoneFrom27.5Hz_sma3nz_7,F0semitoneFrom27.5Hz_sma3nz_8,jitterLocal_sma3nz_1,jitterLocal_sma3nz_2,jitterLocal_sma3nz_3,jitterLocal_sma3nz_4,jitterLocal_sma3nz_5,jitterLocal_sma3nz_6,jitterLocal_sma3nz_7,jitterLocal_sma3nz_8
23.090332769230766,17.544913769230767,12.190220430769232,17.901871992307694,8.584495923461539,13.543369723076925,17.930015165384614,23.14798837037037,27.48036661538461,23.59360025,1.9619468230769237,7.685398480769231,18.402964893076923,13.285854996153846,1.846691057692308,22.88131383703704,11.437420269230769,5.741379629288462,-4.707839829230769,6.9928916130769245,8.757666388461537,0.6064554522692311,13.399223597307692,15.509371074074076,5.924669826923077,2.913654034615384,1.6859276769230769,-0.2337723523076925,6.186339757692308,-3.8869454307692304,-13.389615246153848,8.137975662962964,0.0,12.02819196153846,27.067924730769235,15.11613803846154,18.71653330769231,24.821957923076923,2.9433453846153848,0.0,0.0,0.0043712288653846,0.0054260643192307,0.0018863148923076,0.0119801104807692,0.0164906660153846,0.0007059939230769,0.0
