mfcc1_sma3_1,mfcc1_sma3_2,mfcc1_sma3_3,mfcc1_sma3_4,mfcc1_sma3_5,mfcc1_sma3_6,mfcc1_sma3_7,mfcc1_sma3_8,mfcc2_sma3_1,mfcc2_sma3_2,mfcc2_sma3_3,mfcc2_sma3_4,mfcc2_sma3_5,mfcc2_sma3_6,mfcc2_sma3_7,mfcc2_sma3_8,mfcc3_sma3_1,mfcc3_sma3_2,mfcc3_sma3_3,mfcc3_sma3_4,mfcc3_sma3_5,mfcc3_sma3_6,mfcc3_sma3_7,mfcc3_sma3_8,mfcc4_sma3_1,mfcc4_sma3_2,mfcc4_sma3_3,mfcc4_sma3_4,mfcc4_sma3_5,mfcc4_sma3_6,mfcc4_sma3_7,mfcc4_sma3_8,F0semitoneFrom27.5Hz_sma3nz_1,F0semitoneFrom27.5Hz_sma3nz_2,F0semitoneFrom27.5Hz_sma3nz_3,F0semitoneFrom27.5Hz_sma3nz_4,F0semitoneFrom27.5Hz_sma3nz_5,F0semitoneFrom27.5Hz_sma3nz_6,F0semitoneFrom27.5Hz_sma3nz_7,F0semitoneFrom27.5Hz_sma3nz_8,jitterLocal_sma3nz_1,jitterLocal_sma3nz_2,jitterLocal_sma3nz_3,jitterLocal_sma3nz_4,jitterLocal_sma3nz_5,jitterLocal_sma3nz_6,jitterLocal_sma3nz_7,jitterLocal_sma3nz_8
20.916406466666672,24.187730680000005,25.44527255333333,20.47441706866667,18.847349573333336,16.19919927,14.878627672333335,20.390187861111112,24.235237700000003,12.639203326666664,5.627633633566668,-3.210963986666667,5.332546624,-21.598150834,18.018597436666663,25.20893183333333,14.57353418333333,5.246759413333333,-8.264258026666665,15.85110358666667,14.735426501,8.222787789666667,15.27704693,12.820354180555556,4.985278156666666,-15.437715429833332,-13.046479913333332,-25.33823258866666,-12.628909817333332,-27.43228183333333,-7.613717911533333,5.183600688888889,0.0,17.59051606666667,20.55883593333333,28.0798937,18.6829878,24.212535466666665,0.0,0.0,0.0,0.0040668478633333,0.0064798488666666,0.0485473059666666,0.0084894189733333,0.0031433139033333,0.0,0.0
