mfcc1_sma3_1,mfcc1_sma3_2,mfcc1_sma3_3,mfcc1_sma3_4,mfcc1_sma3_5,mfcc1_sma3_6,mfcc1_sma3_7,mfcc1_sma3_8,mfcc2_sma3_1,mfcc2_sma3_2,mfcc2_sma3_3,mfcc2_sma3_4,mfcc2_sma3_5,mfcc2_sma3_6,mfcc2_sma3_7,mfcc2_sma3_8,mfcc3_sma3_1,mfcc3_sma3_2,mfcc3_sma3_3,mfcc3_sma3_4,mfcc3_sma3_5,mfcc3_sma3_6,mfcc3_sma3_7,mfcc3_sma3_8,mfcc4_sma3_1,mfcc4_sma3_2,mfcc4_sma3_3,mfcc4_sma3_4,mfcc4_sma3_5,mfcc4_sma3_6,mfcc4_sma3_7,mfcc4_sma3_8,F0semitoneFrom27.5Hz_sma3nz_1,F0semitoneFrom27.5Hz_sma3nz_2,F0semitoneFrom27.5Hz_sma3nz_3,F0semitoneFrom27.5Hz_sma3nz_4,F0semitoneFrom27.5Hz_sma3nz_5,F0semitoneFrom27.5Hz_sma3nz_6,F0semitoneFrom27.5Hz_sma3nz_7,F0semitoneFrom27.5Hz_sma3nz_8,jitterLocal_sma3nz_1,jitterLocal_sma3nz_2,jitterLocal_sma3nz_3,jitterLocal_sma3nz_4,jitterLocal_sma3nz_5,jitterLocal_sma3nz_6,jitterLocal_sma3nz_7,jitterLocal_sma3nz_8
17.799237863636368,23.480391090909087,18.47135997272727,27.82125509090909,27.34220945454545,19.293105675757577,31.579644545454546,20.46549897142857,15.33167009090909,10.196077433333333,4.963720869393939,-10.71867112878788,4.373003611515151,6.654613715151515,16.371691532121215,22.6829046,17.860917196969694,23.25323121212121,22.766714157575755,-5.537477538787879,3.812551751515152,14.85028243636364,-1.1291455321212125,12.173472851428572,6.786504051515151,3.587095006060607,-6.460437228484849,-38.28926674242424,-21.658354278787883,-6.080920805151515,-49.698551696969695,4.084095250571429,0.0,19.725231363636365,32.887644666666674,36.34382803030303,28.11859,16.14768709090909,13.751643636363635,0.0,0.0,0.022188504060606,0.0220126521060606,0.0162586327424242,0.0143095585242424,0.009185006,0.0135874855151515,0.0
