mfcc1_sma3_1,mfcc1_sma3_2,mfcc1_sma3_3,mfcc1_sma3_4,mfcc1_sma3_5,mfcc1_sma3_6,mfcc1_sma3_7,mfcc1_sma3_8,mfcc2_sma3_1,mfcc2_sma3_2,mfcc2_sma3_3,mfcc2_sma3_4,mfcc2_sma3_5,mfcc2_sma3_6,mfcc2_sma3_7,mfcc2_sma3_8,mfcc3_sma3_1,mfcc3_sma3_2,mfcc3_sma3_3,mfcc3_sma3_4,mfcc3_sma3_5,mfcc3_sma3_6,mfcc3_sma3_7,mfcc3_sma3_8,mfcc4_sma3_1,mfcc4_sma3_2,mfcc4_sma3_3,mfcc4_sma3_4,mfcc4_sma3_5,mfcc4_sma3_6,mfcc4_sma3_7,mfcc4_sma3_8,F0semitoneFrom27.5Hz_sma3nz_1,F0semitoneFrom27.5Hz_sma3nz_2,F0semitoneFrom27.5Hz_sma3nz_3,F0semitoneFrom27.5Hz_sma3nz_4,F0semitoneFrom27.5Hz_sma3nz_5,F0semitoneFrom27.5Hz_sma3nz_6,F0semitoneFrom27.5Hz_sma3nz_7,F0semitoneFrom27.5Hz_sma3nz_8,jitterLocal_sma3nz_1,jitterLocal_sma3nz_2,jitterLocal_sma3nz_3,jitterLocal_sma3nz_4,jitterLocal_sma3nz_5,jitterLocal_sma3nz_6,jitterLocal_sma3nz_7,jitterLocal_sma3nz_8
20.90226665789473,21.28058302631579,18.028001578947368,15.172783574736846,23.16928915789474,27.6220275,22.890386721052632,21.264146675,24.228253868421053,16.915937392894737,8.433834758684212,6.596860921052632,22.499596894736843,-3.822262182894736,18.484433452631578,25.192955325000003,12.583642539473685,9.815222257894735,8.665751939473683,1.1971665430526317,25.158655986842103,-3.602590105263158,9.26500340789474,10.9746826575,6.242634752631578,2.1263112331578946,-2.837040149473685,-2.926525063157895,2.7910898286842105,-12.751077256842104,0.1174037567105262,5.685993575,0.0,10.611125868421052,18.501256736842105,21.110407052631576,18.0306935,21.640783789473684,1.4629065263157894,0.0,0.0,0.0029946529763157,0.0125431002894736,0.0120172065263157,0.014004975218421,0.0112011662473684,2.288994210526316e-05,0.0
