mfcc1_sma3_1,mfcc1_sma3_2,mfcc1_sma3_3,mfcc1_sma3_4,mfcc1_sma3_5,mfcc1_sma3_6,mfcc1_sma3_7,mfcc1_sma3_8,mfcc2_sma3_1,mfcc2_sma3_2,mfcc2_sma3_3,mfcc2_sma3_4,mfcc2_sma3_5,mfcc2_sma3_6,mfcc2_sma3_7,mfcc2_sma3_8,mfcc3_sma3_1,mfcc3_sma3_2,mfcc3_sma3_3,mfcc3_sma3_4,mfcc3_sma3_5,mfcc3_sma3_6,mfcc3_sma3_7,mfcc3_sma3_8,mfcc4_sma3_1,mfcc4_sma3_2,mfcc4_sma3_3,mfcc4_sma3_4,mfcc4_sma3_5,mfcc4_sma3_6,mfcc4_sma3_7,mfcc4_sma3_8,F0semitoneFrom27.5Hz_sma3nz_1,F0semitoneFrom27.5Hz_sma3nz_2,F0semitoneFrom27.5Hz_sma3nz_3,F0semitoneFrom27.5Hz_sma3nz_4,F0semitoneFrom27.5Hz_sma3nz_5,F0semitoneFrom27.5Hz_sma3nz_6,F0semitoneFrom27.5Hz_sma3nz_7,F0semitoneFrom27.5Hz_sma3nz_8,jitterLocal_sma3nz_1,jitterLocal_sma3nz_2,jitterLocal_sma3nz_3,jitterLocal_sma3nz_4,jitterLocal_sma3nz_5,jitterLocal_sma3nz_6,jitterLocal_sma3nz_7,jitterLocal_sma3nz_8
20.284129642857145,15.357224767857144,19.840368125,22.880270285714285,20.00344767857143,23.177018392857143,22.14457482142858,20.098293515151514,25.40130867857143,-7.824421842857143,-7.742391297857142,-3.9850705966785713,-4.0256443285714285,-6.734237809999999,-8.58158256642857,17.702831360606062,13.437583267857145,1.1143516841071426,-9.169199533214286,16.461272785714282,-8.042489900000001,-12.819961084285712,-10.407800207142856,10.67967918909091,5.362402308571427,-30.04879899535715,-40.041484857142855,-12.910724589285712,-57.30252132142856,-25.91319779357143,-35.06562986464285,8.75106531212121,0.0,30.4690015,39.83545042857144,37.65403207142857,40.95500932142857,24.650818285714283,6.24004625,0.0,0.0,0.0085679648571428,0.0260987000785714,0.0205700638964285,0.0465531235928571,0.0044870711107142,0.0019738625642857,0.0
