mfcc1_sma3_1,mfcc1_sma3_2,mfcc1_sma3_3,mfcc1_sma3_4,mfcc1_sma3_5,mfcc1_sma3_6,mfcc1_sma3_7,mfcc1_sma3_8,mfcc2_sma3_1,mfcc2_sma3_2,mfcc2_sma3_3,mfcc2_sma3_4,mfcc2_sma3_5,mfcc2_sma3_6,mfcc2_sma3_7,mfcc2_sma3_8,mfcc3_sma3_1,mfcc3_sma3_2,mfcc3_sma3_3,mfcc3_sma3_4,mfcc3_sma3_5,mfcc3_sma3_6,mfcc3_sma3_7,mfcc3_sma3_8,mfcc4_sma3_1,mfcc4_sma3_2,mfcc4_sma3_3,mfcc4_sma3_4,mfcc4_sma3_5,mfcc4_sma3_6,mfcc4_sma3_7,mfcc4_sma3_8,F0semitoneFrom27.5Hz_sma3nz_1,F0semitoneFrom27.5Hz_sma3nz_2,F0semitoneFrom27.5Hz_sma3nz_3,F0semitoneFrom27.5Hz_sma3nz_4,F0semitoneFrom27.5Hz_sma3nz_5,F0semitoneFrom27.5Hz_sma3nz_6,F0semitoneFrom27.5Hz_sma3nz_7,F0semitoneFrom27.5Hz_sma3nz_8,jitterLocal_sma3nz_1,jitterLocal_sma3nz_2,jitterLocal_sma3nz_3,jitterLocal_sma3nz_4,jitterLocal_sma3nz_5,jitterLocal_sma3nz_6,jitterLocal_sma3nz_7,jitterLocal_sma3nz_8
19.81029067567568,20.676794405405406,20.344951216216216,24.12975354054054,31.66155143243244,22.70758721108108,25.30997256756757,20.979208975,23.059830486486486,24.699466324324323,24.108764432432437,6.348143825675676,1.037384496216216,19.95253874864865,18.642930667567565,25.635524125,15.139185432432429,14.392536621621622,12.803465378378377,4.694046742162161,1.511502051891892,7.670107278378379,5.6571181,13.52388976,4.93528171072973,5.408110237837836,3.616361091621622,-4.543929184864865,-8.102955465675675,-5.411592558648649,4.276291828918918,5.36908268,0.0,0.0,0.0,16.971350783783784,9.809195594594597,7.156385162162162,0.0,0.0,0.0,0.0,0.0,0.0095596827972972,0.0142572998378378,0.0021904847567567,0.0,0.0
