mfcc1_sma3_1,mfcc1_sma3_2,mfcc1_sma3_3,mfcc1_sma3_4,mfcc1_sma3_5,mfcc1_sma3_6,mfcc1_sma3_7,mfcc1_sma3_8,mfcc2_sma3_1,mfcc2_sma3_2,mfcc2_sma3_3,mfcc2_sma3_4,mfcc2_sma3_5,mfcc2_sma3_6,mfcc2_sma3_7,mfcc2_sma3_8,mfcc3_sma3_1,mfcc3_sma3_2,mfcc3_sma3_3,mfcc3_sma3_4,mfcc3_sma3_5,mfcc3_sma3_6,mfcc3_sma3_7,mfcc3_sma3_8,mfcc4_sma3_1,mfcc4_sma3_2,mfcc4_sma3_3,mfcc4_sma3_4,mfcc4_sma3_5,mfcc4_sma3_6,mfcc4_sma3_7,mfcc4_sma3_8,F0semitoneFrom27.5Hz_sma3nz_1,F0semitoneFrom27.5Hz_sma3nz_2,F0semitoneFrom27.5Hz_sma3nz_3,F0semitoneFrom27.5Hz_sma3nz_4,F0semitoneFrom27.5Hz_sma3nz_5,F0semitoneFrom27.5Hz_sma3nz_6,F0semitoneFrom27.5Hz_sma3nz_7,F0semitoneFrom27.5Hz_sma3nz_8,jitterLocal_sma3nz_1,jitterLocal_sma3nz_2,jitterLocal_sma3nz_3,jitterLocal_sma3nz_4,jitterLocal_sma3nz_5,jitterLocal_sma3nz_6,jitterLocal_sma3nz_7,jitterLocal_sma3nz_8
22.344723,19.194409368421056,17.95109932368421,18.78725764473684,28.744621184210526,18.71503561842105,28.272648421052637,22.81898605,24.296377000000003,5.398205017631579,-1.966013724605264,-13.396270848421054,9.482474585789474,2.4259199052631577,20.02979101315789,26.311763475,12.714335731578949,23.94089848684211,-0.0082467105263155,-15.84941483236842,-5.4729829263157885,-7.67449405263158,-14.82026490789474,14.5456106625,6.606404554473685,-5.536085546842106,-23.560309642105263,-41.43560584210527,-34.99521314815789,-37.88686142105263,-48.08332370263157,5.5789038425,0.0,19.39210815789474,31.19052136842105,41.27724678947368,33.48284176315789,22.74589689473684,28.820374657894742,0.0,0.0,0.0114767766263157,0.0098344430421052,0.0490080352894736,0.0247417825894736,0.0124035683315789,0.0554352270368421,0.0
