mfcc1_sma3_1,mfcc1_sma3_2,mfcc1_sma3_3,mfcc1_sma3_4,mfcc1_sma3_5,mfcc1_sma3_6,mfcc1_sma3_7,mfcc1_sma3_8,mfcc2_sma3_1,mfcc2_sma3_2,mfcc2_sma3_3,mfcc2_sma3_4,mfcc2_sma3_5,mfcc2_sma3_6,mfcc2_sma3_7,mfcc2_sma3_8,mfcc3_sma3_1,mfcc3_sma3_2,mfcc3_sma3_3,mfcc3_sma3_4,mfcc3_sma3_5,mfcc3_sma3_6,mfcc3_sma3_7,mfcc3_sma3_8,mfcc4_sma3_1,mfcc4_sma3_2,mfcc4_sma3_3,mfcc4_sma3_4,mfcc4_sma3_5,mfcc4_sma3_6,mfcc4_sma3_7,mfcc4_sma3_8,F0semitoneFrom27.5Hz_sma3nz_1,F0semitoneFrom27.5Hz_sma3nz_2,F0semitoneFrom27.5Hz_sma3nz_3,F0semitoneFrom27.5Hz_sma3nz_4,F0semitoneFrom27.5Hz_sma3nz_5,F0semitoneFrom27.5Hz_sma3nz_6,F0semitoneFrom27.5Hz_sma3nz_7,F0semitoneFrom27.5Hz_sma3nz_8,jitterLocal_sma3nz_1,jitterLocal_sma3nz_2,jitterLocal_sma3nz_3,jitterLocal_sma3nz_4,jitterLocal_sma3nz_5,jitterLocal_sma3nz_6,jitterLocal_sma3nz_7,jitterLocal_sma3nz_8
23.26575896153846,18.43947036538461,17.36725476923077,16.68022315,16.94836588461538,17.34538075,21.867121461538463,19.31038137037037,29.373524423076923,22.104428807692308,-1.6229501080769233,-5.312607831923076,-14.320159215384615,-8.291024030769231,-3.5415174796153845,14.59432536148148,14.078044903846155,17.53448451923077,-8.737385092307692,-24.516279896153847,-15.323238488461538,-25.00131722923077,-18.56901146923077,11.353902229629629,7.057963942307693,5.754300174615385,-18.04908545,-42.18940696153846,-18.69583955,-11.471580782307692,-1.04276095,12.973848444444444,0.0,2.188543230769231,32.44855646153846,40.95418461538462,34.91843730769231,26.95268153846154,0.0,0.0,0.0,0.0,0.0109729812692307,0.0123701755153846,0.0088893403576923,0.010705180176923,0.0,0.0
