mfcc1_sma3_1,mfcc1_sma3_2,mfcc1_sma3_3,mfcc1_sma3_4,mfcc1_sma3_5,mfcc1_sma3_6,mfcc1_sma3_7,mfcc1_sma3_8,mfcc2_sma3_1,mfcc2_sma3_2,mfcc2_sma3_3,mfcc2_sma3_4,mfcc2_sma3_5,mfcc2_sma3_6,mfcc2_sma3_7,mfcc2_sma3_8,mfcc3_sma3_1,mfcc3_sma3_2,mfcc3_sma3_3,mfcc3_sma3_4,mfcc3_sma3_5,mfcc3_sma3_6,mfcc3_sma3_7,mfcc3_sma3_8,mfcc4_sma3_1,mfcc4_sma3_2,mfcc4_sma3_3,mfcc4_sma3_4,mfcc4_sma3_5,mfcc4_sma3_6,mfcc4_sma3_7,mfcc4_sma3_8,F0semitoneFrom27.5Hz_sma3nz_1,F0semitoneFrom27.5Hz_sma3nz_2,F0semitoneFrom27.5Hz_sma3nz_3,F0semitoneFrom27.5Hz_sma3nz_4,F0semitoneFrom27.5Hz_sma3nz_5,F0semitoneFrom27.5Hz_sma3nz_6,F0semitoneFrom27.5Hz_sma3nz_7,F0semitoneFrom27.5Hz_sma3nz_8,jitterLocal_sma3nz_1,jitterLocal_sma3nz_2,jitterLocal_sma3nz_3,jitterLocal_sma3nz_4,jitterLocal_sma3nz_5,jitterLocal_sma3nz_6,jitterLocal_sma3nz_7,jitterLocal_sma3nz_8
12.638218499739132,22.624236217391307,24.099013304347828,26.677730304347826,17.848517739130433,19.44241645652174,22.203944154782608,20.338402035714285,5.618581460000001,-16.37814886956522,-18.91479550869565,-6.9741698860869565,-5.406059182173912,-21.828214652173912,-0.7393489539130436,20.95240387142857,-2.144762862608696,-5.703397588434782,-14.94430336608696,-22.961497817391304,-8.648222408695654,-33.48050282608695,-5.706807013043478,11.62393963214286,1.499604508695652,-8.64342655130435,-11.651619165217392,-25.410558478260874,-16.4123020021,-22.4355117826087,-3.015071129565217,7.489067732142857,38.382654782608704,39.061449260869566,40.58145704347827,27.922487391304347,22.956965130434785,24.525366565217396,0.0,0.0,0.0247459148173913,0.0118643383304347,0.0061533684347826,0.0145760802782608,0.008553109073913,0.0381882458347826,0.0,0.0
