mfcc1_sma3_1,mfcc1_sma3_2,mfcc1_sma3_3,mfcc1_sma3_4,mfcc1_sma3_5,mfcc1_sma3_6,mfcc1_sma3_7,mfcc1_sma3_8,mfcc2_sma3_1,mfcc2_sma3_2,mfcc2_sma3_3,mfcc2_sma3_4,mfcc2_sma3_5,mfcc2_sma3_6,mfcc2_sma3_7,mfcc2_sma3_8,mfcc3_sma3_1,mfcc3_sma3_2,mfcc3_sma3_3,mfcc3_sma3_4,mfcc3_sma3_5,mfcc3_sma3_6,mfcc3_sma3_7,mfcc3_sma3_8,mfcc4_sma3_1,mfcc4_sma3_2,mfcc4_sma3_3,mfcc4_sma3_4,mfcc4_sma3_5,mfcc4_sma3_6,mfcc4_sma3_7,mfcc4_sma3_8,F0semitoneFrom27.5Hz_sma3nz_1,F0semitoneFrom27.5Hz_sma3nz_2,F0semitoneFrom27.5Hz_sma3nz_3,F0semitoneFrom27.5Hz_sma3nz_4,F0semitoneFrom27.5Hz_sma3nz_5,F0semitoneFrom27.5Hz_sma3nz_6,F0semitoneFrom27.5Hz_sma3nz_7,F0semitoneFrom27.5Hz_sma3nz_8,jitterLocal_sma3nz_1,jitterLocal_sma3nz_2,jitterLocal_sma3nz_3,jitterLocal_sma3nz_4,jitterLocal_sma3nz_5,jitterLocal_sma3nz_6,jitterLocal_sma3nz_7,jitterLocal_sma3nz_8
21.119300256410256,19.70741435897436,25.34269135897436,8.16123385897436,20.93448289230769,8.507880285641024,30.13003582051282,21.87412195348837,25.62882220512821,2.8832233523076924,12.4138041494359,15.687635651282047,27.331088871794865,15.411562507692306,22.38565515974359,20.012286141860464,13.64526046153846,4.787983975641026,5.643342523076923,-0.731356735897436,9.091509062307694,16.348054171794875,-18.371068628205126,10.027911544186049,5.4076592179487175,3.645835561538463,0.390515398974359,0.0874122333333335,2.2767361170589746,6.370941859333334,-23.720239120512822,10.998573009302326,0.0,9.313324205128206,20.057380615384616,16.805486512820515,23.86604607692308,10.931292666666666,18.83127041025641,0.0,0.0,0.006427181051282,0.010116068051282,0.0042562790615384,0.0114519675743589,0.0031950396666666,0.0078646562717948,0.0
