mfcc1_sma3_1,mfcc1_sma3_2,mfcc1_sma3_3,mfcc1_sma3_4,mfcc1_sma3_5,mfcc1_sma3_6,mfcc1_sma3_7,mfcc1_sma3_8,mfcc2_sma3_1,mfcc2_sma3_2,mfcc2_sma3_3,mfcc2_sma3_4,mfcc2_sma3_5,mfcc2_sma3_6,mfcc2_sma3_7,mfcc2_sma3_8,mfcc3_sma3_1,mfcc3_sma3_2,mfcc3_sma3_3,mfcc3_sma3_4,mfcc3_sma3_5,mfcc3_sma3_6,mfcc3_sma3_7,mfcc3_sma3_8,mfcc4_sma3_1,mfcc4_sma3_2,mfcc4_sma3_3,mfcc4_sma3_4,mfcc4_sma3_5,mfcc4_sma3_6,mfcc4_sma3_7,mfcc4_sma3_8,F0semitoneFrom27.5Hz_sma3nz_1,F0semitoneFrom27.5Hz_sma3nz_2,F0semitoneFrom27.5Hz_sma3nz_3,F0semitoneFrom27.5Hz_sma3nz_4,F0semitoneFrom27.5Hz_sma3nz_5,F0semitoneFrom27.5Hz_sma3nz_6,F0semitoneFrom27.5Hz_sma3nz_7,F0semitoneFrom27.5Hz_sma3nz_8,jitterLocal_sma3nz_1,jitterLocal_sma3nz_2,jitterLocal_sma3nz_3,jitterLocal_sma3nz_4,jitterLocal_sma3nz_5,jitterLocal_sma3nz_6,jitterLocal_sma3nz_7,jitterLocal_sma3nz_8
17.324982710526317,18.76653788947368,27.04945315789473,27.236864421052637,28.05833510526316,27.943916421052634,20.59902036842105,22.2825895652174,12.98722605263158,8.149922263157896,-14.200866236842106,-6.333860971578948,-4.199078684210527,-4.746287131578947,13.771831594736843,24.89208291304348,13.729169236842106,4.034753180000001,-6.467036159263158,1.7757986789473683,-15.850397873684209,-17.943671021052634,8.336453389473686,11.631274447826089,11.519250442105264,-1.7795940405263158,-2.961539302578948,-2.0783018934210524,-23.54561104052632,-8.23354830526316,6.378233369473684,6.505824095652173,7.97880594736842,3.778682105263158,34.79348884210526,15.168830473684208,15.806665526315788,0.0,0.0,0.0,0.0038081689473684,0.0,0.0145231322789473,0.0059917864999999,0.0038945527894736,0.0,0.0,0.0
