mfcc1_sma3_1,mfcc1_sma3_2,mfcc1_sma3_3,mfcc1_sma3_4,mfcc1_sma3_5,mfcc1_sma3_6,mfcc1_sma3_7,mfcc1_sma3_8,mfcc2_sma3_1,mfcc2_sma3_2,mfcc2_sma3_3,mfcc2_sma3_4,mfcc2_sma3_5,mfcc2_sma3_6,mfcc2_sma3_7,mfcc2_sma3_8,mfcc3_sma3_1,mfcc3_sma3_2,mfcc3_sma3_3,mfcc3_sma3_4,mfcc3_sma3_5,mfcc3_sma3_6,mfcc3_sma3_7,mfcc3_sma3_8,mfcc4_sma3_1,mfcc4_sma3_2,mfcc4_sma3_3,mfcc4_sma3_4,mfcc4_sma3_5,mfcc4_sma3_6,mfcc4_sma3_7,mfcc4_sma3_8,F0semitoneFrom27.5Hz_sma3nz_1,F0semitoneFrom27.5Hz_sma3nz_2,F0semitoneFrom27.5Hz_sma3nz_3,F0semitoneFrom27.5Hz_sma3nz_4,F0semitoneFrom27.5Hz_sma3nz_5,F0semitoneFrom27.5Hz_sma3nz_6,F0semitoneFrom27.5Hz_sma3nz_7,F0semitoneFrom27.5Hz_sma3nz_8,jitterLocal_sma3nz_1,jitterLocal_sma3nz_2,jitterLocal_sma3nz_3,jitterLocal_sma3nz_4,jitterLocal_sma3nz_5,jitterLocal_sma3nz_6,jitterLocal_sma3nz_7,jitterLocal_sma3nz_8
17.986380925454544,16.523023272727272,13.816637968181816,35.591013999999994,32.367834181818175,29.53661031818182,25.464078863636363,22.3355024,24.977540836363637,13.807410068181817,23.74190038636364,6.25574352590909,7.146345318181818,8.098625106922729,20.33534463636364,26.64252152,17.871840136363637,21.704039204545456,10.024544140909091,-2.4535134,-2.450551260909091,-11.738407711363635,6.605590187727273,12.5650743,4.510089642272726,7.168861463636364,5.61137674090909,-9.717967131818185,-4.345860008636364,-22.585187255454542,1.5610420909090907,7.526345156,0.0,2.723413136363636,19.10657227272727,29.49561972727273,18.803199818181817,11.887540818181815,0.0,0.0,0.0,0.0,0.0073288152090909,0.0101385005954545,0.0114348405227272,0.0066151346272727,0.0,0.0
