mfcc1_sma3_1,mfcc1_sma3_2,mfcc1_sma3_3,mfcc1_sma3_4,mfcc1_sma3_5,mfcc1_sma3_6,mfcc1_sma3_7,mfcc1_sma3_8,mfcc2_sma3_1,mfcc2_sma3_2,mfcc2_sma3_3,mfcc2_sma3_4,mfcc2_sma3_5,mfcc2_sma3_6,mfcc2_sma3_7,mfcc2_sma3_8,mfcc3_sma3_1,mfcc3_sma3_2,mfcc3_sma3_3,mfcc3_sma3_4,mfcc3_sma3_5,mfcc3_sma3_6,mfcc3_sma3_7,mfcc3_sma3_8,mfcc4_sma3_1,mfcc4_sma3_2,mfcc4_sma3_3,mfcc4_sma3_4,mfcc4_sma3_5,mfcc4_sma3_6,mfcc4_sma3_7,mfcc4_sma3_8,F0semitoneFrom27.5Hz_sma3nz_1,F0semitoneFrom27.5Hz_sma3nz_2,F0semitoneFrom27.5Hz_sma3nz_3,F0semitoneFrom27.5Hz_sma3nz_4,F0semitoneFrom27.5Hz_sma3nz_5,F0semitoneFrom27.5Hz_sma3nz_6,F0semitoneFrom27.5Hz_sma3nz_7,F0semitoneFrom27.5Hz_sma3nz_8,jitterLocal_sma3nz_1,jitterLocal_sma3nz_2,jitterLocal_sma3nz_3,jitterLocal_sma3nz_4,jitterLocal_sma3nz_5,jitterLocal_sma3nz_6,jitterLocal_sma3nz_7,jitterLocal_sma3nz_8
27.302108125,22.03856933333334,16.40537254725,31.93869395833333,29.600129029166663,23.84063307083333,30.082600166666666,18.85849755806452,9.365286316666667,20.28847108333333,14.314575231833336,-1.9562388633333336,0.53711091375,1.4940701145833335,2.240619488083333,13.041303718064515,-2.2932188961875,12.532707629166666,9.857956833333333,-5.217384075,3.599144126666667,-13.640925895833334,-20.75993342916667,8.79940853548387,3.39001271375,10.672947312083332,4.953506825,-12.8948896875,-3.8677258066666673,-18.937162004166662,-17.32433620833333,11.27094689032258,0.0,0.0,18.8066275,23.53024745833333,10.730001666666666,22.50182641666667,4.900094791666667,0.0,0.0,0.0,0.0114576302333333,0.0069218097791666,0.01646862575,0.0067259160375,0.0011225139958333,0.0
