mfcc1_sma3_1,mfcc1_sma3_2,mfcc1_sma3_3,mfcc1_sma3_4,mfcc1_sma3_5,mfcc1_sma3_6,mfcc1_sma3_7,mfcc1_sma3_8,mfcc2_sma3_1,mfcc2_sma3_2,mfcc2_sma3_3,mfcc2_sma3_4,mfcc2_sma3_5,mfcc2_sma3_6,mfcc2_sma3_7,mfcc2_sma3_8,mfcc3_sma3_1,mfcc3_sma3_2,mfcc3_sma3_3,mfcc3_sma3_4,mfcc3_sma3_5,mfcc3_sma3_6,mfcc3_sma3_7,mfcc3_sma3_8,mfcc4_sma3_1,mfcc4_sma3_2,mfcc4_sma3_3,mfcc4_sma3_4,mfcc4_sma3_5,mfcc4_sma3_6,mfcc4_sma3_7,mfcc4_sma3_8,F0semitoneFrom27.5Hz_sma3nz_1,F0semitoneFrom27.5Hz_sma3nz_2,F0semitoneFrom27.5Hz_sma3nz_3,F0semitoneFrom27.5Hz_sma3nz_4,F0semitoneFrom27.5Hz_sma3nz_5,F0semitoneFrom27.5Hz_sma3nz_6,F0semitoneFrom27.5Hz_sma3nz_7,F0semitoneFrom27.5Hz_sma3nz_8,jitterLocal_sma3nz_1,jitterLocal_sma3nz_2,jitterLocal_sma3nz_3,jitterLocal_sma3nz_4,jitterLocal_sma3nz_5,jitterLocal_sma3nz_6,jitterLocal_sma3nz_7,jitterLocal_sma3nz_8
19.4402563,15.464279966499998,29.02165985,29.94662555,25.949361299999996,26.6270786,21.96766595,22.05873273076923,23.40926376,18.365028885,5.438106919999999,5.2539044215,5.860852348500002,7.107379935500001,19.906916662150003,25.729733692307686,15.407977699999998,13.377718034999996,2.0338864285,9.723210205,-12.873540948000002,-3.5391418240000005,9.77195944,11.92064444230769,5.931197184,1.595397349,-24.70806265,-3.37232876,-28.994917668,-1.80240101,7.1467870725,5.730769361538463,4.40936175,6.35064545,12.634208,8.4776692,4.17694025,0.0,0.0,0.0,0.0025035552,0.0016656047,0.00297000633,0.006145836975,0.0,0.0,0.0,0.0
