mfcc1_sma3_1,mfcc1_sma3_2,mfcc1_sma3_3,mfcc1_sma3_4,mfcc1_sma3_5,mfcc1_sma3_6,mfcc1_sma3_7,mfcc1_sma3_8,mfcc2_sma3_1,mfcc2_sma3_2,mfcc2_sma3_3,mfcc2_sma3_4,mfcc2_sma3_5,mfcc2_sma3_6,mfcc2_sma3_7,mfcc2_sma3_8,mfcc3_sma3_1,mfcc3_sma3_2,mfcc3_sma3_3,mfcc3_sma3_4,mfcc3_sma3_5,mfcc3_sma3_6,mfcc3_sma3_7,mfcc3_sma3_8,mfcc4_sma3_1,mfcc4_sma3_2,mfcc4_sma3_3,mfcc4_sma3_4,mfcc4_sma3_5,mfcc4_sma3_6,mfcc4_sma3_7,mfcc4_sma3_8,F0semitoneFrom27.5Hz_sma3nz_1,F0semitoneFrom27.5Hz_sma3nz_2,F0semitoneFrom27.5Hz_sma3nz_3,F0semitoneFrom27.5Hz_sma3nz_4,F0semitoneFrom27.5Hz_sma3nz_5,F0semitoneFrom27.5Hz_sma3nz_6,F0semitoneFrom27.5Hz_sma3nz_7,F0semitoneFrom27.5Hz_sma3nz_8,jitterLocal_sma3nz_1,jitterLocal_sma3nz_2,jitterLocal_sma3nz_3,jitterLocal_sma3nz_4,jitterLocal_sma3nz_5,jitterLocal_sma3nz_6,jitterLocal_sma3nz_7,jitterLocal_sma3nz_8
17.18934196666667,9.950120392857142,10.150805236190475,22.3944549047619,22.65251838095238,16.451422543809525,23.11566423809524,18.66532982,20.93219553809524,-0.1756524590476186,1.096535871428571,-3.911156424285714,-13.094364304761909,-3.8397834666666655,-6.547910623809524,-10.503852192000002,17.25131842857143,20.89175980952381,6.40970591904762,-8.3814981,-8.105278794761904,-4.407865628571428,-15.4990093,-13.190580386,6.602579991428572,12.39317758,-1.077109752380952,-32.77040833333333,-10.55989049857143,-12.066476595238097,-33.82361228571428,-5.216509219999999,0.0,6.7095309047619045,20.66832309523809,37.42106795238095,32.62931485714285,12.55950119047619,11.056887,0.0,0.0,0.0017568926666666,0.0059232037238095,0.0122001373857142,0.0138042549047619,0.0034945969047619,0.0142700624285714,0.0
