mfcc1_sma3_1,mfcc1_sma3_2,mfcc1_sma3_3,mfcc1_sma3_4,mfcc1_sma3_5,mfcc1_sma3_6,mfcc1_sma3_7,mfcc1_sma3_8,mfcc2_sma3_1,mfcc2_sma3_2,mfcc2_sma3_3,mfcc2_sma3_4,mfcc2_sma3_5,mfcc2_sma3_6,mfcc2_sma3_7,mfcc2_sma3_8,mfcc3_sma3_1,mfcc3_sma3_2,mfcc3_sma3_3,mfcc3_sma3_4,mfcc3_sma3_5,mfcc3_sma3_6,mfcc3_sma3_7,mfcc3_sma3_8,mfcc4_sma3_1,mfcc4_sma3_2,mfcc4_sma3_3,mfcc4_sma3_4,mfcc4_sma3_5,mfcc4_sma3_6,mfcc4_sma3_7,mfcc4_sma3_8,F0semitoneFrom27.5Hz_sma3nz_1,F0semitoneFrom27.5Hz_sma3nz_2,F0semitoneFrom27.5Hz_sma3nz_3,F0semitoneFrom27.5Hz_sma3nz_4,F0semitoneFrom27.5Hz_sma3nz_5,F0semitoneFrom27.5Hz_sma3nz_6,F0semitoneFrom27.5Hz_sma3nz_7,F0semitoneFrom27.5Hz_sma3nz_8,jitterLocal_sma3nz_1,jitterLocal_sma3nz_2,jitterLocal_sma3nz_3,jitterLocal_sma3nz_4,jitterLocal_sma3nz_5,jitterLocal_sma3nz_6,jitterLocal_sma3nz_7,jitterLocal_sma3nz_8
22.19816614705882,14.427340029411766,20.6871325,22.76203301176471,30.397795705882352,22.05219847058824,27.86235311764706,22.93326797058824,27.06377817647059,15.839731720588231,3.3298507985294115,1.346528949117647,3.8633247147058825,8.164853547058824,25.258763705882355,24.405115905882354,13.241443044117643,20.88768792647059,24.53698297058824,-4.187486961764706,-0.0572520541176471,13.58931197352941,6.3041421723529405,12.568675926470588,6.387826776470587,8.29906407352941,5.178750861941176,-17.160375196764704,-20.367305241176467,-7.850241323529412,-46.87521198235294,4.217608958823529,0.0,0.0,22.740999176470584,27.590139411764707,24.168800411764703,5.28258144117647,6.080360794117646,0.0,0.0,0.0,0.012364917,0.0135585129941176,0.0091968367558823,0.0045835725588235,0.0012665541352941,0.0
