mfcc1_sma3_1,mfcc1_sma3_2,mfcc1_sma3_3,mfcc1_sma3_4,mfcc1_sma3_5,mfcc1_sma3_6,mfcc1_sma3_7,mfcc1_sma3_8,mfcc2_sma3_1,mfcc2_sma3_2,mfcc2_sma3_3,mfcc2_sma3_4,mfcc2_sma3_5,mfcc2_sma3_6,mfcc2_sma3_7,mfcc2_sma3_8,mfcc3_sma3_1,mfcc3_sma3_2,mfcc3_sma3_3,mfcc3_sma3_4,mfcc3_sma3_5,mfcc3_sma3_6,mfcc3_sma3_7,mfcc3_sma3_8,mfcc4_sma3_1,mfcc4_sma3_2,mfcc4_sma3_3,mfcc4_sma3_4,mfcc4_sma3_5,mfcc4_sma3_6,mfcc4_sma3_7,mfcc4_sma3_8,F0semitoneFrom27.5Hz_sma3nz_1,F0semitoneFrom27.5Hz_sma3nz_2,F0semitoneFrom27.5Hz_sma3nz_3,F0semitoneFrom27.5Hz_sma3nz_4,F0semitoneFrom27.5Hz_sma3nz_5,F0semitoneFrom27.5Hz_sma3nz_6,F0semitoneFrom27.5Hz_sma3nz_7,F0semitoneFrom27.5Hz_sma3nz_8,jitterLocal_sma3nz_1,jitterLocal_sma3nz_2,jitterLocal_sma3nz_3,jitterLocal_sma3nz_4,jitterLocal_sma3nz_5,jitterLocal_sma3nz_6,jitterLocal_sma3nz_7,jitterLocal_sma3nz_8
22.40303426666667,20.55316506666667,29.216492500000005,31.768324366666665,19.2949755,13.366693073333336,29.881019,21.804988,27.996790633333333,22.438466933333338,12.566444008333333,-0.5448217656666665,13.649581913333332,24.0960703,1.4174030983333337,23.01557227777777,11.93168902,17.53087231333333,3.1778252300000003,-0.2765093856666665,6.249812643666667,3.7043388383333338,-18.090440556333338,11.398352380555556,5.988731861900001,5.128151179666668,-4.9847685933333326,-20.968139033333337,-9.738905991666666,-9.738544938666667,-17.831303549999998,6.443676172222222,0.0,0.0,10.8736028,20.9899137,18.30518603333333,0.0,0.0,0.0,0.0,0.0,0.00518709718,0.0045379474566666,0.0074287710266666,0.0,0.0,0.0
