mfcc1_sma3_1,mfcc1_sma3_2,mfcc1_sma3_3,mfcc1_sma3_4,mfcc1_sma3_5,mfcc1_sma3_6,mfcc1_sma3_7,mfcc1_sma3_8,mfcc2_sma3_1,mfcc2_sma3_2,mfcc2_sma3_3,mfcc2_sma3_4,mfcc2_sma3_5,mfcc2_sma3_6,mfcc2_sma3_7,mfcc2_sma3_8,mfcc3_sma3_1,mfcc3_sma3_2,mfcc3_sma3_3,mfcc3_sma3_4,mfcc3_sma3_5,mfcc3_sma3_6,mfcc3_sma3_7,mfcc3_sma3_8,mfcc4_sma3_1,mfcc4_sma3_2,mfcc4_sma3_3,mfcc4_sma3_4,mfcc4_sma3_5,mfcc4_sma3_6,mfcc4_sma3_7,mfcc4_sma3_8,F0semitoneFrom27.5Hz_sma3nz_1,F0semitoneFrom27.5Hz_sma3nz_2,F0semitoneFrom27.5Hz_sma3nz_3,F0semitoneFrom27.5Hz_sma3nz_4,F0semitoneFrom27.5Hz_sma3nz_5,F0semitoneFrom27.5Hz_sma3nz_6,F0semitoneFrom27.5Hz_sma3nz_7,F0semitoneFrom27.5Hz_sma3nz_8,jitterLocal_sma3nz_1,jitterLocal_sma3nz_2,jitterLocal_sma3nz_3,jitterLocal_sma3nz_4,jitterLocal_sma3nz_5,jitterLocal_sma3nz_6,jitterLocal_sma3nz_7,jitterLocal_sma3nz_8
21.69734996,25.26431316,34.22340496,19.446492228,13.47177732,30.23849468,26.724592240000003,22.09514174074074,26.38124992,13.409519232,8.7887680336,18.297060912,28.109940560000005,-1.4430362039999998,18.744190164000003,26.53169911111111,10.90486296,3.9157213942,-8.372058752,6.357315131199999,9.969958323999998,-11.65088802,3.283985948,11.873917566666664,5.770571907999999,5.390865378799999,-18.5148037712,-7.262204437600001,-2.6370323768,-14.167825816,-0.9671087364000002,6.468719528518518,0.0,4.69302916,27.90183856,16.359276759999997,15.78451024,17.55025124,0.0,0.0,0.0,0.0018138192,0.0173042578,0.006952215964,0.01322763432,0.002665285184,0.0,0.0
