mfcc1_sma3_1,mfcc1_sma3_2,mfcc1_sma3_3,mfcc1_sma3_4,mfcc1_sma3_5,mfcc1_sma3_6,mfcc1_sma3_7,mfcc1_sma3_8,mfcc2_sma3_1,mfcc2_sma3_2,mfcc2_sma3_3,mfcc2_sma3_4,mfcc2_sma3_5,mfcc2_sma3_6,mfcc2_sma3_7,mfcc2_sma3_8,mfcc3_sma3_1,mfcc3_sma3_2,mfcc3_sma3_3,mfcc3_sma3_4,mfcc3_sma3_5,mfcc3_sma3_6,mfcc3_sma3_7,mfcc3_sma3_8,mfcc4_sma3_1,mfcc4_sma3_2,mfcc4_sma3_3,mfcc4_sma3_4,mfcc4_sma3_5,mfcc4_sma3_6,mfcc4_sma3_7,mfcc4_sma3_8,F0semitoneFrom27.5Hz_sma3nz_1,F0semitoneFrom27.5Hz_sma3nz_2,F0semitoneFrom27.5Hz_sma3nz_3,F0semitoneFrom27.5Hz_sma3nz_4,F0semitoneFrom27.5Hz_sma3nz_5,F0semitoneFrom27.5Hz_sma3nz_6,F0semitoneFrom27.5Hz_sma3nz_7,F0semitoneFrom27.5Hz_sma3nz_8,jitterLocal_sma3nz_1,jitterLocal_sma3nz_2,jitterLocal_sma3nz_3,jitterLocal_sma3nz_4,jitterLocal_sma3nz_5,jitterLocal_sma3nz_6,jitterLocal_sma3nz_7,jitterLocal_sma3nz_8
22.14052433333333,25.37968151282051,20.63140326410257,19.70807762051282,32.47301387179487,25.792418025641023,22.9510828974359,21.697146347826084,27.50993861538461,11.354625938461536,23.355264846153847,9.546533723333336,13.78571068974359,-4.195419674102563,20.59678059128205,25.134556760869557,11.793456989743586,3.4284988692307685,14.492307935897434,-1.1721653948717947,10.213211543846157,-3.1587540025641023,14.47792044871795,12.81312341304348,7.482469676923076,-0.8487635815384615,7.493766443589743,2.049883621282051,-7.126496248717947,3.79817546051282,3.472696031538462,6.721713039130435,0.0,12.699524435897438,8.629255358974358,11.536721282051284,18.77504061538462,0.0,0.0,0.0,0.0,0.0049119598358974,0.0047599717435897,0.0063362664102564,0.0101324221820512,0.0,0.0,0.0
