mfcc1_sma3_1,mfcc1_sma3_2,mfcc1_sma3_3,mfcc1_sma3_4,mfcc1_sma3_5,mfcc1_sma3_6,mfcc1_sma3_7,mfcc1_sma3_8,mfcc2_sma3_1,mfcc2_sma3_2,mfcc2_sma3_3,mfcc2_sma3_4,mfcc2_sma3_5,mfcc2_sma3_6,mfcc2_sma3_7,mfcc2_sma3_8,mfcc3_sma3_1,mfcc3_sma3_2,mfcc3_sma3_3,mfcc3_sma3_4,mfcc3_sma3_5,mfcc3_sma3_6,mfcc3_sma3_7,mfcc3_sma3_8,mfcc4_sma3_1,mfcc4_sma3_2,mfcc4_sma3_3,mfcc4_sma3_4,mfcc4_sma3_5,mfcc4_sma3_6,mfcc4_sma3_7,mfcc4_sma3_8,F0semitoneFrom27.5Hz_sma3nz_1,F0semitoneFrom27.5Hz_sma3nz_2,F0semitoneFrom27.5Hz_sma3nz_3,F0semitoneFrom27.5Hz_sma3nz_4,F0semitoneFrom27.5Hz_sma3nz_5,F0semitoneFrom27.5Hz_sma3nz_6,F0semitoneFrom27.5Hz_sma3nz_7,F0semitoneFrom27.5Hz_sma3nz_8,jitterLocal_sma3nz_1,jitterLocal_sma3nz_2,jitterLocal_sma3nz_3,jitterLocal_sma3nz_4,jitterLocal_sma3nz_5,jitterLocal_sma3nz_6,jitterLocal_sma3nz_7,jitterLocal_sma3nz_8
20.289651970588235,19.21144473529412,26.91430323529412,27.995239588235297,22.62561038235294,26.97131761764706,24.79274361764706,23.041617,24.75112396470588,-1.8193926088235295,-0.1795455705882352,-1.7599079269705882,5.488504485294118,2.3649715902941177,2.524814308617646,26.16480102941177,13.289123161764708,0.4602312335294115,-3.805828518823529,0.6426706811764706,-5.256550916764706,-4.24019331,-7.413239846588235,12.215788773529413,7.017062421764706,-11.79964945,-26.569630279411765,-10.191963195,-43.04061424764706,-23.104100412647057,-7.930898361176469,7.284643202941176,0.0,11.69516067647059,28.545087294117646,32.80276214705882,30.134869500000004,8.3938435,0.0,0.0,0.0,0.0072303326470588,0.01576420285,0.027000194267647,0.0150126245764705,0.0024689181764705,0.0,0.0
