mfcc1_sma3_1,mfcc1_sma3_2,mfcc1_sma3_3,mfcc1_sma3_4,mfcc1_sma3_5,mfcc1_sma3_6,mfcc1_sma3_7,mfcc1_sma3_8,mfcc2_sma3_1,mfcc2_sma3_2,mfcc2_sma3_3,mfcc2_sma3_4,mfcc2_sma3_5,mfcc2_sma3_6,mfcc2_sma3_7,mfcc2_sma3_8,mfcc3_sma3_1,mfcc3_sma3_2,mfcc3_sma3_3,mfcc3_sma3_4,mfcc3_sma3_5,mfcc3_sma3_6,mfcc3_sma3_7,mfcc3_sma3_8,mfcc4_sma3_1,mfcc4_sma3_2,mfcc4_sma3_3,mfcc4_sma3_4,mfcc4_sma3_5,mfcc4_sma3_6,mfcc4_sma3_7,mfcc4_sma3_8,F0semitoneFrom27.5Hz_sma3nz_1,F0semitoneFrom27.5Hz_sma3nz_2,F0semitoneFrom27.5Hz_sma3nz_3,F0semitoneFrom27.5Hz_sma3nz_4,F0semitoneFrom27.5Hz_sma3nz_5,F0semitoneFrom27.5Hz_sma3nz_6,F0semitoneFrom27.5Hz_sma3nz_7,F0semitoneFrom27.5Hz_sma3nz_8,jitterLocal_sma3nz_1,jitterLocal_sma3nz_2,jitterLocal_sma3nz_3,jitterLocal_sma3nz_4,jitterLocal_sma3nz_5,jitterLocal_sma3nz_6,jitterLocal_sma3nz_7,jitterLocal_sma3nz_8
20.96676192,15.96387944,24.22536156,29.111258040000003,25.200034960000004,24.33183912,23.09191432,20.23603125806452,26.58877476,8.567397256,-1.3436289104,-8.3242171052,-1.419837444,9.181284804,5.345316994000001,21.83218476451613,12.368071380000002,16.256382844,3.2316521608,-10.508847163999995,9.793255916,22.96257256,18.27808224,11.017278209677425,6.3227583028000005,0.7915299904000002,-8.7400536108,-23.67997756,-17.75943912,-16.674559852,-16.03953708,2.976242152258064,0.0,0.0,20.87024348,37.80111144,37.28303884,37.4822084,16.25691736,0.0,0.0,0.0,0.010122421052,0.0075974287399999,0.1074925395399999,0.021455971744,0.0015351751839999,0.0
