mfcc1_sma3_1,mfcc1_sma3_2,mfcc1_sma3_3,mfcc1_sma3_4,mfcc1_sma3_5,mfcc1_sma3_6,mfcc1_sma3_7,mfcc1_sma3_8,mfcc2_sma3_1,mfcc2_sma3_2,mfcc2_sma3_3,mfcc2_sma3_4,mfcc2_sma3_5,mfcc2_sma3_6,mfcc2_sma3_7,mfcc2_sma3_8,mfcc3_sma3_1,mfcc3_sma3_2,mfcc3_sma3_3,mfcc3_sma3_4,mfcc3_sma3_5,mfcc3_sma3_6,mfcc3_sma3_7,mfcc3_sma3_8,mfcc4_sma3_1,mfcc4_sma3_2,mfcc4_sma3_3,mfcc4_sma3_4,mfcc4_sma3_5,mfcc4_sma3_6,mfcc4_sma3_7,mfcc4_sma3_8,F0semitoneFrom27.5Hz_sma3nz_1,F0semitoneFrom27.5Hz_sma3nz_2,F0semitoneFrom27.5Hz_sma3nz_3,F0semitoneFrom27.5Hz_sma3nz_4,F0semitoneFrom27.5Hz_sma3nz_5,F0semitoneFrom27.5Hz_sma3nz_6,F0semitoneFrom27.5Hz_sma3nz_7,F0semitoneFrom27.5Hz_sma3nz_8,jitterLocal_sma3nz_1,jitterLocal_sma3nz_2,jitterLocal_sma3nz_3,jitterLocal_sma3nz_4,jitterLocal_sma3nz_5,jitterLocal_sma3nz_6,jitterLocal_sma3nz_7,jitterLocal_sma3nz_8
17.992982044117646,14.882861138235295,17.181442322058825,13.613573388235295,27.499875352941174,12.58068152,25.455747294117646,20.767515292682926,20.49926770588235,7.203918035294116,-9.181596190000002,15.863863326470588,6.743719716470588,16.668624235294118,16.42422969117647,26.07294909756097,19.522983735294115,21.953558108823533,0.9584907341176472,16.574729244117652,-9.928487461764703,5.612020405882353,-5.443290073235294,13.039458329268294,8.05690303235294,-14.744844985294115,-31.792364117647057,-25.44776392352941,-58.024158088235296,-12.994963413823529,-65.06826359117647,-1.647417589609756,0.0,28.8176015,31.612891882352944,17.927720088235294,37.750521852941176,16.273785470588237,14.202015029411765,0.0,0.0,0.0091180329529411,0.0162784387294117,0.0123161896735294,0.0100184515029411,0.004733067267647,0.0102035095,0.0
