mfcc1_sma3_1,mfcc1_sma3_2,mfcc1_sma3_3,mfcc1_sma3_4,mfcc1_sma3_5,mfcc1_sma3_6,mfcc1_sma3_7,mfcc1_sma3_8,mfcc2_sma3_1,mfcc2_sma3_2,mfcc2_sma3_3,mfcc2_sma3_4,mfcc2_sma3_5,mfcc2_sma3_6,mfcc2_sma3_7,mfcc2_sma3_8,mfcc3_sma3_1,mfcc3_sma3_2,mfcc3_sma3_3,mfcc3_sma3_4,mfcc3_sma3_5,mfcc3_sma3_6,mfcc3_sma3_7,mfcc3_sma3_8,mfcc4_sma3_1,mfcc4_sma3_2,mfcc4_sma3_3,mfcc4_sma3_4,mfcc4_sma3_5,mfcc4_sma3_6,mfcc4_sma3_7,mfcc4_sma3_8,F0semitoneFrom27.5Hz_sma3nz_1,F0semitoneFrom27.5Hz_sma3nz_2,F0semitoneFrom27.5Hz_sma3nz_3,F0semitoneFrom27.5Hz_sma3nz_4,F0semitoneFrom27.5Hz_sma3nz_5,F0semitoneFrom27.5Hz_sma3nz_6,F0semitoneFrom27.5Hz_sma3nz_7,F0semitoneFrom27.5Hz_sma3nz_8,jitterLocal_sma3nz_1,jitterLocal_sma3nz_2,jitterLocal_sma3nz_3,jitterLocal_sma3nz_4,jitterLocal_sma3nz_5,jitterLocal_sma3nz_6,jitterLocal_sma3nz_7,jitterLocal_sma3nz_8
20.7534778125,19.3960009375,24.640290875,19.4920456915625,25.3369393125,28.8202835,31.111328781249995,19.9680229375,26.8341305,18.85260531875,7.3965743690625,4.631513271875,-8.612899356171875,10.465141371875,21.587757196875003,24.29613540625,12.456393828125,12.480040159375,10.118308196875,-2.5608739443749995,-12.0885025096875,5.731550325000001,-6.711277829375,11.3782343625,6.0176503559375005,10.59074335625,-10.179979039843747,-18.870018159375,-16.413244540625,-12.01061753625,-30.828740585625003,5.9933559015625,0.0,0.0,30.439152281250003,35.01006403125,29.52638503125,21.95621790625,11.92654703125,0.0,0.0,0.0,0.01162359153125,0.0112721210718749,0.0162778912,0.0160774373125,0.007271304109375,0.0
