mfcc1_sma3_1,mfcc1_sma3_2,mfcc1_sma3_3,mfcc1_sma3_4,mfcc1_sma3_5,mfcc1_sma3_6,mfcc1_sma3_7,mfcc1_sma3_8,mfcc2_sma3_1,mfcc2_sma3_2,mfcc2_sma3_3,mfcc2_sma3_4,mfcc2_sma3_5,mfcc2_sma3_6,mfcc2_sma3_7,mfcc2_sma3_8,mfcc3_sma3_1,mfcc3_sma3_2,mfcc3_sma3_3,mfcc3_sma3_4,mfcc3_sma3_5,mfcc3_sma3_6,mfcc3_sma3_7,mfcc3_sma3_8,mfcc4_sma3_1,mfcc4_sma3_2,mfcc4_sma3_3,mfcc4_sma3_4,mfcc4_sma3_5,mfcc4_sma3_6,mfcc4_sma3_7,mfcc4_sma3_8,F0semitoneFrom27.5Hz_sma3nz_1,F0semitoneFrom27.5Hz_sma3nz_2,F0semitoneFrom27.5Hz_sma3nz_3,F0semitoneFrom27.5Hz_sma3nz_4,F0semitoneFrom27.5Hz_sma3nz_5,F0semitoneFrom27.5Hz_sma3nz_6,F0semitoneFrom27.5Hz_sma3nz_7,F0semitoneFrom27.5Hz_sma3nz_8,jitterLocal_sma3nz_1,jitterLocal_sma3nz_2,jitterLocal_sma3nz_3,jitterLocal_sma3nz_4,jitterLocal_sma3nz_5,jitterLocal_sma3nz_6,jitterLocal_sma3nz_7,jitterLocal_sma3nz_8
16.78165710394737,15.594256223684212,9.790917153947367,15.621526663157896,16.30201571578947,20.304542633947367,18.52605395789474,20.331018534883725,26.754882263157896,-6.431512913157896,15.270416724999995,-15.757084928315791,-19.770282897368418,-1.97543895263158,24.62336842105263,26.34155776744186,13.90284279736842,2.7067802302631576,15.114956681578953,-7.574090506578946,-8.881015250263156,8.520326214473684,12.794266481578946,12.967489523255813,5.723418516842105,-11.41554837263158,-1.3119465168421058,-16.478435778947368,-24.134340953157896,-12.321448431578949,5.179526731578948,8.49933706511628,0.0,20.078600657894736,13.433380263157895,37.92180031578948,37.45969113157895,17.751664684210528,0.0,0.0,0.0,0.0245574664763157,0.0056915999473684,0.0144641513131578,0.0246043097263157,0.0064202576447368,0.0,0.0
