mfcc1_sma3_1,mfcc1_sma3_2,mfcc1_sma3_3,mfcc1_sma3_4,mfcc1_sma3_5,mfcc1_sma3_6,mfcc1_sma3_7,mfcc1_sma3_8,mfcc2_sma3_1,mfcc2_sma3_2,mfcc2_sma3_3,mfcc2_sma3_4,mfcc2_sma3_5,mfcc2_sma3_6,mfcc2_sma3_7,mfcc2_sma3_8,mfcc3_sma3_1,mfcc3_sma3_2,mfcc3_sma3_3,mfcc3_sma3_4,mfcc3_sma3_5,mfcc3_sma3_6,mfcc3_sma3_7,mfcc3_sma3_8,mfcc4_sma3_1,mfcc4_sma3_2,mfcc4_sma3_3,mfcc4_sma3_4,mfcc4_sma3_5,mfcc4_sma3_6,mfcc4_sma3_7,mfcc4_sma3_8,F0semitoneFrom27.5Hz_sma3nz_1,F0semitoneFrom27.5Hz_sma3nz_2,F0semitoneFrom27.5Hz_sma3nz_3,F0semitoneFrom27.5Hz_sma3nz_4,F0semitoneFrom27.5Hz_sma3nz_5,F0semitoneFrom27.5Hz_sma3nz_6,F0semitoneFrom27.5Hz_sma3nz_7,F0semitoneFrom27.5Hz_sma3nz_8,jitterLocal_sma3nz_1,jitterLocal_sma3nz_2,jitterLocal_sma3nz_3,jitterLocal_sma3nz_4,jitterLocal_sma3nz_5,jitterLocal_sma3nz_6,jitterLocal_sma3nz_7,jitterLocal_sma3nz_8
20.526653954545456,29.552238681818185,29.2895865,32.58448440909091,34.96288813636364,32.43143518181818,24.414428,20.49897325000001,8.527786845454544,-7.521354263636365,-1.5539504873363648,1.5630780354545448,-17.702460040909095,0.4579735568181817,-8.711282954545455,18.792241961071426,13.429134031818185,2.666747663636364,11.23089716409091,5.980870636363636,-16.452437113636364,-4.204297154545454,0.8523054409090911,15.753237607142854,3.54971207875,-18.095253954545456,-21.33457677272727,-20.513757227272723,-20.88967300409091,-1.0570713250000003,2.331134259090909,7.135394805357143,12.026964954545456,31.305223363636365,38.51992659090909,40.77190777272728,39.44004086363637,6.732479363636363,0.0,0.0,0.0065364059090909,0.0185161415,0.0156662389954545,0.0206986164636363,0.0102369540272727,0.003979004,0.0,0.0
