mfcc1_sma3_1,mfcc1_sma3_2,mfcc1_sma3_3,mfcc1_sma3_4,mfcc1_sma3_5,mfcc1_sma3_6,mfcc1_sma3_7,mfcc1_sma3_8,mfcc2_sma3_1,mfcc2_sma3_2,mfcc2_sma3_3,mfcc2_sma3_4,mfcc2_sma3_5,mfcc2_sma3_6,mfcc2_sma3_7,mfcc2_sma3_8,mfcc3_sma3_1,mfcc3_sma3_2,mfcc3_sma3_3,mfcc3_sma3_4,mfcc3_sma3_5,mfcc3_sma3_6,mfcc3_sma3_7,mfcc3_sma3_8,mfcc4_sma3_1,mfcc4_sma3_2,mfcc4_sma3_3,mfcc4_sma3_4,mfcc4_sma3_5,mfcc4_sma3_6,mfcc4_sma3_7,mfcc4_sma3_8,F0semitoneFrom27.5Hz_sma3nz_1,F0semitoneFrom27.5Hz_sma3nz_2,F0semitoneFrom27.5Hz_sma3nz_3,F0semitoneFrom27.5Hz_sma3nz_4,F0semitoneFrom27.5Hz_sma3nz_5,F0semitoneFrom27.5Hz_sma3nz_6,F0semitoneFrom27.5Hz_sma3nz_7,F0semitoneFrom27.5Hz_sma3nz_8,jitterLocal_sma3nz_1,jitterLocal_sma3nz_2,jitterLocal_sma3nz_3,jitterLocal_sma3nz_4,jitterLocal_sma3nz_5,jitterLocal_sma3nz_6,jitterLocal_sma3nz_7,jitterLocal_sma3nz_8
21.1121722,18.28718414,17.984787960000002,21.914870600000004,26.7754456,26.89294636,27.76024456,23.40726496296296,26.58734656,-24.251963680000003,-13.485881548,-4.093495562399999,-6.578858804,-24.4866509752,-16.091099196000002,2.461427564814815,15.32281164,-1.0128223667999998,4.8062427628,15.346739595999995,-18.16057536,-10.133573692,-18.71387796,-0.2785357562962962,3.6507287024,-19.05238682,-34.401099,-24.149673759999995,-42.3398108,-18.42932104,-17.761649748000004,3.611253862962963,0.0,37.5572172,34.31456716,40.74432024,42.8283934,32.55930344,15.70075924,0.0,0.0,0.03114103368,0.0204991252359999,0.042280817584,0.016822859668,0.005769670884,0.01050914456,0.0
