mfcc1_sma3_1,mfcc1_sma3_2,mfcc1_sma3_3,mfcc1_sma3_4,mfcc1_sma3_5,mfcc1_sma3_6,mfcc1_sma3_7,mfcc1_sma3_8,mfcc2_sma3_1,mfcc2_sma3_2,mfcc2_sma3_3,mfcc2_sma3_4,mfcc2_sma3_5,mfcc2_sma3_6,mfcc2_sma3_7,mfcc2_sma3_8,mfcc3_sma3_1,mfcc3_sma3_2,mfcc3_sma3_3,mfcc3_sma3_4,mfcc3_sma3_5,mfcc3_sma3_6,mfcc3_sma3_7,mfcc3_sma3_8,mfcc4_sma3_1,mfcc4_sma3_2,mfcc4_sma3_3,mfcc4_sma3_4,mfcc4_sma3_5,mfcc4_sma3_6,mfcc4_sma3_7,mfcc4_sma3_8,F0semitoneFrom27.5Hz_sma3nz_1,F0semitoneFrom27.5Hz_sma3nz_2,F0semitoneFrom27.5Hz_sma3nz_3,F0semitoneFrom27.5Hz_sma3nz_4,F0semitoneFrom27.5Hz_sma3nz_5,F0semitoneFrom27.5Hz_sma3nz_6,F0semitoneFrom27.5Hz_sma3nz_7,F0semitoneFrom27.5Hz_sma3nz_8,jitterLocal_sma3nz_1,jitterLocal_sma3nz_2,jitterLocal_sma3nz_3,jitterLocal_sma3nz_4,jitterLocal_sma3nz_5,jitterLocal_sma3nz_6,jitterLocal_sma3nz_7,jitterLocal_sma3nz_8
20.561303958333333,15.44572225,23.859235416666667,18.834272916666663,27.50144879166667,12.209486775,22.47331379166667,29.27715803225806,25.69344266666667,-3.070252634166667,-13.248295920833334,-0.5096466500000002,-14.924149624999998,16.631111705,-6.7557458270833335,18.366868451612905,15.0007026875,18.303472891666665,-9.664794275,6.9958734525,-23.892543291666662,-5.744108283333333,-21.787855691666667,-6.37241322903226,4.852723379166666,-34.15365210416666,-20.156151175,-29.2220270625,-54.45143837499999,-17.90484283125,-54.75864225416666,-24.580979293548385,0.0,40.46639258333334,29.954242791666665,20.759022958333333,45.05081529166667,20.219345250000003,37.14326920833333,0.0,0.0,0.0353697707624999,0.0119976198666666,0.0093879034583333,0.0214858476041666,0.0073821706666666,0.01242084635,0.0
