mfcc1_sma3_1,mfcc1_sma3_2,mfcc1_sma3_3,mfcc1_sma3_4,mfcc1_sma3_5,mfcc1_sma3_6,mfcc1_sma3_7,mfcc1_sma3_8,mfcc2_sma3_1,mfcc2_sma3_2,mfcc2_sma3_3,mfcc2_sma3_4,mfcc2_sma3_5,mfcc2_sma3_6,mfcc2_sma3_7,mfcc2_sma3_8,mfcc3_sma3_1,mfcc3_sma3_2,mfcc3_sma3_3,mfcc3_sma3_4,mfcc3_sma3_5,mfcc3_sma3_6,mfcc3_sma3_7,mfcc3_sma3_8,mfcc4_sma3_1,mfcc4_sma3_2,mfcc4_sma3_3,mfcc4_sma3_4,mfcc4_sma3_5,mfcc4_sma3_6,mfcc4_sma3_7,mfcc4_sma3_8,F0semitoneFrom27.5Hz_sma3nz_1,F0semitoneFrom27.5Hz_sma3nz_2,F0semitoneFrom27.5Hz_sma3nz_3,F0semitoneFrom27.5Hz_sma3nz_4,F0semitoneFrom27.5Hz_sma3nz_5,F0semitoneFrom27.5Hz_sma3nz_6,F0semitoneFrom27.5Hz_sma3nz_7,F0semitoneFrom27.5Hz_sma3nz_8,jitterLocal_sma3nz_1,jitterLocal_sma3nz_2,jitterLocal_sma3nz_3,jitterLocal_sma3nz_4,jitterLocal_sma3nz_5,jitterLocal_sma3nz_6,jitterLocal_sma3nz_7,jitterLocal_sma3nz_8
20.48145196875,11.188037553125,9.597228986396876,7.700542389375,15.504031475,7.667573870625,19.879442828125,22.44211192105263,25.52088578125,-5.4981585146875,-17.398723275000002,-17.251862028125,-10.173587265625,-32.346036906250006,10.827500637500002,22.401442539473685,11.86644170625,4.007021059375,-17.76524766875,7.1049325562500005,-19.727567034375,-18.4592020375,8.362205553125,10.82064094736842,4.607639939375,-27.692518529687497,-37.27271540625,-27.84957584375,-19.007488975,-16.14171860625,7.30393534375,6.187594195526317,1.23760175,32.77272784375,44.5589279375,44.32698675,28.574334125,20.776191625000003,0.0,0.0,0.0,0.010700501734375,0.00561836754375,0.00875470680625,0.023772978159375,0.008941672146875,0.0,0.0
