mfcc1_sma3_1,mfcc1_sma3_2,mfcc1_sma3_3,mfcc1_sma3_4,mfcc1_sma3_5,mfcc1_sma3_6,mfcc1_sma3_7,mfcc1_sma3_8,mfcc2_sma3_1,mfcc2_sma3_2,mfcc2_sma3_3,mfcc2_sma3_4,mfcc2_sma3_5,mfcc2_sma3_6,mfcc2_sma3_7,mfcc2_sma3_8,mfcc3_sma3_1,mfcc3_sma3_2,mfcc3_sma3_3,mfcc3_sma3_4,mfcc3_sma3_5,mfcc3_sma3_6,mfcc3_sma3_7,mfcc3_sma3_8,mfcc4_sma3_1,mfcc4_sma3_2,mfcc4_sma3_3,mfcc4_sma3_4,mfcc4_sma3_5,mfcc4_sma3_6,mfcc4_sma3_7,mfcc4_sma3_8,F0semitoneFrom27.5Hz_sma3nz_1,F0semitoneFrom27.5Hz_sma3nz_2,F0semitoneFrom27.5Hz_sma3nz_3,F0semitoneFrom27.5Hz_sma3nz_4,F0semitoneFrom27.5Hz_sma3nz_5,F0semitoneFrom27.5Hz_sma3nz_6,F0semitoneFrom27.5Hz_sma3nz_7,F0semitoneFrom27.5Hz_sma3nz_8,jitterLocal_sma3nz_1,jitterLocal_sma3nz_2,jitterLocal_sma3nz_3,jitterLocal_sma3nz_4,jitterLocal_sma3nz_5,jitterLocal_sma3nz_6,jitterLocal_sma3nz_7,jitterLocal_sma3nz_8
21.187497545454548,25.020419727272728,35.0706235,28.49996563636364,19.409522522727272,36.37187086363637,24.35321490909091,20.016578272727276,25.58854218181818,15.32445655181818,-7.8637089636363635,-6.401695586363636,17.950722781818182,-2.3358206322727275,13.2404983485,24.921270454545457,14.14151,8.203949583181817,-3.777376772727272,3.4463167204545453,-3.4381933445454558,-1.348748637727273,6.53201179090909,15.038440295454542,4.481875536363637,-5.093719262272727,-17.363367704545453,-11.63566848272727,-1.699968465,-7.066759760909091,-3.1366141772727274,4.009089166363636,0.0,9.731899545454546,25.77064395454545,15.444995045454544,14.86262109090909,9.489120181818182,0.0,0.0,0.0,0.0083562473045454,0.0294650911818181,0.0183496719999999,0.0071613607272727,0.0012584517272727,0.0,0.0
