mfcc1_sma3_1,mfcc1_sma3_2,mfcc1_sma3_3,mfcc1_sma3_4,mfcc1_sma3_5,mfcc1_sma3_6,mfcc1_sma3_7,mfcc1_sma3_8,mfcc2_sma3_1,mfcc2_sma3_2,mfcc2_sma3_3,mfcc2_sma3_4,mfcc2_sma3_5,mfcc2_sma3_6,mfcc2_sma3_7,mfcc2_sma3_8,mfcc3_sma3_1,mfcc3_sma3_2,mfcc3_sma3_3,mfcc3_sma3_4,mfcc3_sma3_5,mfcc3_sma3_6,mfcc3_sma3_7,mfcc3_sma3_8,mfcc4_sma3_1,mfcc4_sma3_2,mfcc4_sma3_3,mfcc4_sma3_4,mfcc4_sma3_5,mfcc4_sma3_6,mfcc4_sma3_7,mfcc4_sma3_8,F0semitoneFrom27.5Hz_sma3nz_1,F0semitoneFrom27.5Hz_sma3nz_2,F0semitoneFrom27.5Hz_sma3nz_3,F0semitoneFrom27.5Hz_sma3nz_4,F0semitoneFrom27.5Hz_sma3nz_5,F0semitoneFrom27.5Hz_sma3nz_6,F0semitoneFrom27.5Hz_sma3nz_7,F0semitoneFrom27.5Hz_sma3nz_8,jitterLocal_sma3nz_1,jitterLocal_sma3nz_2,jitterLocal_sma3nz_3,jitterLocal_sma3nz_4,jitterLocal_sma3nz_5,jitterLocal_sma3nz_6,jitterLocal_sma3nz_7,jitterLocal_sma3nz_8
20.860430222222224,24.183219796296296,24.217873629629636,25.142370962962964,17.121041585185186,25.32663962074074,16.84278365555556,27.19892455555555,26.72265718518519,2.806723888888888,-24.24905455925926,-27.251290522222227,1.9800482277777776,7.358837109259258,4.340236451851852,15.98662788740741,14.804957851851851,13.216061165185184,4.1264699270370375,1.6592051822592593,20.871105670370373,17.482466,42.24110003703704,12.841117955555555,4.126147111111111,-2.9186461777777777,-25.887077259259257,-30.397206444444446,-38.83646707407407,-11.139268888148148,-49.0086452962963,-8.594116096296297,0.0,20.489974259259263,40.14080381481482,37.127164518518526,35.50963359259259,33.6358412962963,25.943179,0.0,0.0,0.0126157191111111,0.0244035561851851,0.0082752328074074,0.0132857621925925,0.0141899221888888,0.0079751882962962,0.0
