mfcc1_sma3_1,mfcc1_sma3_2,mfcc1_sma3_3,mfcc1_sma3_4,mfcc1_sma3_5,mfcc1_sma3_6,mfcc1_sma3_7,mfcc1_sma3_8,mfcc2_sma3_1,mfcc2_sma3_2,mfcc2_sma3_3,mfcc2_sma3_4,mfcc2_sma3_5,mfcc2_sma3_6,mfcc2_sma3_7,mfcc2_sma3_8,mfcc3_sma3_1,mfcc3_sma3_2,mfcc3_sma3_3,mfcc3_sma3_4,mfcc3_sma3_5,mfcc3_sma3_6,mfcc3_sma3_7,mfcc3_sma3_8,mfcc4_sma3_1,mfcc4_sma3_2,mfcc4_sma3_3,mfcc4_sma3_4,mfcc4_sma3_5,mfcc4_sma3_6,mfcc4_sma3_7,mfcc4_sma3_8,F0semitoneFrom27.5Hz_sma3nz_1,F0semitoneFrom27.5Hz_sma3nz_2,F0semitoneFrom27.5Hz_sma3nz_3,F0semitoneFrom27.5Hz_sma3nz_4,F0semitoneFrom27.5Hz_sma3nz_5,F0semitoneFrom27.5Hz_sma3nz_6,F0semitoneFrom27.5Hz_sma3nz_7,F0semitoneFrom27.5Hz_sma3nz_8,jitterLocal_sma3nz_1,jitterLocal_sma3nz_2,jitterLocal_sma3nz_3,jitterLocal_sma3nz_4,jitterLocal_sma3nz_5,jitterLocal_sma3nz_6,jitterLocal_sma3nz_7,jitterLocal_sma3nz_8
21.661768772727275,21.36406565,12.556285175454546,22.570924059090917,8.008330460909091,15.097713095454544,19.958349022727276,21.33157404545454,25.564658136363636,23.06227027272727,12.565879350000005,13.009290202727271,31.531303681818187,16.04830685454546,-2.0946657980909094,23.47132754545455,12.845267604545452,12.145798004545451,-11.168331404090909,-6.309549385,-2.033812427272727,-6.652934849999998,15.673653099999996,16.894129454545457,4.422147145454546,6.549510272727274,1.522597948181818,-2.091099099090909,5.378063431818182,-6.504519545454546,-12.114278357727272,8.006862295454546,0.0,9.856249590909092,23.13589209090909,12.997005272727272,15.30849009090909,19.55660018181818,0.0,0.0,0.0,0.00197183165,0.0031408627499999,0.0082531232272727,0.0088269318181818,0.0141498172045454,0.0,0.0
