mfcc1_sma3_1,mfcc1_sma3_2,mfcc1_sma3_3,mfcc1_sma3_4,mfcc1_sma3_5,mfcc1_sma3_6,mfcc1_sma3_7,mfcc1_sma3_8,mfcc2_sma3_1,mfcc2_sma3_2,mfcc2_sma3_3,mfcc2_sma3_4,mfcc2_sma3_5,mfcc2_sma3_6,mfcc2_sma3_7,mfcc2_sma3_8,mfcc3_sma3_1,mfcc3_sma3_2,mfcc3_sma3_3,mfcc3_sma3_4,mfcc3_sma3_5,mfcc3_sma3_6,mfcc3_sma3_7,mfcc3_sma3_8,mfcc4_sma3_1,mfcc4_sma3_2,mfcc4_sma3_3,mfcc4_sma3_4,mfcc4_sma3_5,mfcc4_sma3_6,mfcc4_sma3_7,mfcc4_sma3_8,F0semitoneFrom27.5Hz_sma3nz_1,F0semitoneFrom27.5Hz_sma3nz_2,F0semitoneFrom27.5Hz_sma3nz_3,F0semitoneFrom27.5Hz_sma3nz_4,F0semitoneFrom27.5Hz_sma3nz_5,F0semitoneFrom27.5Hz_sma3nz_6,F0semitoneFrom27.5Hz_sma3nz_7,F0semitoneFrom27.5Hz_sma3nz_8,jitterLocal_sma3nz_1,jitterLocal_sma3nz_2,jitterLocal_sma3nz_3,jitterLocal_sma3nz_4,jitterLocal_sma3nz_5,jitterLocal_sma3nz_6,jitterLocal_sma3nz_7,jitterLocal_sma3nz_8
23.01760865,21.28300525,36.03711,36.89205979999999,30.9792077,25.56826795,26.8852137,22.131737045454543,27.72642545,24.46139625,4.18336772,-3.613992150000001,11.501930846449998,16.36476775,22.885084599999995,26.98451204545455,14.98872105,14.79377026,-2.81234171,-0.6878505465000009,21.20580635,30.3839259,14.247511134999996,15.87374865909091,5.6359558325000005,4.755182225,-16.255025216499998,-14.46719158,-5.406917943,-20.96687862,-5.2037574775,3.733571093636364,0.0,1.8292534,37.55326515,38.8221532,32.2386209,31.434909750000003,7.071084000000001,0.0,0.0,0.0,0.0151370539799999,0.00880629358,0.0143244604099999,0.01691665793,0.00594230945,0.0
