mfcc1_sma3_1,mfcc1_sma3_2,mfcc1_sma3_3,mfcc1_sma3_4,mfcc1_sma3_5,mfcc1_sma3_6,mfcc1_sma3_7,mfcc1_sma3_8,mfcc2_sma3_1,mfcc2_sma3_2,mfcc2_sma3_3,mfcc2_sma3_4,mfcc2_sma3_5,mfcc2_sma3_6,mfcc2_sma3_7,mfcc2_sma3_8,mfcc3_sma3_1,mfcc3_sma3_2,mfcc3_sma3_3,mfcc3_sma3_4,mfcc3_sma3_5,mfcc3_sma3_6,mfcc3_sma3_7,mfcc3_sma3_8,mfcc4_sma3_1,mfcc4_sma3_2,mfcc4_sma3_3,mfcc4_sma3_4,mfcc4_sma3_5,mfcc4_sma3_6,mfcc4_sma3_7,mfcc4_sma3_8,F0semitoneFrom27.5Hz_sma3nz_1,F0semitoneFrom27.5Hz_sma3nz_2,F0semitoneFrom27.5Hz_sma3nz_3,F0semitoneFrom27.5Hz_sma3nz_4,F0semitoneFrom27.5Hz_sma3nz_5,F0semitoneFrom27.5Hz_sma3nz_6,F0semitoneFrom27.5Hz_sma3nz_7,F0semitoneFrom27.5Hz_sma3nz_8,jitterLocal_sma3nz_1,jitterLocal_sma3nz_2,jitterLocal_sma3nz_3,jitterLocal_sma3nz_4,jitterLocal_sma3nz_5,jitterLocal_sma3nz_6,jitterLocal_sma3nz_7,jitterLocal_sma3nz_8
22.59066537037037,26.25862985185185,20.563497597037035,39.32853625925927,31.035458111111105,23.192675166666668,35.83334792592592,16.95192273787879,26.572189111111108,7.213498884444444,8.40716451037037,-17.286995096296298,10.952661285185185,10.198356425185183,27.90403355555556,22.841508666666662,14.926469555555556,15.562442111111112,4.517578444444443,-9.583786902592593,11.269924514814814,-4.675009181481482,3.5755384133333337,12.037916527272728,4.91402022962963,-9.391239703703702,-25.105438425925925,-31.53135290740741,-5.1530870788888885,-25.749569635925926,-30.730952196296297,5.857783475757577,0.0,30.38406570370371,32.05382337037037,39.88546111111111,25.11166185185185,17.740549,14.179849518518518,0.0,0.0,0.0206292979629629,0.0147977844444444,0.0117597549592592,0.0119546812222222,0.0049034402222222,0.0212625281851851,0.0
