mfcc1_sma3_1,mfcc1_sma3_2,mfcc1_sma3_3,mfcc1_sma3_4,mfcc1_sma3_5,mfcc1_sma3_6,mfcc1_sma3_7,mfcc1_sma3_8,mfcc2_sma3_1,mfcc2_sma3_2,mfcc2_sma3_3,mfcc2_sma3_4,mfcc2_sma3_5,mfcc2_sma3_6,mfcc2_sma3_7,mfcc2_sma3_8,mfcc3_sma3_1,mfcc3_sma3_2,mfcc3_sma3_3,mfcc3_sma3_4,mfcc3_sma3_5,mfcc3_sma3_6,mfcc3_sma3_7,mfcc3_sma3_8,mfcc4_sma3_1,mfcc4_sma3_2,mfcc4_sma3_3,mfcc4_sma3_4,mfcc4_sma3_5,mfcc4_sma3_6,mfcc4_sma3_7,mfcc4_sma3_8,F0semitoneFrom27.5Hz_sma3nz_1,F0semitoneFrom27.5Hz_sma3nz_2,F0semitoneFrom27.5Hz_sma3nz_3,F0semitoneFrom27.5Hz_sma3nz_4,F0semitoneFrom27.5Hz_sma3nz_5,F0semitoneFrom27.5Hz_sma3nz_6,F0semitoneFrom27.5Hz_sma3nz_7,F0semitoneFrom27.5Hz_sma3nz_8,jitterLocal_sma3nz_1,jitterLocal_sma3nz_2,jitterLocal_sma3nz_3,jitterLocal_sma3nz_4,jitterLocal_sma3nz_5,jitterLocal_sma3nz_6,jitterLocal_sma3nz_7,jitterLocal_sma3nz_8
21.48842546875,19.764877703125,27.83780384375,25.015345265625,37.50735309375,18.4592677625,36.07017653125,24.248184131578952,23.6666988125,26.15287184375,6.7429083165625,12.658791068749998,5.36250435,23.2659273125,20.76183875,27.34331226315789,15.746236562500002,16.039833796875,17.415633791875003,9.8630996528125,-14.6379895,2.5914437203125,-12.302750325,11.464600036842103,7.523498421875,6.7975007625,-9.46347064375,-8.67417925625,-35.4805766125,-9.4087079875,-30.616128434375,1.1971805473684212,0.0,0.0,17.66661121875,25.9685459375,23.25690109375,11.82940415625,0.0,0.0,0.0,0.0,0.01264565725,0.0054474295999999,0.0165635218437499,0.00868946565625,0.0,0.0
