mfcc1_sma3_1,mfcc1_sma3_2,mfcc1_sma3_3,mfcc1_sma3_4,mfcc1_sma3_5,mfcc1_sma3_6,mfcc1_sma3_7,mfcc1_sma3_8,mfcc2_sma3_1,mfcc2_sma3_2,mfcc2_sma3_3,mfcc2_sma3_4,mfcc2_sma3_5,mfcc2_sma3_6,mfcc2_sma3_7,mfcc2_sma3_8,mfcc3_sma3_1,mfcc3_sma3_2,mfcc3_sma3_3,mfcc3_sma3_4,mfcc3_sma3_5,mfcc3_sma3_6,mfcc3_sma3_7,mfcc3_sma3_8,mfcc4_sma3_1,mfcc4_sma3_2,mfcc4_sma3_3,mfcc4_sma3_4,mfcc4_sma3_5,mfcc4_sma3_6,mfcc4_sma3_7,mfcc4_sma3_8,F0semitoneFrom27.5Hz_sma3nz_1,F0semitoneFrom27.5Hz_sma3nz_2,F0semitoneFrom27.5Hz_sma3nz_3,F0semitoneFrom27.5Hz_sma3nz_4,F0semitoneFrom27.5Hz_sma3nz_5,F0semitoneFrom27.5Hz_sma3nz_6,F0semitoneFrom27.5Hz_sma3nz_7,F0semitoneFrom27.5Hz_sma3nz_8,jitterLocal_sma3nz_1,jitterLocal_sma3nz_2,jitterLocal_sma3nz_3,jitterLocal_sma3nz_4,jitterLocal_sma3nz_5,jitterLocal_sma3nz_6,jitterLocal_sma3nz_7,jitterLocal_sma3nz_8
22.058298818181814,22.21213345454545,28.05413240909091,19.83120627727273,13.844099545454544,23.75185353668182,10.193752372727271,22.47017910714285,26.046743681818175,16.53370609090909,-7.310929438636364,-11.42123702,-19.811728309090903,-3.751343569999999,25.79253368181818,26.993856928571425,16.421134818181823,9.250877531818183,-5.848420932727273,20.91637754545454,17.247689527272726,11.524139118181818,9.778013109090908,14.15826230357143,6.027020016363635,-2.718928824636364,-12.140118672727276,-24.053743772727277,-21.68231645454545,-19.92607036181818,2.3641789227272727,4.4905130346428574,0.0,15.95280427272727,39.890756681818175,25.67398895454545,34.76881154545455,15.265881681818184,0.0,0.0,0.0,0.0065629373181818,0.0069940448454545,0.0090369305681818,0.0076847491590909,0.0205568846363636,0.0,0.0
