mfcc1_sma3_1,mfcc1_sma3_2,mfcc1_sma3_3,mfcc1_sma3_4,mfcc1_sma3_5,mfcc1_sma3_6,mfcc1_sma3_7,mfcc1_sma3_8,mfcc2_sma3_1,mfcc2_sma3_2,mfcc2_sma3_3,mfcc2_sma3_4,mfcc2_sma3_5,mfcc2_sma3_6,mfcc2_sma3_7,mfcc2_sma3_8,mfcc3_sma3_1,mfcc3_sma3_2,mfcc3_sma3_3,mfcc3_sma3_4,mfcc3_sma3_5,mfcc3_sma3_6,mfcc3_sma3_7,mfcc3_sma3_8,mfcc4_sma3_1,mfcc4_sma3_2,mfcc4_sma3_3,mfcc4_sma3_4,mfcc4_sma3_5,mfcc4_sma3_6,mfcc4_sma3_7,mfcc4_sma3_8,F0semitoneFrom27.5Hz_sma3nz_1,F0semitoneFrom27.5Hz_sma3nz_2,F0semitoneFrom27.5Hz_sma3nz_3,F0semitoneFrom27.5Hz_sma3nz_4,F0semitoneFrom27.5Hz_sma3nz_5,F0semitoneFrom27.5Hz_sma3nz_6,F0semitoneFrom27.5Hz_sma3nz_7,F0semitoneFrom27.5Hz_sma3nz_8,jitterLocal_sma3nz_1,jitterLocal_sma3nz_2,jitterLocal_sma3nz_3,jitterLocal_sma3nz_4,jitterLocal_sma3nz_5,jitterLocal_sma3nz_6,jitterLocal_sma3nz_7,jitterLocal_sma3nz_8
26.936466178571436,13.033432808071428,26.89784639285714,27.12357226785714,33.76959621428572,25.44165596428571,5.295074531071427,17.787410517545457,19.326281559285714,11.2680195,-12.396735125714285,-2.505227767857143,12.692688039285716,-4.3518135892857135,27.73626436428572,26.25753812121212,8.25638973692857,-9.690702284285717,-0.9352793750000004,3.7620619325,-8.160027587857142,19.401397378571428,0.9442769071428572,15.61384922121212,-8.228910143928571,-5.797113152142857,-24.81096666071429,-17.849450960714282,-28.401643025,-29.133854257142865,2.5073087485714285,10.644170824242424,23.035189535714288,23.01038360714286,30.874874,22.4881215,37.49881217857143,28.57278575,0.0,0.0,0.0479313808214285,0.0057034328571428,0.0065751900892857,0.0079852138035714,0.0157830672499999,0.0145141251,0.0,0.0
