mfcc1_sma3_1,mfcc1_sma3_2,mfcc1_sma3_3,mfcc1_sma3_4,mfcc1_sma3_5,mfcc1_sma3_6,mfcc1_sma3_7,mfcc1_sma3_8,mfcc2_sma3_1,mfcc2_sma3_2,mfcc2_sma3_3,mfcc2_sma3_4,mfcc2_sma3_5,mfcc2_sma3_6,mfcc2_sma3_7,mfcc2_sma3_8,mfcc3_sma3_1,mfcc3_sma3_2,mfcc3_sma3_3,mfcc3_sma3_4,mfcc3_sma3_5,mfcc3_sma3_6,mfcc3_sma3_7,mfcc3_sma3_8,mfcc4_sma3_1,mfcc4_sma3_2,mfcc4_sma3_3,mfcc4_sma3_4,mfcc4_sma3_5,mfcc4_sma3_6,mfcc4_sma3_7,mfcc4_sma3_8,F0semitoneFrom27.5Hz_sma3nz_1,F0semitoneFrom27.5Hz_sma3nz_2,F0semitoneFrom27.5Hz_sma3nz_3,F0semitoneFrom27.5Hz_sma3nz_4,F0semitoneFrom27.5Hz_sma3nz_5,F0semitoneFrom27.5Hz_sma3nz_6,F0semitoneFrom27.5Hz_sma3nz_7,F0semitoneFrom27.5Hz_sma3nz_8,jitterLocal_sma3nz_1,jitterLocal_sma3nz_2,jitterLocal_sma3nz_3,jitterLocal_sma3nz_4,jitterLocal_sma3nz_5,jitterLocal_sma3nz_6,jitterLocal_sma3nz_7,jitterLocal_sma3nz_8
22.125246606060607,21.944552530303028,24.294627730303034,37.81008715151516,30.99215772727273,27.854123727272725,35.42234942424243,21.31719217142857,26.89789545454545,23.31086651515152,21.58564683333333,-4.38152457939394,19.346852275757577,14.413023824242424,24.116293909090903,25.02212222857143,14.407138484848486,20.00708072727273,19.64891333030303,-12.137163166666667,8.859621033939394,3.824823132121212,-4.1613635537193945,15.781067171428573,5.070504647272728,0.9306778645454544,-2.807500806666667,-14.976108274242424,-11.129642239393938,-17.24708981666667,-41.36802055151515,4.176243798571429,0.0,6.400180757575757,21.40216133333333,38.61979403030304,13.47052003030303,15.767699636363634,14.82625581818182,0.0,0.0,0.0004669140393939,0.0182259674242424,0.0109781580545454,0.0037362683939393,0.007724192060606,0.0059535446090909,0.0
