mfcc1_sma3_1,mfcc1_sma3_2,mfcc1_sma3_3,mfcc1_sma3_4,mfcc1_sma3_5,mfcc1_sma3_6,mfcc1_sma3_7,mfcc1_sma3_8,mfcc2_sma3_1,mfcc2_sma3_2,mfcc2_sma3_3,mfcc2_sma3_4,mfcc2_sma3_5,mfcc2_sma3_6,mfcc2_sma3_7,mfcc2_sma3_8,mfcc3_sma3_1,mfcc3_sma3_2,mfcc3_sma3_3,mfcc3_sma3_4,mfcc3_sma3_5,mfcc3_sma3_6,mfcc3_sma3_7,mfcc3_sma3_8,mfcc4_sma3_1,mfcc4_sma3_2,mfcc4_sma3_3,mfcc4_sma3_4,mfcc4_sma3_5,mfcc4_sma3_6,mfcc4_sma3_7,mfcc4_sma3_8,F0semitoneFrom27.5Hz_sma3nz_1,F0semitoneFrom27.5Hz_sma3nz_2,F0semitoneFrom27.5Hz_sma3nz_3,F0semitoneFrom27.5Hz_sma3nz_4,F0semitoneFrom27.5Hz_sma3nz_5,F0semitoneFrom27.5Hz_sma3nz_6,F0semitoneFrom27.5Hz_sma3nz_7,F0semitoneFrom27.5Hz_sma3nz_8,jitterLocal_sma3nz_1,jitterLocal_sma3nz_2,jitterLocal_sma3nz_3,jitterLocal_sma3nz_4,jitterLocal_sma3nz_5,jitterLocal_sma3nz_6,jitterLocal_sma3nz_7,jitterLocal_sma3nz_8
22.68479620588235,21.581368647058827,27.02440314705882,24.540696894117644,33.36698223529411,28.213658852941176,26.51666247058824,22.69000010526316,23.435174411764702,20.617373647058827,17.174576791176467,18.88348097647059,10.105564241176472,20.763723714705883,21.789499058823527,23.10395531578947,10.252722505882351,13.578842867647056,15.241975684205883,13.795686911764706,-10.538592607352944,8.085596970588236,1.090946622058824,11.837046705263155,4.104852938088236,8.291531038235293,1.6463271205882353,-5.698081917058823,-12.049595382352942,-7.726318321764706,-17.513350490588234,2.5599537428947365,0.0,0.0,2.3549824411764706,11.294750705882352,9.617100941176467,14.059658352941176,0.0,0.0,0.0,0.0,0.0,0.0107397257058823,0.0012514945588235,0.0154661041470588,0.0,0.0
