mfcc1_sma3_1,mfcc1_sma3_2,mfcc1_sma3_3,mfcc1_sma3_4,mfcc1_sma3_5,mfcc1_sma3_6,mfcc1_sma3_7,mfcc1_sma3_8,mfcc2_sma3_1,mfcc2_sma3_2,mfcc2_sma3_3,mfcc2_sma3_4,mfcc2_sma3_5,mfcc2_sma3_6,mfcc2_sma3_7,mfcc2_sma3_8,mfcc3_sma3_1,mfcc3_sma3_2,mfcc3_sma3_3,mfcc3_sma3_4,mfcc3_sma3_5,mfcc3_sma3_6,mfcc3_sma3_7,mfcc3_sma3_8,mfcc4_sma3_1,mfcc4_sma3_2,mfcc4_sma3_3,mfcc4_sma3_4,mfcc4_sma3_5,mfcc4_sma3_6,mfcc4_sma3_7,mfcc4_sma3_8,F0semitoneFrom27.5Hz_sma3nz_1,F0semitoneFrom27.5Hz_sma3nz_2,F0semitoneFrom27.5Hz_sma3nz_3,F0semitoneFrom27.5Hz_sma3nz_4,F0semitoneFrom27.5Hz_sma3nz_5,F0semitoneFrom27.5Hz_sma3nz_6,F0semitoneFrom27.5Hz_sma3nz_7,F0semitoneFrom27.5Hz_sma3nz_8,jitterLocal_sma3nz_1,jitterLocal_sma3nz_2,jitterLocal_sma3nz_3,jitterLocal_sma3nz_4,jitterLocal_sma3nz_5,jitterLocal_sma3nz_6,jitterLocal_sma3nz_7,jitterLocal_sma3nz_8
22.9764241724138,21.72308524137932,18.330960810344823,22.687087862068967,23.941479206896556,20.66988248275862,25.538985706896558,19.29025375862069,24.723037137931037,-3.789809948275863,-2.4118977524137937,-9.437653937931032,-3.502594192413792,-19.693188604827583,16.329210679310346,18.79402727586207,11.351969289655171,-2.55883531724138,1.5310729034482755,-12.595667710344827,0.3603045896551723,-8.944507086206896,8.65432351034483,11.857175596551723,3.975348810344828,-5.792804891034481,-4.326997865379309,-1.1701923972413797,-16.755384034482756,-2.9883104860344827,-5.105752888965515,4.707504329655172,0.0,33.967468000000004,30.66934227586207,40.90910420689656,28.861706896551723,17.441809551724138,0.0,0.0,0.0,0.0492117262034482,0.0118620328241379,0.015836861,0.0166232033034482,0.0128659918275862,0.0,0.0
