mfcc1_sma3_1,mfcc1_sma3_2,mfcc1_sma3_3,mfcc1_sma3_4,mfcc1_sma3_5,mfcc1_sma3_6,mfcc1_sma3_7,mfcc1_sma3_8,mfcc2_sma3_1,mfcc2_sma3_2,mfcc2_sma3_3,mfcc2_sma3_4,mfcc2_sma3_5,mfcc2_sma3_6,mfcc2_sma3_7,mfcc2_sma3_8,mfcc3_sma3_1,mfcc3_sma3_2,mfcc3_sma3_3,mfcc3_sma3_4,mfcc3_sma3_5,mfcc3_sma3_6,mfcc3_sma3_7,mfcc3_sma3_8,mfcc4_sma3_1,mfcc4_sma3_2,mfcc4_sma3_3,mfcc4_sma3_4,mfcc4_sma3_5,mfcc4_sma3_6,mfcc4_sma3_7,mfcc4_sma3_8,F0semitoneFrom27.5Hz_sma3nz_1,F0semitoneFrom27.5Hz_sma3nz_2,F0semitoneFrom27.5Hz_sma3nz_3,F0semitoneFrom27.5Hz_sma3nz_4,F0semitoneFrom27.5Hz_sma3nz_5,F0semitoneFrom27.5Hz_sma3nz_6,F0semitoneFrom27.5Hz_sma3nz_7,F0semitoneFrom27.5Hz_sma3nz_8,jitterLocal_sma3nz_1,jitterLocal_sma3nz_2,jitterLocal_sma3nz_3,jitterLocal_sma3nz_4,jitterLocal_sma3nz_5,jitterLocal_sma3nz_6,jitterLocal_sma3nz_7,jitterLocal_sma3nz_8
19.8306566375,16.250011457000003,13.689992387500002,9.15172888575,16.29063463905,19.195956354,23.25885535,21.73788386956522,20.325110825000003,7.606861115000001,18.5388784265,18.7420425975,-1.20261419375,-2.7203868790000003,9.7250319925,23.28072826086956,16.9332343675,11.0995544725,14.528448904250002,14.17740495325,6.588616030750001,3.9859833905,10.53116335,10.380051619565217,2.351005351725,-9.597386264,-9.01113634325,-1.5267715075000003,-11.48848087325,-21.786777355,-1.997537245,3.713642558695652,0.0,19.549115175,18.275740275,15.9497374,25.1053567,25.658543599999994,1.6394577499999996,0.0,0.0,0.0060161255325,0.032177785825,0.016420890645,0.0133438108175,0.008589003355,0.0003521925999999,0.0
