mfcc1_sma3_1,mfcc1_sma3_2,mfcc1_sma3_3,mfcc1_sma3_4,mfcc1_sma3_5,mfcc1_sma3_6,mfcc1_sma3_7,mfcc1_sma3_8,mfcc2_sma3_1,mfcc2_sma3_2,mfcc2_sma3_3,mfcc2_sma3_4,mfcc2_sma3_5,mfcc2_sma3_6,mfcc2_sma3_7,mfcc2_sma3_8,mfcc3_sma3_1,mfcc3_sma3_2,mfcc3_sma3_3,mfcc3_sma3_4,mfcc3_sma3_5,mfcc3_sma3_6,mfcc3_sma3_7,mfcc3_sma3_8,mfcc4_sma3_1,mfcc4_sma3_2,mfcc4_sma3_3,mfcc4_sma3_4,mfcc4_sma3_5,mfcc4_sma3_6,mfcc4_sma3_7,mfcc4_sma3_8,F0semitoneFrom27.5Hz_sma3nz_1,F0semitoneFrom27.5Hz_sma3nz_2,F0semitoneFrom27.5Hz_sma3nz_3,F0semitoneFrom27.5Hz_sma3nz_4,F0semitoneFrom27.5Hz_sma3nz_5,F0semitoneFrom27.5Hz_sma3nz_6,F0semitoneFrom27.5Hz_sma3nz_7,F0semitoneFrom27.5Hz_sma3nz_8,jitterLocal_sma3nz_1,jitterLocal_sma3nz_2,jitterLocal_sma3nz_3,jitterLocal_sma3nz_4,jitterLocal_sma3nz_5,jitterLocal_sma3nz_6,jitterLocal_sma3nz_7,jitterLocal_sma3nz_8
23.31958515384616,15.047748716153846,22.65895184615385,29.142989499999995,33.97604953846154,22.777508807692307,31.829055384615383,21.015651066666667,14.52004646153846,4.772359355384615,-6.046041203846154,-0.5617043230769234,25.17826730769231,11.64092775346154,28.746227153846156,18.81744588666667,12.367969542307694,19.36565844230769,-6.216240779807691,-17.472286257692307,14.597744698461542,-1.1473655769230766,3.9599902403846152,13.81800316,-1.2318717846153846,-13.345207734615384,-27.161971998653847,-29.18024966538461,-10.26176086807692,-31.045939773846158,-42.23457261538461,1.2690753158,14.445883423076925,24.395894384615385,37.62559080769231,34.753184730769235,29.34065676923077,24.7405415,4.141441115384615,0.0,0.0016921393846153,0.0049347544961538,0.0148598003807692,0.0139649890692307,0.0153872844692307,0.0057391172923076,0.0007020186884615,0.0
