mfcc1_sma3_1,mfcc1_sma3_2,mfcc1_sma3_3,mfcc1_sma3_4,mfcc1_sma3_5,mfcc1_sma3_6,mfcc1_sma3_7,mfcc1_sma3_8,mfcc2_sma3_1,mfcc2_sma3_2,mfcc2_sma3_3,mfcc2_sma3_4,mfcc2_sma3_5,mfcc2_sma3_6,mfcc2_sma3_7,mfcc2_sma3_8,mfcc3_sma3_1,mfcc3_sma3_2,mfcc3_sma3_3,mfcc3_sma3_4,mfcc3_sma3_5,mfcc3_sma3_6,mfcc3_sma3_7,mfcc3_sma3_8,mfcc4_sma3_1,mfcc4_sma3_2,mfcc4_sma3_3,mfcc4_sma3_4,mfcc4_sma3_5,mfcc4_sma3_6,mfcc4_sma3_7,mfcc4_sma3_8,F0semitoneFrom27.5Hz_sma3nz_1,F0semitoneFrom27.5Hz_sma3nz_2,F0semitoneFrom27.5Hz_sma3nz_3,F0semitoneFrom27.5Hz_sma3nz_4,F0semitoneFrom27.5Hz_sma3nz_5,F0semitoneFrom27.5Hz_sma3nz_6,F0semitoneFrom27.5Hz_sma3nz_7,F0semitoneFrom27.5Hz_sma3nz_8,jitterLocal_sma3nz_1,jitterLocal_sma3nz_2,jitterLocal_sma3nz_3,jitterLocal_sma3nz_4,jitterLocal_sma3nz_5,jitterLocal_sma3nz_6,jitterLocal_sma3nz_7,jitterLocal_sma3nz_8
18.97047582222222,21.68490851851852,2.2196824,14.142168151851854,9.295926942962964,3.057998148148149,14.3734387,21.593444235294125,19.798552844444444,14.767900869037032,1.3298987481481492,3.3674948888148157,21.544227092592592,10.95724163925926,1.1679662688888888,21.53384029411765,9.016057188888889,3.940562329629629,-6.239471873925925,1.2811724711111112,13.903009592592593,1.729403447777778,16.217560774074073,11.72228678235294,2.875269461111111,-2.1272860962962965,-8.30917244074074,-6.843660607407407,-0.6063588296296295,-1.5213504370370377,-24.669906611111102,3.9540810323529407,0.0,15.499187666666664,25.48500659259259,25.880766296296294,17.770735148148148,20.804524222222224,4.589078333333333,0.0,0.0,0.002871002837037,0.0037300660481481,0.0071031139444444,0.0154877415555555,0.0229504524962963,0.0005477644592592,0.0
