mfcc1_sma3_1,mfcc1_sma3_2,mfcc1_sma3_3,mfcc1_sma3_4,mfcc1_sma3_5,mfcc1_sma3_6,mfcc1_sma3_7,mfcc1_sma3_8,mfcc2_sma3_1,mfcc2_sma3_2,mfcc2_sma3_3,mfcc2_sma3_4,mfcc2_sma3_5,mfcc2_sma3_6,mfcc2_sma3_7,mfcc2_sma3_8,mfcc3_sma3_1,mfcc3_sma3_2,mfcc3_sma3_3,mfcc3_sma3_4,mfcc3_sma3_5,mfcc3_sma3_6,mfcc3_sma3_7,mfcc3_sma3_8,mfcc4_sma3_1,mfcc4_sma3_2,mfcc4_sma3_3,mfcc4_sma3_4,mfcc4_sma3_5,mfcc4_sma3_6,mfcc4_sma3_7,mfcc4_sma3_8,F0semitoneFrom27.5Hz_sma3nz_1,F0semitoneFrom27.5Hz_sma3nz_2,F0semitoneFrom27.5Hz_sma3nz_3,F0semitoneFrom27.5Hz_sma3nz_4,F0semitoneFrom27.5Hz_sma3nz_5,F0semitoneFrom27.5Hz_sma3nz_6,F0semitoneFrom27.5Hz_sma3nz_7,F0semitoneFrom27.5Hz_sma3nz_8,jitterLocal_sma3nz_1,jitterLocal_sma3nz_2,jitterLocal_sma3nz_3,jitterLocal_sma3nz_4,jitterLocal_sma3nz_5,jitterLocal_sma3nz_6,jitterLocal_sma3nz_7,jitterLocal_sma3nz_8
21.961176433333332,23.70824513333333,-0.1280020256666666,17.24695170333333,21.33289674,28.90584196666666,18.50557115,10.6680984335,23.965815166666676,16.77940059233333,3.1089684599999994,-15.768901046666668,-3.969789903333334,5.296390088000001,4.859130696666667,25.69887884375,10.167460516666663,0.1628488466666666,-4.0680110806666665,-3.650440183333333,-6.112663529333333,-5.233032546199999,23.198102866666662,5.590461775,2.3451416775666667,-11.525942016666669,2.30079549,-4.896155207333334,-20.702327816666664,-41.30935401000001,-23.871467723333332,10.424642326875,0.0,25.22682,20.211775766666666,28.782220533333334,27.71131403333333,36.54898213333333,16.077282699999998,0.0,0.0,0.0032900967866666,0.0032539231366666,0.0187054554399999,0.0067792932266666,0.02910972198,0.0085077336766666,0.0
