mfcc1_sma3_1,mfcc1_sma3_2,mfcc1_sma3_3,mfcc1_sma3_4,mfcc1_sma3_5,mfcc1_sma3_6,mfcc1_sma3_7,mfcc1_sma3_8,mfcc2_sma3_1,mfcc2_sma3_2,mfcc2_sma3_3,mfcc2_sma3_4,mfcc2_sma3_5,mfcc2_sma3_6,mfcc2_sma3_7,mfcc2_sma3_8,mfcc3_sma3_1,mfcc3_sma3_2,mfcc3_sma3_3,mfcc3_sma3_4,mfcc3_sma3_5,mfcc3_sma3_6,mfcc3_sma3_7,mfcc3_sma3_8,mfcc4_sma3_1,mfcc4_sma3_2,mfcc4_sma3_3,mfcc4_sma3_4,mfcc4_sma3_5,mfcc4_sma3_6,mfcc4_sma3_7,mfcc4_sma3_8,F0semitoneFrom27.5Hz_sma3nz_1,F0semitoneFrom27.5Hz_sma3nz_2,F0semitoneFrom27.5Hz_sma3nz_3,F0semitoneFrom27.5Hz_sma3nz_4,F0semitoneFrom27.5Hz_sma3nz_5,F0semitoneFrom27.5Hz_sma3nz_6,F0semitoneFrom27.5Hz_sma3nz_7,F0semitoneFrom27.5Hz_sma3nz_8,jitterLocal_sma3nz_1,jitterLocal_sma3nz_2,jitterLocal_sma3nz_3,jitterLocal_sma3nz_4,jitterLocal_sma3nz_5,jitterLocal_sma3nz_6,jitterLocal_sma3nz_7,jitterLocal_sma3nz_8
22.761203703703703,22.344619333333327,13.440173722222225,14.1273454,9.964180668148147,10.240096666666668,13.654647796296295,15.273504866666665,22.39697240740741,21.21309609259259,9.405942022222222,7.252179630370371,-2.558293892592592,-7.046337318518519,-26.1077775925926,-10.201736838333336,7.4793288185185185,10.482890777777778,17.46955462962963,13.851662377777778,4.056696140370371,-17.08549717037037,-10.349234603703705,-13.205222030000003,3.242434139037037,5.165038489629629,4.557933005555555,7.730858915925926,-4.998362557777778,-51.18045007407408,-10.610700561777778,-20.80711910833333,0.0,0.0,0.0,3.3603562222222223,43.8281562962963,44.38578603703704,45.0310405925926,20.607869633333337,0.0,0.0,0.0,0.0,0.0609937987259259,0.009563608774074,0.0099951130999999,0.0056809683166666
