mfcc1_sma3_1,mfcc1_sma3_2,mfcc1_sma3_3,mfcc1_sma3_4,mfcc1_sma3_5,mfcc1_sma3_6,mfcc1_sma3_7,mfcc1_sma3_8,mfcc2_sma3_1,mfcc2_sma3_2,mfcc2_sma3_3,mfcc2_sma3_4,mfcc2_sma3_5,mfcc2_sma3_6,mfcc2_sma3_7,mfcc2_sma3_8,mfcc3_sma3_1,mfcc3_sma3_2,mfcc3_sma3_3,mfcc3_sma3_4,mfcc3_sma3_5,mfcc3_sma3_6,mfcc3_sma3_7,mfcc3_sma3_8,mfcc4_sma3_1,mfcc4_sma3_2,mfcc4_sma3_3,mfcc4_sma3_4,mfcc4_sma3_5,mfcc4_sma3_6,mfcc4_sma3_7,mfcc4_sma3_8,F0semitoneFrom27.5Hz_sma3nz_1,F0semitoneFrom27.5Hz_sma3nz_2,F0semitoneFrom27.5Hz_sma3nz_3,F0semitoneFrom27.5Hz_sma3nz_4,F0semitoneFrom27.5Hz_sma3nz_5,F0semitoneFrom27.5Hz_sma3nz_6,F0semitoneFrom27.5Hz_sma3nz_7,F0semitoneFrom27.5Hz_sma3nz_8,jitterLocal_sma3nz_1,jitterLocal_sma3nz_2,jitterLocal_sma3nz_3,jitterLocal_sma3nz_4,jitterLocal_sma3nz_5,jitterLocal_sma3nz_6,jitterLocal_sma3nz_7,jitterLocal_sma3nz_8
21.00724544827586,18.960358310344827,20.334295775862067,20.243761810344825,24.191434172413796,20.64632622689655,20.89472562068965,22.369439291666662,23.03219603448277,16.030421241379308,-5.9045958379310335,-13.171805186206894,-4.63287923586207,20.679004251724137,14.32704228275862,19.233273025000003,9.045939741379309,16.770182137931034,-4.806550251724138,-19.806597541034485,9.82237040172414,18.648842172413797,31.474985379310343,10.395826833333333,6.7993093655172405,7.988554193103448,-2.930926558620689,-17.68266469586207,-16.470614186206898,3.661498541379311,-20.337168060689656,1.018440648333333,0.0,0.0,29.56198586206896,40.3888537586207,33.775772,17.46570151724138,7.953598896551724,0.0,0.0,0.0,0.0196095536172413,0.0080929408448275,0.01334643155,0.0109961700275862,0.0066941483103448,0.0
