mfcc1_sma3_1,mfcc1_sma3_2,mfcc1_sma3_3,mfcc1_sma3_4,mfcc1_sma3_5,mfcc1_sma3_6,mfcc1_sma3_7,mfcc1_sma3_8,mfcc2_sma3_1,mfcc2_sma3_2,mfcc2_sma3_3,mfcc2_sma3_4,mfcc2_sma3_5,mfcc2_sma3_6,mfcc2_sma3_7,mfcc2_sma3_8,mfcc3_sma3_1,mfcc3_sma3_2,mfcc3_sma3_3,mfcc3_sma3_4,mfcc3_sma3_5,mfcc3_sma3_6,mfcc3_sma3_7,mfcc3_sma3_8,mfcc4_sma3_1,mfcc4_sma3_2,mfcc4_sma3_3,mfcc4_sma3_4,mfcc4_sma3_5,mfcc4_sma3_6,mfcc4_sma3_7,mfcc4_sma3_8,F0semitoneFrom27.5Hz_sma3nz_1,F0semitoneFrom27.5Hz_sma3nz_2,F0semitoneFrom27.5Hz_sma3nz_3,F0semitoneFrom27.5Hz_sma3nz_4,F0semitoneFrom27.5Hz_sma3nz_5,F0semitoneFrom27.5Hz_sma3nz_6,F0semitoneFrom27.5Hz_sma3nz_7,F0semitoneFrom27.5Hz_sma3nz_8,jitterLocal_sma3nz_1,jitterLocal_sma3nz_2,jitterLocal_sma3nz_3,jitterLocal_sma3nz_4,jitterLocal_sma3nz_5,jitterLocal_sma3nz_6,jitterLocal_sma3nz_7,jitterLocal_sma3nz_8
17.305364875,24.84575189583333,18.9774934875,22.380926875,15.704845379166663,22.792785029166662,17.856246395416665,18.341648066666668,10.300058308666664,-7.707580566666667,-15.275064183333331,-5.3650957,13.698286875,-12.747403208333331,-1.2047092916666668,16.456467066666665,9.474623307083332,-14.329798789166668,-16.502730695833332,-7.72096356,-2.786037939166667,-14.900829620833337,-20.027629445416668,12.492308708333333,7.370961133333334,-17.281057754166667,-10.983103858333331,-11.663498069583335,1.709155079166667,-9.3013646,-10.4305100375,7.878171820833334,3.332997166666667,27.40179170833333,37.11960058333334,24.567145916666664,15.544607583333333,25.843259041666663,8.961486166666665,0.0,0.0,0.0163465832375,0.0131992779166666,0.0083072025416666,0.0076682915416666,0.0200963390208333,0.0038293756541666,0.0
