mfcc1_sma3_1,mfcc1_sma3_2,mfcc1_sma3_3,mfcc1_sma3_4,mfcc1_sma3_5,mfcc1_sma3_6,mfcc1_sma3_7,mfcc1_sma3_8,mfcc2_sma3_1,mfcc2_sma3_2,mfcc2_sma3_3,mfcc2_sma3_4,mfcc2_sma3_5,mfcc2_sma3_6,mfcc2_sma3_7,mfcc2_sma3_8,mfcc3_sma3_1,mfcc3_sma3_2,mfcc3_sma3_3,mfcc3_sma3_4,mfcc3_sma3_5,mfcc3_sma3_6,mfcc3_sma3_7,mfcc3_sma3_8,mfcc4_sma3_1,mfcc4_sma3_2,mfcc4_sma3_3,mfcc4_sma3_4,mfcc4_sma3_5,mfcc4_sma3_6,mfcc4_sma3_7,mfcc4_sma3_8,F0semitoneFrom27.5Hz_sma3nz_1,F0semitoneFrom27.5Hz_sma3nz_2,F0semitoneFrom27.5Hz_sma3nz_3,F0semitoneFrom27.5Hz_sma3nz_4,F0semitoneFrom27.5Hz_sma3nz_5,F0semitoneFrom27.5Hz_sma3nz_6,F0semitoneFrom27.5Hz_sma3nz_7,F0semitoneFrom27.5Hz_sma3nz_8,jitterLocal_sma3nz_1,jitterLocal_sma3nz_2,jitterLocal_sma3nz_3,jitterLocal_sma3nz_4,jitterLocal_sma3nz_5,jitterLocal_sma3nz_6,jitterLocal_sma3nz_7,jitterLocal_sma3nz_8
21.808521848484848,20.82939421212121,14.728019337878788,20.517197545454543,11.756210451515152,24.26155518181818,29.9095986060606,27.480375236842107,23.849608818181817,21.08155209090909,-2.4770994151515158,2.406339233333333,20.290204242424245,21.339049090909096,25.270905181818183,14.139949077105262,10.365771657575758,12.009309357575756,-3.1678799,14.862037326060609,17.977276275151514,6.3864746424242425,-0.6269484727575758,-7.843318599999999,6.202649269696969,9.258064954545455,-7.832643955454545,-11.372607037272727,-3.309168524242424,1.0536385869696971,-21.48699866969697,-5.2724262789473695,0.0,0.0,21.56739812121212,32.36794954545454,19.63140542424242,20.15347124242425,8.135326363636365,0.0,0.0,0.0,0.0057929724333333,0.0220491348030303,0.0069583117575757,0.014213976,0.0020939252121212,0.0
