mfcc1_sma3_1,mfcc1_sma3_2,mfcc1_sma3_3,mfcc1_sma3_4,mfcc1_sma3_5,mfcc1_sma3_6,mfcc1_sma3_7,mfcc1_sma3_8,mfcc2_sma3_1,mfcc2_sma3_2,mfcc2_sma3_3,mfcc2_sma3_4,mfcc2_sma3_5,mfcc2_sma3_6,mfcc2_sma3_7,mfcc2_sma3_8,mfcc3_sma3_1,mfcc3_sma3_2,mfcc3_sma3_3,mfcc3_sma3_4,mfcc3_sma3_5,mfcc3_sma3_6,mfcc3_sma3_7,mfcc3_sma3_8,mfcc4_sma3_1,mfcc4_sma3_2,mfcc4_sma3_3,mfcc4_sma3_4,mfcc4_sma3_5,mfcc4_sma3_6,mfcc4_sma3_7,mfcc4_sma3_8,F0semitoneFrom27.5Hz_sma3nz_1,F0semitoneFrom27.5Hz_sma3nz_2,F0semitoneFrom27.5Hz_sma3nz_3,F0semitoneFrom27.5Hz_sma3nz_4,F0semitoneFrom27.5Hz_sma3nz_5,F0semitoneFrom27.5Hz_sma3nz_6,F0semitoneFrom27.5Hz_sma3nz_7,F0semitoneFrom27.5Hz_sma3nz_8,jitterLocal_sma3nz_1,jitterLocal_sma3nz_2,jitterLocal_sma3nz_3,jitterLocal_sma3nz_4,jitterLocal_sma3nz_5,jitterLocal_sma3nz_6,jitterLocal_sma3nz_7,jitterLocal_sma3nz_8
21.10383705405405,17.574246978378376,17.02970827837838,18.281222237837834,20.12311074324324,26.274160527027025,25.24187010810811,21.052763441860467,20.502350648648648,-12.982597708108113,-4.538837647027026,-0.6195399165675678,7.653085245405407,-0.3335297000000001,3.174948754918919,8.313888109302326,10.285116440540545,-6.820511471621623,-3.313449841351351,7.868707918918917,-5.147852618918918,-21.77689732356756,-16.777370532432432,-0.5742714358139531,8.222969948648648,-16.18652471351351,-30.80241841081081,-15.74726259,-25.694122636486487,-24.91855984,-13.183360194594592,2.9743528913953488,0.0,31.525174432432436,25.95913618918919,29.25613178378379,34.081135999999994,38.74315645945946,16.656909216216217,0.0,0.0,0.0142958305756756,0.0120625988081081,0.0107065949135135,0.006836528254054,0.0126515806135135,0.0181529475972972,0.0
