mfcc1_sma3_1,mfcc1_sma3_2,mfcc1_sma3_3,mfcc1_sma3_4,mfcc1_sma3_5,mfcc1_sma3_6,mfcc1_sma3_7,mfcc1_sma3_8,mfcc2_sma3_1,mfcc2_sma3_2,mfcc2_sma3_3,mfcc2_sma3_4,mfcc2_sma3_5,mfcc2_sma3_6,mfcc2_sma3_7,mfcc2_sma3_8,mfcc3_sma3_1,mfcc3_sma3_2,mfcc3_sma3_3,mfcc3_sma3_4,mfcc3_sma3_5,mfcc3_sma3_6,mfcc3_sma3_7,mfcc3_sma3_8,mfcc4_sma3_1,mfcc4_sma3_2,mfcc4_sma3_3,mfcc4_sma3_4,mfcc4_sma3_5,mfcc4_sma3_6,mfcc4_sma3_7,mfcc4_sma3_8,F0semitoneFrom27.5Hz_sma3nz_1,F0semitoneFrom27.5Hz_sma3nz_2,F0semitoneFrom27.5Hz_sma3nz_3,F0semitoneFrom27.5Hz_sma3nz_4,F0semitoneFrom27.5Hz_sma3nz_5,F0semitoneFrom27.5Hz_sma3nz_6,F0semitoneFrom27.5Hz_sma3nz_7,F0semitoneFrom27.5Hz_sma3nz_8,jitterLocal_sma3nz_1,jitterLocal_sma3nz_2,jitterLocal_sma3nz_3,jitterLocal_sma3nz_4,jitterLocal_sma3nz_5,jitterLocal_sma3nz_6,jitterLocal_sma3nz_7,jitterLocal_sma3nz_8
19.438447,22.97619094482759,32.034838379310344,25.773983344827585,21.44130579310345,21.38657306896551,21.99548193103448,21.24800977777777,24.65223172413793,23.12152145172414,21.164020310344828,13.25085963,23.942083275862068,24.699138,25.504897689655163,24.160956861111117,11.080102948275863,-1.7139694158620689,1.5605310558620693,-0.3276785689655167,11.234864137931034,11.37089124137931,10.33034238965517,10.073536427777777,7.602795351034482,-1.9160907206896547,-4.705933066896552,1.9637554958620689,8.087883596551723,6.603550226206895,6.491575720689655,6.355812571388888,0.0,17.859445862068966,22.02301968965517,1.1767898965517245,0.0,0.0,0.0,0.0,0.0,0.007172325137931,0.0061848805827586,0.0002293524137931,0.0,0.0,0.0,0.0
