mfcc1_sma3_1,mfcc1_sma3_2,mfcc1_sma3_3,mfcc1_sma3_4,mfcc1_sma3_5,mfcc1_sma3_6,mfcc1_sma3_7,mfcc1_sma3_8,mfcc2_sma3_1,mfcc2_sma3_2,mfcc2_sma3_3,mfcc2_sma3_4,mfcc2_sma3_5,mfcc2_sma3_6,mfcc2_sma3_7,mfcc2_sma3_8,mfcc3_sma3_1,mfcc3_sma3_2,mfcc3_sma3_3,mfcc3_sma3_4,mfcc3_sma3_5,mfcc3_sma3_6,mfcc3_sma3_7,mfcc3_sma3_8,mfcc4_sma3_1,mfcc4_sma3_2,mfcc4_sma3_3,mfcc4_sma3_4,mfcc4_sma3_5,mfcc4_sma3_6,mfcc4_sma3_7,mfcc4_sma3_8,F0semitoneFrom27.5Hz_sma3nz_1,F0semitoneFrom27.5Hz_sma3nz_2,F0semitoneFrom27.5Hz_sma3nz_3,F0semitoneFrom27.5Hz_sma3nz_4,F0semitoneFrom27.5Hz_sma3nz_5,F0semitoneFrom27.5Hz_sma3nz_6,F0semitoneFrom27.5Hz_sma3nz_7,F0semitoneFrom27.5Hz_sma3nz_8,jitterLocal_sma3nz_1,jitterLocal_sma3nz_2,jitterLocal_sma3nz_3,jitterLocal_sma3nz_4,jitterLocal_sma3nz_5,jitterLocal_sma3nz_6,jitterLocal_sma3nz_7,jitterLocal_sma3nz_8
20.879372,17.930836571428568,24.117808182857143,14.824931520000002,13.279684008571428,19.930922658857146,14.63564273,32.04053332432433,21.61777171428572,13.890522151428572,-20.31154368,-10.866523137142858,5.138741174285714,8.195837042857143,6.841590162857144,19.99887897027028,15.8884788,26.030094703142854,-20.828375392,6.030233029714286,-14.439116728285716,-13.040109851428571,-2.62730512,-0.9254866116216216,7.056153531428572,-3.2385030657142857,-21.902793728571428,-15.877663342571427,-40.08055915154286,-40.9492076,-25.257269285714287,-27.82783403891893,0.0,10.291743857142857,40.40158734285714,36.03239657142857,26.446857171428576,39.662149714285725,21.56959562857143,3.144222243243243,0.0,0.0012099244,0.0145743640485714,0.0087772443971428,0.0024685884085714,0.008673521816,0.0021435475542857,0.0046658443243243
