mfcc1_sma3_1,mfcc1_sma3_2,mfcc1_sma3_3,mfcc1_sma3_4,mfcc1_sma3_5,mfcc1_sma3_6,mfcc1_sma3_7,mfcc1_sma3_8,mfcc2_sma3_1,mfcc2_sma3_2,mfcc2_sma3_3,mfcc2_sma3_4,mfcc2_sma3_5,mfcc2_sma3_6,mfcc2_sma3_7,mfcc2_sma3_8,mfcc3_sma3_1,mfcc3_sma3_2,mfcc3_sma3_3,mfcc3_sma3_4,mfcc3_sma3_5,mfcc3_sma3_6,mfcc3_sma3_7,mfcc3_sma3_8,mfcc4_sma3_1,mfcc4_sma3_2,mfcc4_sma3_3,mfcc4_sma3_4,mfcc4_sma3_5,mfcc4_sma3_6,mfcc4_sma3_7,mfcc4_sma3_8,F0semitoneFrom27.5Hz_sma3nz_1,F0semitoneFrom27.5Hz_sma3nz_2,F0semitoneFrom27.5Hz_sma3nz_3,F0semitoneFrom27.5Hz_sma3nz_4,F0semitoneFrom27.5Hz_sma3nz_5,F0semitoneFrom27.5Hz_sma3nz_6,F0semitoneFrom27.5Hz_sma3nz_7,F0semitoneFrom27.5Hz_sma3nz_8,jitterLocal_sma3nz_1,jitterLocal_sma3nz_2,jitterLocal_sma3nz_3,jitterLocal_sma3nz_4,jitterLocal_sma3nz_5,jitterLocal_sma3nz_6,jitterLocal_sma3nz_7,jitterLocal_sma3nz_8
20.73472964,3.388754724,20.241941432,4.989041049600001,-2.6627647252,9.906217018,19.7158594648,20.294903518518524,16.000024541600002,19.046121516,-15.7940848792,10.777844564,23.869458492000003,-0.5001794679999998,-0.1306855872,19.065982796296296,11.6708454504,-9.018156338,-27.631884396,-4.737431212000001,-3.0729320192,-3.2675483076000003,11.1830654132,15.429807444444444,5.318454016,-7.271930767999999,-16.242083928,0.2844593159999999,4.3011425624,-17.446686367999998,-11.031819828,4.232555825925926,11.99893768,25.0377626,41.357428680000005,17.00441104,5.9063628800000005,26.33925492,0.0,0.0,0.0104229878799999,0.0329011705999999,0.023211178852,0.01154156902,0.001233149252,0.005414448252,0.0,0.0
