mfcc1_sma3_1,mfcc1_sma3_2,mfcc1_sma3_3,mfcc1_sma3_4,mfcc1_sma3_5,mfcc1_sma3_6,mfcc1_sma3_7,mfcc1_sma3_8,mfcc2_sma3_1,mfcc2_sma3_2,mfcc2_sma3_3,mfcc2_sma3_4,mfcc2_sma3_5,mfcc2_sma3_6,mfcc2_sma3_7,mfcc2_sma3_8,mfcc3_sma3_1,mfcc3_sma3_2,mfcc3_sma3_3,mfcc3_sma3_4,mfcc3_sma3_5,mfcc3_sma3_6,mfcc3_sma3_7,mfcc3_sma3_8,mfcc4_sma3_1,mfcc4_sma3_2,mfcc4_sma3_3,mfcc4_sma3_4,mfcc4_sma3_5,mfcc4_sma3_6,mfcc4_sma3_7,mfcc4_sma3_8,F0semitoneFrom27.5Hz_sma3nz_1,F0semitoneFrom27.5Hz_sma3nz_2,F0semitoneFrom27.5Hz_sma3nz_3,F0semitoneFrom27.5Hz_sma3nz_4,F0semitoneFrom27.5Hz_sma3nz_5,F0semitoneFrom27.5Hz_sma3nz_6,F0semitoneFrom27.5Hz_sma3nz_7,F0semitoneFrom27.5Hz_sma3nz_8,jitterLocal_sma3nz_1,jitterLocal_sma3nz_2,jitterLocal_sma3nz_3,jitterLocal_sma3nz_4,jitterLocal_sma3nz_5,jitterLocal_sma3nz_6,jitterLocal_sma3nz_7,jitterLocal_sma3nz_8
21.422573807692302,24.96027871153846,29.47655242307692,36.33836996153846,10.679746410896152,26.956701934615385,29.81066607692308,14.695551122222222,24.092800653846155,-15.188929115384614,-8.110866484615384,-7.10848035,12.566909463846155,15.677402196153848,-12.006954257692309,22.39092988888889,12.0222795,4.570607313846154,-1.7931162615384617,-8.904256661538462,-9.299251725384616,-8.061793996923075,-10.725729027615383,12.002340297777778,5.534298823076924,-6.483712238461539,-17.36527834576923,-10.808933103846154,-1.3585250653846157,1.4884890538461542,-22.411325006923075,-1.5177669655555552,0.0,14.728479384615383,33.96964484615385,26.40139242307692,28.911876076923075,5.025067961538462,6.07647323076923,0.0,0.0,0.0093025300576923,0.0140626752692307,0.008364634876923,0.0083019698307692,0.0,0.0020860983846153,0.0
