mfcc1_sma3_1,mfcc1_sma3_2,mfcc1_sma3_3,mfcc1_sma3_4,mfcc1_sma3_5,mfcc1_sma3_6,mfcc1_sma3_7,mfcc1_sma3_8,mfcc2_sma3_1,mfcc2_sma3_2,mfcc2_sma3_3,mfcc2_sma3_4,mfcc2_sma3_5,mfcc2_sma3_6,mfcc2_sma3_7,mfcc2_sma3_8,mfcc3_sma3_1,mfcc3_sma3_2,mfcc3_sma3_3,mfcc3_sma3_4,mfcc3_sma3_5,mfcc3_sma3_6,mfcc3_sma3_7,mfcc3_sma3_8,mfcc4_sma3_1,mfcc4_sma3_2,mfcc4_sma3_3,mfcc4_sma3_4,mfcc4_sma3_5,mfcc4_sma3_6,mfcc4_sma3_7,mfcc4_sma3_8,F0semitoneFrom27.5Hz_sma3nz_1,F0semitoneFrom27.5Hz_sma3nz_2,F0semitoneFrom27.5Hz_sma3nz_3,F0semitoneFrom27.5Hz_sma3nz_4,F0semitoneFrom27.5Hz_sma3nz_5,F0semitoneFrom27.5Hz_sma3nz_6,F0semitoneFrom27.5Hz_sma3nz_7,F0semitoneFrom27.5Hz_sma3nz_8,jitterLocal_sma3nz_1,jitterLocal_sma3nz_2,jitterLocal_sma3nz_3,jitterLocal_sma3nz_4,jitterLocal_sma3nz_5,jitterLocal_sma3nz_6,jitterLocal_sma3nz_7,jitterLocal_sma3nz_8
20.765995136363635,16.513970340909093,26.642114863636365,29.894850590909098,27.568577409090903,29.380647000000007,21.624263181818183,20.670676500000003,12.967462736363638,14.097936922727271,5.740464190909091,0.9262475863636364,10.125278967727274,-2.216353020954545,13.633455449999998,16.41615460714286,17.54648293181818,6.3045722681818175,-5.809674050000002,-3.5947907213636374,-1.4837127199999998,-14.318168149999996,8.660414229999999,12.47496959642857,4.789834358636365,0.9369019272727273,-24.993219363636367,-10.63772378318182,-1.3707238959090908,0.2145886068181816,8.547868636363637,8.401067907142856,0.0,18.04433372727273,43.39008909090909,42.73458327272728,28.38982436363636,16.28468240909091,0.0,0.0,0.0,0.0150996268636363,0.0114811758227272,0.01673323005,0.0570179065909091,0.0046928219090909,0.0,0.0
