mfcc1_sma3_1,mfcc1_sma3_2,mfcc1_sma3_3,mfcc1_sma3_4,mfcc1_sma3_5,mfcc1_sma3_6,mfcc1_sma3_7,mfcc1_sma3_8,mfcc2_sma3_1,mfcc2_sma3_2,mfcc2_sma3_3,mfcc2_sma3_4,mfcc2_sma3_5,mfcc2_sma3_6,mfcc2_sma3_7,mfcc2_sma3_8,mfcc3_sma3_1,mfcc3_sma3_2,mfcc3_sma3_3,mfcc3_sma3_4,mfcc3_sma3_5,mfcc3_sma3_6,mfcc3_sma3_7,mfcc3_sma3_8,mfcc4_sma3_1,mfcc4_sma3_2,mfcc4_sma3_3,mfcc4_sma3_4,mfcc4_sma3_5,mfcc4_sma3_6,mfcc4_sma3_7,mfcc4_sma3_8,F0semitoneFrom27.5Hz_sma3nz_1,F0semitoneFrom27.5Hz_sma3nz_2,F0semitoneFrom27.5Hz_sma3nz_3,F0semitoneFrom27.5Hz_sma3nz_4,F0semitoneFrom27.5Hz_sma3nz_5,F0semitoneFrom27.5Hz_sma3nz_6,F0semitoneFrom27.5Hz_sma3nz_7,F0semitoneFrom27.5Hz_sma3nz_8,jitterLocal_sma3nz_1,jitterLocal_sma3nz_2,jitterLocal_sma3nz_3,jitterLocal_sma3nz_4,jitterLocal_sma3nz_5,jitterLocal_sma3nz_6,jitterLocal_sma3nz_7,jitterLocal_sma3nz_8
21.047569810810813,26.45186435135136,22.572828258648645,35.100217810810804,30.4762957027027,25.678447108108102,37.3104031891892,21.535192744186045,18.133557756756755,12.75167206945946,17.781989256756752,-11.505655389189188,15.38793030810811,10.83733780054054,15.081754184594594,19.543237046511628,14.873619256756758,16.514349945945945,7.649380398486486,-18.43243034054054,6.983948106486486,9.516577750270269,-6.478166821621622,13.091866037209298,6.892456620810811,-4.159083610810811,-11.680857913513512,-19.21623267297297,-20.547796527027028,-7.33274290027027,-38.92700732432433,5.760516892488372,0.0,26.336161432432423,27.89425608108108,37.82335994594594,17.336525054054057,14.657961432432437,13.437042270270268,0.0,0.0,0.0146429411648648,0.0304763971081081,0.0089564399648648,0.0275813715486486,0.0047772152567567,0.0040072342945945,0.0
