mfcc1_sma3_1,mfcc1_sma3_2,mfcc1_sma3_3,mfcc1_sma3_4,mfcc1_sma3_5,mfcc1_sma3_6,mfcc1_sma3_7,mfcc1_sma3_8,mfcc2_sma3_1,mfcc2_sma3_2,mfcc2_sma3_3,mfcc2_sma3_4,mfcc2_sma3_5,mfcc2_sma3_6,mfcc2_sma3_7,mfcc2_sma3_8,mfcc3_sma3_1,mfcc3_sma3_2,mfcc3_sma3_3,mfcc3_sma3_4,mfcc3_sma3_5,mfcc3_sma3_6,mfcc3_sma3_7,mfcc3_sma3_8,mfcc4_sma3_1,mfcc4_sma3_2,mfcc4_sma3_3,mfcc4_sma3_4,mfcc4_sma3_5,mfcc4_sma3_6,mfcc4_sma3_7,mfcc4_sma3_8,F0semitoneFrom27.5Hz_sma3nz_1,F0semitoneFrom27.5Hz_sma3nz_2,F0semitoneFrom27.5Hz_sma3nz_3,F0semitoneFrom27.5Hz_sma3nz_4,F0semitoneFrom27.5Hz_sma3nz_5,F0semitoneFrom27.5Hz_sma3nz_6,F0semitoneFrom27.5Hz_sma3nz_7,F0semitoneFrom27.5Hz_sma3nz_8,jitterLocal_sma3nz_1,jitterLocal_sma3nz_2,jitterLocal_sma3nz_3,jitterLocal_sma3nz_4,jitterLocal_sma3nz_5,jitterLocal_sma3nz_6,jitterLocal_sma3nz_7,jitterLocal_sma3nz_8
23.574686791666664,11.025324581916664,30.11446158333333,14.407735234583331,10.659127379166668,23.883079458333334,21.43062795833333,21.563880357142857,21.049676583333333,20.338652570416667,-9.537536829166667,13.892052973333334,27.471461250000004,0.6168423720833336,11.218154690416666,18.59632042857143,14.5202315625,-4.694428370833333,-12.422928612500002,7.307387059583333,12.104291270833334,12.350349472083332,17.201782666666666,14.445715892857145,6.539883895833333,-7.473342579166666,-9.1426071975,3.611919437500001,-2.961031305833333,-22.069473229166665,7.4408331875,5.912805849999999,0.0,1.77676375,25.743962291666666,32.73394866666667,16.106331166666667,8.280788291666667,0.0,0.0,0.0,0.0,0.0201332174999999,0.0145679358458333,0.0282613592083333,0.0041600801499999,0.0,0.0
