mfcc1_sma3_1,mfcc1_sma3_2,mfcc1_sma3_3,mfcc1_sma3_4,mfcc1_sma3_5,mfcc1_sma3_6,mfcc1_sma3_7,mfcc1_sma3_8,mfcc2_sma3_1,mfcc2_sma3_2,mfcc2_sma3_3,mfcc2_sma3_4,mfcc2_sma3_5,mfcc2_sma3_6,mfcc2_sma3_7,mfcc2_sma3_8,mfcc3_sma3_1,mfcc3_sma3_2,mfcc3_sma3_3,mfcc3_sma3_4,mfcc3_sma3_5,mfcc3_sma3_6,mfcc3_sma3_7,mfcc3_sma3_8,mfcc4_sma3_1,mfcc4_sma3_2,mfcc4_sma3_3,mfcc4_sma3_4,mfcc4_sma3_5,mfcc4_sma3_6,mfcc4_sma3_7,mfcc4_sma3_8,F0semitoneFrom27.5Hz_sma3nz_1,F0semitoneFrom27.5Hz_sma3nz_2,F0semitoneFrom27.5Hz_sma3nz_3,F0semitoneFrom27.5Hz_sma3nz_4,F0semitoneFrom27.5Hz_sma3nz_5,F0semitoneFrom27.5Hz_sma3nz_6,F0semitoneFrom27.5Hz_sma3nz_7,F0semitoneFrom27.5Hz_sma3nz_8,jitterLocal_sma3nz_1,jitterLocal_sma3nz_2,jitterLocal_sma3nz_3,jitterLocal_sma3nz_4,jitterLocal_sma3nz_5,jitterLocal_sma3nz_6,jitterLocal_sma3nz_7,jitterLocal_sma3nz_8
20.618098461538462,24.06910403846153,31.32528657692308,31.959920115384616,15.426636680769231,25.479080000000003,30.469548192307688,20.901136,18.4987875,-9.108088076923076,-0.4187519473076923,9.220680226923076,16.127250228846155,16.767886861538464,-14.375205734615388,17.35859759259259,12.62140641923077,-7.163170115384616,-0.1897295884615387,6.854068438461538,6.7671122769230765,-2.244293738653846,-14.062363986923078,12.923742037037036,5.65477267923077,-0.5287643307692307,-14.95707908846154,-14.64575435,-6.657421941538463,-0.7051969996153845,5.274121792307694,5.8628136481481485,0.0,22.90029661538461,36.31404011538462,10.012059384615384,27.792780153846152,15.289822615384615,4.738443384615385,0.0,0.0,0.012175961726923,0.0199829113230769,0.003185892576923,0.0066869561923076,0.0147662881538461,0.0011947983346153,0.0
