mfcc1_sma3_1,mfcc1_sma3_2,mfcc1_sma3_3,mfcc1_sma3_4,mfcc1_sma3_5,mfcc1_sma3_6,mfcc1_sma3_7,mfcc1_sma3_8,mfcc2_sma3_1,mfcc2_sma3_2,mfcc2_sma3_3,mfcc2_sma3_4,mfcc2_sma3_5,mfcc2_sma3_6,mfcc2_sma3_7,mfcc2_sma3_8,mfcc3_sma3_1,mfcc3_sma3_2,mfcc3_sma3_3,mfcc3_sma3_4,mfcc3_sma3_5,mfcc3_sma3_6,mfcc3_sma3_7,mfcc3_sma3_8,mfcc4_sma3_1,mfcc4_sma3_2,mfcc4_sma3_3,mfcc4_sma3_4,mfcc4_sma3_5,mfcc4_sma3_6,mfcc4_sma3_7,mfcc4_sma3_8,F0semitoneFrom27.5Hz_sma3nz_1,F0semitoneFrom27.5Hz_sma3nz_2,F0semitoneFrom27.5Hz_sma3nz_3,F0semitoneFrom27.5Hz_sma3nz_4,F0semitoneFrom27.5Hz_sma3nz_5,F0semitoneFrom27.5Hz_sma3nz_6,F0semitoneFrom27.5Hz_sma3nz_7,F0semitoneFrom27.5Hz_sma3nz_8,jitterLocal_sma3nz_1,jitterLocal_sma3nz_2,jitterLocal_sma3nz_3,jitterLocal_sma3nz_4,jitterLocal_sma3nz_5,jitterLocal_sma3nz_6,jitterLocal_sma3nz_7,jitterLocal_sma3nz_8
22.05908357446808,18.08895630425532,29.431802042553183,20.88355901765957,25.839029882978725,14.223387391489362,32.75572308510639,16.951406857407406,18.68315721276596,5.65672376851064,-19.2853345787234,7.460214584468085,22.81577195744681,-7.184797397872343,19.49699339017021,19.117258277777776,10.256043576595742,11.597203108723406,-24.28380731702128,1.6514815085106378,13.650087272340423,-10.324542351063828,-2.562790604893617,7.586991925185186,8.784145027659575,-14.303930054893614,-20.29438460212766,-35.8523335787234,-19.547994620425527,-28.41850809212766,-33.75286207234043,7.087986741296297,3.593279723404255,28.822408212765968,39.59486136170213,42.037783319148936,26.03314668085106,20.786410106382977,10.355016170212766,0.0,0.0010464565957446,0.0089721186127659,0.0096025304829787,0.0307726120340425,0.007960949793617,0.0090090640212765,0.0071482788085106,0.0
