mfcc1_sma3_1,mfcc1_sma3_2,mfcc1_sma3_3,mfcc1_sma3_4,mfcc1_sma3_5,mfcc1_sma3_6,mfcc1_sma3_7,mfcc1_sma3_8,mfcc2_sma3_1,mfcc2_sma3_2,mfcc2_sma3_3,mfcc2_sma3_4,mfcc2_sma3_5,mfcc2_sma3_6,mfcc2_sma3_7,mfcc2_sma3_8,mfcc3_sma3_1,mfcc3_sma3_2,mfcc3_sma3_3,mfcc3_sma3_4,mfcc3_sma3_5,mfcc3_sma3_6,mfcc3_sma3_7,mfcc3_sma3_8,mfcc4_sma3_1,mfcc4_sma3_2,mfcc4_sma3_3,mfcc4_sma3_4,mfcc4_sma3_5,mfcc4_sma3_6,mfcc4_sma3_7,mfcc4_sma3_8,F0semitoneFrom27.5Hz_sma3nz_1,F0semitoneFrom27.5Hz_sma3nz_2,F0semitoneFrom27.5Hz_sma3nz_3,F0semitoneFrom27.5Hz_sma3nz_4,F0semitoneFrom27.5Hz_sma3nz_5,F0semitoneFrom27.5Hz_sma3nz_6,F0semitoneFrom27.5Hz_sma3nz_7,F0semitoneFrom27.5Hz_sma3nz_8,jitterLocal_sma3nz_1,jitterLocal_sma3nz_2,jitterLocal_sma3nz_3,jitterLocal_sma3nz_4,jitterLocal_sma3nz_5,jitterLocal_sma3nz_6,jitterLocal_sma3nz_7,jitterLocal_sma3nz_8
22.94889660526316,18.82401285789474,29.330170684210525,25.79565636842105,26.255157105263155,22.486687526315794,22.41434931578948,22.49432569565217,15.994532,10.365248905263158,-4.5988531453684205,2.7513061134736843,-7.544106247894737,10.160447589473684,19.37504436842105,17.14681586956522,8.3010748,-6.728728915789474,-13.087246463157893,-6.19017482631579,-13.764106736842104,6.602068478947369,10.075157368421053,7.216067152173915,3.4938806436842103,-12.793792542105264,-18.316037842105263,-9.703344005263158,-3.0451178368421057,13.643467478947366,9.856142626315789,8.883466695652173,0.0,34.767145,38.42746442105263,28.580223,8.530375263157895,0.0,0.0,0.0,0.0,0.0104472855368421,0.007600363568421,0.0104174093315789,0.0016475032526315,0.0,0.0,0.0
