mfcc1_sma3_1,mfcc1_sma3_2,mfcc1_sma3_3,mfcc1_sma3_4,mfcc1_sma3_5,mfcc1_sma3_6,mfcc1_sma3_7,mfcc1_sma3_8,mfcc2_sma3_1,mfcc2_sma3_2,mfcc2_sma3_3,mfcc2_sma3_4,mfcc2_sma3_5,mfcc2_sma3_6,mfcc2_sma3_7,mfcc2_sma3_8,mfcc3_sma3_1,mfcc3_sma3_2,mfcc3_sma3_3,mfcc3_sma3_4,mfcc3_sma3_5,mfcc3_sma3_6,mfcc3_sma3_7,mfcc3_sma3_8,mfcc4_sma3_1,mfcc4_sma3_2,mfcc4_sma3_3,mfcc4_sma3_4,mfcc4_sma3_5,mfcc4_sma3_6,mfcc4_sma3_7,mfcc4_sma3_8,F0semitoneFrom27.5Hz_sma3nz_1,F0semitoneFrom27.5Hz_sma3nz_2,F0semitoneFrom27.5Hz_sma3nz_3,F0semitoneFrom27.5Hz_sma3nz_4,F0semitoneFrom27.5Hz_sma3nz_5,F0semitoneFrom27.5Hz_sma3nz_6,F0semitoneFrom27.5Hz_sma3nz_7,F0semitoneFrom27.5Hz_sma3nz_8,jitterLocal_sma3nz_1,jitterLocal_sma3nz_2,jitterLocal_sma3nz_3,jitterLocal_sma3nz_4,jitterLocal_sma3nz_5,jitterLocal_sma3nz_6,jitterLocal_sma3nz_7,jitterLocal_sma3nz_8
23.29479095454545,27.2566244090909,26.57601968181818,19.347842568636363,27.53993572727273,26.87643804545455,25.588382818181824,21.026961227272725,21.16109931818182,11.947140868181815,8.625911899999998,14.745831513636364,-10.365777529090908,3.3012241045454545,15.99577788636364,17.33332,12.93759025,5.927479880454544,7.847747375000001,15.344156399999996,-8.895857033636362,0.5818660231818179,5.868036240909091,9.982574890909092,9.241924504545455,-2.7116512363636365,9.904197259090909,1.8873112345454544,-3.312794124545455,-11.152495327272725,0.2097814772727271,6.977157277272728,0.0,15.08929418181818,10.507129227272726,25.069962545454544,16.869291772727273,40.31421254545455,5.506850909090908,0.0,0.0,0.0141902985,0.00312473345,0.0110192025772727,0.0068173331363636,0.0099063113227272,0.0005520485954545,0.0
