mfcc1_sma3_1,mfcc1_sma3_2,mfcc1_sma3_3,mfcc1_sma3_4,mfcc1_sma3_5,mfcc1_sma3_6,mfcc1_sma3_7,mfcc1_sma3_8,mfcc2_sma3_1,mfcc2_sma3_2,mfcc2_sma3_3,mfcc2_sma3_4,mfcc2_sma3_5,mfcc2_sma3_6,mfcc2_sma3_7,mfcc2_sma3_8,mfcc3_sma3_1,mfcc3_sma3_2,mfcc3_sma3_3,mfcc3_sma3_4,mfcc3_sma3_5,mfcc3_sma3_6,mfcc3_sma3_7,mfcc3_sma3_8,mfcc4_sma3_1,mfcc4_sma3_2,mfcc4_sma3_3,mfcc4_sma3_4,mfcc4_sma3_5,mfcc4_sma3_6,mfcc4_sma3_7,mfcc4_sma3_8,F0semitoneFrom27.5Hz_sma3nz_1,F0semitoneFrom27.5Hz_sma3nz_2,F0semitoneFrom27.5Hz_sma3nz_3,F0semitoneFrom27.5Hz_sma3nz_4,F0semitoneFrom27.5Hz_sma3nz_5,F0semitoneFrom27.5Hz_sma3nz_6,F0semitoneFrom27.5Hz_sma3nz_7,F0semitoneFrom27.5Hz_sma3nz_8,jitterLocal_sma3nz_1,jitterLocal_sma3nz_2,jitterLocal_sma3nz_3,jitterLocal_sma3nz_4,jitterLocal_sma3nz_5,jitterLocal_sma3nz_6,jitterLocal_sma3nz_7,jitterLocal_sma3nz_8
21.25432171428572,10.25386865892857,21.00077013214285,6.055884271428573,-8.643970842857142,10.1386964525,12.632262760714283,15.09214291818182,17.920631035714287,22.13793205821428,-6.190674268571428,22.91352617857143,25.37407435714286,-9.814569053571429,-4.7975089437500005,12.382568503030305,11.780913139285715,-2.049163157142857,-19.78485441007857,1.2997765082142856,-0.6257428017857142,-3.116473064285714,11.31357857142857,15.122040306060605,10.81379397142857,0.4404368035714285,-17.78681655714286,-8.524145485714286,-8.155741625000001,-27.90726066071429,-10.864692457857144,5.453861351818182,0.0,18.96147046428572,31.029254785714283,21.98923817857143,7.754739642857142,43.38061853571429,0.0,0.0,0.0,0.0085638030464285,0.01632820705,0.0104452679107142,0.0081138838571428,0.0178671049785714,0.0,0.0
