mfcc1_sma3_1,mfcc1_sma3_2,mfcc1_sma3_3,mfcc1_sma3_4,mfcc1_sma3_5,mfcc1_sma3_6,mfcc1_sma3_7,mfcc1_sma3_8,mfcc2_sma3_1,mfcc2_sma3_2,mfcc2_sma3_3,mfcc2_sma3_4,mfcc2_sma3_5,mfcc2_sma3_6,mfcc2_sma3_7,mfcc2_sma3_8,mfcc3_sma3_1,mfcc3_sma3_2,mfcc3_sma3_3,mfcc3_sma3_4,mfcc3_sma3_5,mfcc3_sma3_6,mfcc3_sma3_7,mfcc3_sma3_8,mfcc4_sma3_1,mfcc4_sma3_2,mfcc4_sma3_3,mfcc4_sma3_4,mfcc4_sma3_5,mfcc4_sma3_6,mfcc4_sma3_7,mfcc4_sma3_8,F0semitoneFrom27.5Hz_sma3nz_1,F0semitoneFrom27.5Hz_sma3nz_2,F0semitoneFrom27.5Hz_sma3nz_3,F0semitoneFrom27.5Hz_sma3nz_4,F0semitoneFrom27.5Hz_sma3nz_5,F0semitoneFrom27.5Hz_sma3nz_6,F0semitoneFrom27.5Hz_sma3nz_7,F0semitoneFrom27.5Hz_sma3nz_8,jitterLocal_sma3nz_1,jitterLocal_sma3nz_2,jitterLocal_sma3nz_3,jitterLocal_sma3nz_4,jitterLocal_sma3nz_5,jitterLocal_sma3nz_6,jitterLocal_sma3nz_7,jitterLocal_sma3nz_8
21.8602575,25.724535611111108,25.25331055555556,7.839789129444445,25.45011538888889,30.52949044444445,25.32949375,22.170857475,16.885766625,8.27004435,20.374708311388893,26.21053027680556,3.4268469291666666,8.433504384444444,1.3109460805555553,20.2970789,11.392169319444443,9.693915166666663,8.499070233,-0.4446984840555557,2.0118877694444444,4.583899519444445,-0.532439012361111,10.99820511,9.92629035,-1.0354559305555555,8.572924334444446,13.333484122777778,8.923282970555556,-0.033819738611111,3.502296302777778,8.4284210225,0.0,15.609641999999996,11.979518333333331,10.208299138888888,20.940386027777777,15.730971916666666,0.0,0.0,0.0,0.0025600124861111,0.0052544434722222,0.0021088176583333,0.0064543267055555,0.0023123527111111,0.0,0.0
