mfcc1_sma3_1,mfcc1_sma3_2,mfcc1_sma3_3,mfcc1_sma3_4,mfcc1_sma3_5,mfcc1_sma3_6,mfcc1_sma3_7,mfcc1_sma3_8,mfcc2_sma3_1,mfcc2_sma3_2,mfcc2_sma3_3,mfcc2_sma3_4,mfcc2_sma3_5,mfcc2_sma3_6,mfcc2_sma3_7,mfcc2_sma3_8,mfcc3_sma3_1,mfcc3_sma3_2,mfcc3_sma3_3,mfcc3_sma3_4,mfcc3_sma3_5,mfcc3_sma3_6,mfcc3_sma3_7,mfcc3_sma3_8,mfcc4_sma3_1,mfcc4_sma3_2,mfcc4_sma3_3,mfcc4_sma3_4,mfcc4_sma3_5,mfcc4_sma3_6,mfcc4_sma3_7,mfcc4_sma3_8,F0semitoneFrom27.5Hz_sma3nz_1,F0semitoneFrom27.5Hz_sma3nz_2,F0semitoneFrom27.5Hz_sma3nz_3,F0semitoneFrom27.5Hz_sma3nz_4,F0semitoneFrom27.5Hz_sma3nz_5,F0semitoneFrom27.5Hz_sma3nz_6,F0semitoneFrom27.5Hz_sma3nz_7,F0semitoneFrom27.5Hz_sma3nz_8,jitterLocal_sma3nz_1,jitterLocal_sma3nz_2,jitterLocal_sma3nz_3,jitterLocal_sma3nz_4,jitterLocal_sma3nz_5,jitterLocal_sma3nz_6,jitterLocal_sma3nz_7,jitterLocal_sma3nz_8
19.177941614814817,37.99614785185185,30.80034688888889,20.32676530740741,25.92755370370371,29.14377618518518,16.413635366666668,21.092685333333336,14.248138645925929,4.87917667777778,4.989551703703705,28.410367851851856,-3.731277803703704,2.8947670855555554,23.51926611111111,18.55925166666667,12.150772078888886,-12.728484707407407,-2.1841559148148155,-6.213164577777778,-3.700626918518519,-13.053466025925925,5.207595240740741,9.597809262962963,8.83177615925926,-23.2245191,-4.853814558,-0.2335834962962962,7.834588404814814,-13.905082484074072,9.955170637037035,7.937562151851851,2.426117037037037,22.57754937037037,14.061781148148148,12.232547407407408,0.0,0.0,0.0,0.0,0.0,0.015164579174074,0.006471739,0.0090761991851851,0.0,0.0,0.0,0.0
