mfcc1_sma3_1,mfcc1_sma3_2,mfcc1_sma3_3,mfcc1_sma3_4,mfcc1_sma3_5,mfcc1_sma3_6,mfcc1_sma3_7,mfcc1_sma3_8,mfcc2_sma3_1,mfcc2_sma3_2,mfcc2_sma3_3,mfcc2_sma3_4,mfcc2_sma3_5,mfcc2_sma3_6,mfcc2_sma3_7,mfcc2_sma3_8,mfcc3_sma3_1,mfcc3_sma3_2,mfcc3_sma3_3,mfcc3_sma3_4,mfcc3_sma3_5,mfcc3_sma3_6,mfcc3_sma3_7,mfcc3_sma3_8,mfcc4_sma3_1,mfcc4_sma3_2,mfcc4_sma3_3,mfcc4_sma3_4,mfcc4_sma3_5,mfcc4_sma3_6,mfcc4_sma3_7,mfcc4_sma3_8,F0semitoneFrom27.5Hz_sma3nz_1,F0semitoneFrom27.5Hz_sma3nz_2,F0semitoneFrom27.5Hz_sma3nz_3,F0semitoneFrom27.5Hz_sma3nz_4,F0semitoneFrom27.5Hz_sma3nz_5,F0semitoneFrom27.5Hz_sma3nz_6,F0semitoneFrom27.5Hz_sma3nz_7,F0semitoneFrom27.5Hz_sma3nz_8,jitterLocal_sma3nz_1,jitterLocal_sma3nz_2,jitterLocal_sma3nz_3,jitterLocal_sma3nz_4,jitterLocal_sma3nz_5,jitterLocal_sma3nz_6,jitterLocal_sma3nz_7,jitterLocal_sma3nz_8
20.65479855357143,27.172634535714284,27.69723307642857,36.45357728571429,40.89838825,26.724989928571432,38.39180167857143,21.024090857142856,23.023566282142852,7.207723314285714,11.03580782785714,-2.2153483557142857,8.843632044642858,6.775614219285714,22.561430357142854,22.88156003571429,13.082488921428569,14.153517482142858,19.475208522857148,-23.116280942857145,-5.639407584642858,11.95408485,1.4728726642857144,12.340215035714287,4.686688814285715,-1.066284050357143,-11.740571405357144,-25.028950500000004,-22.333567296428573,-10.403100017857142,-40.60892882142857,-2.0936477210714286,0.0,25.472825285714286,31.41387725,31.33104582142857,31.13758121428571,17.486774714285712,10.809516857142857,0.0,0.0,0.0183143717142857,0.0145304820892857,0.0188120382,0.0257623830607142,0.0084513256857142,0.0069313138928571,0.0
