mfcc1_sma3_1,mfcc1_sma3_2,mfcc1_sma3_3,mfcc1_sma3_4,mfcc1_sma3_5,mfcc1_sma3_6,mfcc1_sma3_7,mfcc1_sma3_8,mfcc2_sma3_1,mfcc2_sma3_2,mfcc2_sma3_3,mfcc2_sma3_4,mfcc2_sma3_5,mfcc2_sma3_6,mfcc2_sma3_7,mfcc2_sma3_8,mfcc3_sma3_1,mfcc3_sma3_2,mfcc3_sma3_3,mfcc3_sma3_4,mfcc3_sma3_5,mfcc3_sma3_6,mfcc3_sma3_7,mfcc3_sma3_8,mfcc4_sma3_1,mfcc4_sma3_2,mfcc4_sma3_3,mfcc4_sma3_4,mfcc4_sma3_5,mfcc4_sma3_6,mfcc4_sma3_7,mfcc4_sma3_8,F0semitoneFrom27.5Hz_sma3nz_1,F0semitoneFrom27.5Hz_sma3nz_2,F0semitoneFrom27.5Hz_sma3nz_3,F0semitoneFrom27.5Hz_sma3nz_4,F0semitoneFrom27.5Hz_sma3nz_5,F0semitoneFrom27.5Hz_sma3nz_6,F0semitoneFrom27.5Hz_sma3nz_7,F0semitoneFrom27.5Hz_sma3nz_8,jitterLocal_sma3nz_1,jitterLocal_sma3nz_2,jitterLocal_sma3nz_3,jitterLocal_sma3nz_4,jitterLocal_sma3nz_5,jitterLocal_sma3nz_6,jitterLocal_sma3nz_7,jitterLocal_sma3nz_8
21.328626629629632,29.680102629629637,34.28871448148148,34.34977933333333,26.097465599999992,35.72341129629629,24.284811407407407,22.116217148148145,23.93518162962963,12.270843117407408,1.796688407777778,2.79122397037037,18.32446493333333,10.38058412222222,21.816423555555552,24.488305666666676,13.632788814814818,9.606068734444444,2.061575426666667,1.494427131111111,15.327895805925928,3.1975096555555558,15.267876444444449,11.809781855555556,3.898199150666667,-7.116538570370369,-5.32923248888889,-10.941273678518517,-7.575153183074075,-1.6429504185185182,0.4308333579629629,5.3459462351851865,1.277232703703704,21.265533555555557,23.453045222222222,23.54819977777777,8.720457111111111,12.897584444444444,2.272938925925926,0.0,0.0,0.0057979281111111,0.0073770612518518,0.0211320978148148,0.0050101298148148,0.0058220402962962,0.0025347116296296,0.0
