mfcc1_sma3_1,mfcc1_sma3_2,mfcc1_sma3_3,mfcc1_sma3_4,mfcc1_sma3_5,mfcc1_sma3_6,mfcc1_sma3_7,mfcc1_sma3_8,mfcc2_sma3_1,mfcc2_sma3_2,mfcc2_sma3_3,mfcc2_sma3_4,mfcc2_sma3_5,mfcc2_sma3_6,mfcc2_sma3_7,mfcc2_sma3_8,mfcc3_sma3_1,mfcc3_sma3_2,mfcc3_sma3_3,mfcc3_sma3_4,mfcc3_sma3_5,mfcc3_sma3_6,mfcc3_sma3_7,mfcc3_sma3_8,mfcc4_sma3_1,mfcc4_sma3_2,mfcc4_sma3_3,mfcc4_sma3_4,mfcc4_sma3_5,mfcc4_sma3_6,mfcc4_sma3_7,mfcc4_sma3_8,F0semitoneFrom27.5Hz_sma3nz_1,F0semitoneFrom27.5Hz_sma3nz_2,F0semitoneFrom27.5Hz_sma3nz_3,F0semitoneFrom27.5Hz_sma3nz_4,F0semitoneFrom27.5Hz_sma3nz_5,F0semitoneFrom27.5Hz_sma3nz_6,F0semitoneFrom27.5Hz_sma3nz_7,F0semitoneFrom27.5Hz_sma3nz_8,jitterLocal_sma3nz_1,jitterLocal_sma3nz_2,jitterLocal_sma3nz_3,jitterLocal_sma3nz_4,jitterLocal_sma3nz_5,jitterLocal_sma3nz_6,jitterLocal_sma3nz_7,jitterLocal_sma3nz_8
26.90726033333333,27.81549103116667,37.44136904166667,30.565107916666665,35.99848491666667,22.702243729166668,21.88820691666667,22.508631774193542,17.725577804166665,17.989621608333334,-1.0048968019583333,3.972110533333333,-0.9697089858333336,4.848630475416666,25.69592675,25.030867129032263,16.684764166666668,3.7164430837499993,-4.856232431666666,-0.0202005141666665,-15.563269154166669,8.49997695375,9.855563333333334,10.05961742580645,6.002512583333334,-16.3310944525,-19.32271714291667,4.539096570833332,-44.942675625,1.81511154125,5.01578164,4.428482872580645,5.868162000000001,20.3221005,29.56410754166667,15.997371583333331,18.24147670833333,0.0,0.0,0.0,0.0,0.0164886578333333,0.0171699241833333,0.0102894524791666,0.0033673819583333,0.0,0.0,0.0
