mfcc1_sma3_1,mfcc1_sma3_2,mfcc1_sma3_3,mfcc1_sma3_4,mfcc1_sma3_5,mfcc1_sma3_6,mfcc1_sma3_7,mfcc1_sma3_8,mfcc2_sma3_1,mfcc2_sma3_2,mfcc2_sma3_3,mfcc2_sma3_4,mfcc2_sma3_5,mfcc2_sma3_6,mfcc2_sma3_7,mfcc2_sma3_8,mfcc3_sma3_1,mfcc3_sma3_2,mfcc3_sma3_3,mfcc3_sma3_4,mfcc3_sma3_5,mfcc3_sma3_6,mfcc3_sma3_7,mfcc3_sma3_8,mfcc4_sma3_1,mfcc4_sma3_2,mfcc4_sma3_3,mfcc4_sma3_4,mfcc4_sma3_5,mfcc4_sma3_6,mfcc4_sma3_7,mfcc4_sma3_8,F0semitoneFrom27.5Hz_sma3nz_1,F0semitoneFrom27.5Hz_sma3nz_2,F0semitoneFrom27.5Hz_sma3nz_3,F0semitoneFrom27.5Hz_sma3nz_4,F0semitoneFrom27.5Hz_sma3nz_5,F0semitoneFrom27.5Hz_sma3nz_6,F0semitoneFrom27.5Hz_sma3nz_7,F0semitoneFrom27.5Hz_sma3nz_8,jitterLocal_sma3nz_1,jitterLocal_sma3nz_2,jitterLocal_sma3nz_3,jitterLocal_sma3nz_4,jitterLocal_sma3nz_5,jitterLocal_sma3nz_6,jitterLocal_sma3nz_7,jitterLocal_sma3nz_8
24.755728057692306,24.2341922,39.63726811538462,30.125200384615383,35.43516280769231,21.08137453846154,22.58804161538461,21.764014166666666,19.867017431538464,23.89689215384615,6.533250034615383,10.05135670653846,6.350269458846153,16.215866965384613,26.65220380769231,26.817041100000004,16.48219067307692,16.959794499999997,-0.4114739076923077,4.002807790384614,-11.574659879230769,11.09787983346154,12.607747653846154,10.12264427666667,2.446606268076923,6.40449931,-9.6810021,1.2425977692307697,-31.60198989307693,7.61655169,5.420871909615385,3.910305647666667,7.0853878076923085,17.468172115384615,27.70845811538461,8.428922307692307,11.194026730769233,0.0,0.0,0.0,0.0026424410384615,0.0229018468730769,0.0236707309307692,0.0053679781692307,0.0054626433153846,0.0,0.0,0.0
