mfcc1_sma3_1,mfcc1_sma3_2,mfcc1_sma3_3,mfcc1_sma3_4,mfcc1_sma3_5,mfcc1_sma3_6,mfcc1_sma3_7,mfcc1_sma3_8,mfcc2_sma3_1,mfcc2_sma3_2,mfcc2_sma3_3,mfcc2_sma3_4,mfcc2_sma3_5,mfcc2_sma3_6,mfcc2_sma3_7,mfcc2_sma3_8,mfcc3_sma3_1,mfcc3_sma3_2,mfcc3_sma3_3,mfcc3_sma3_4,mfcc3_sma3_5,mfcc3_sma3_6,mfcc3_sma3_7,mfcc3_sma3_8,mfcc4_sma3_1,mfcc4_sma3_2,mfcc4_sma3_3,mfcc4_sma3_4,mfcc4_sma3_5,mfcc4_sma3_6,mfcc4_sma3_7,mfcc4_sma3_8,F0semitoneFrom27.5Hz_sma3nz_1,F0semitoneFrom27.5Hz_sma3nz_2,F0semitoneFrom27.5Hz_sma3nz_3,F0semitoneFrom27.5Hz_sma3nz_4,F0semitoneFrom27.5Hz_sma3nz_5,F0semitoneFrom27.5Hz_sma3nz_6,F0semitoneFrom27.5Hz_sma3nz_7,F0semitoneFrom27.5Hz_sma3nz_8,jitterLocal_sma3nz_1,jitterLocal_sma3nz_2,jitterLocal_sma3nz_3,jitterLocal_sma3nz_4,jitterLocal_sma3nz_5,jitterLocal_sma3nz_6,jitterLocal_sma3nz_7,jitterLocal_sma3nz_8
21.937593958333338,39.348409125,35.01414783333333,42.92266866666666,44.87352654166667,32.42212941666667,25.025415916666663,22.09883357142857,24.28226725,11.812058077083334,4.824585585416666,8.505110968333334,9.4625574301875,16.50210022083333,11.350707620833331,24.327783892857138,12.586052575000002,-2.9093588075,5.012582317916666,3.3607605258749995,-18.645877958333333,-4.292209879166666,1.7429669916666668,11.984277182142858,3.6697108291666662,-4.141939077499999,-6.553794591666666,-0.913426675,-23.45731825,-11.629584381375002,0.5883557125000002,4.521989707142857,0.0,28.343205041666664,26.088274791666663,24.10563541666667,24.65734995833333,0.0,0.0,0.0,0.0,0.0143549195416666,0.006201496175,0.0095777817083333,0.0066275155625,0.0,0.0,0.0
