mfcc1_sma3_1,mfcc1_sma3_2,mfcc1_sma3_3,mfcc1_sma3_4,mfcc1_sma3_5,mfcc1_sma3_6,mfcc1_sma3_7,mfcc1_sma3_8,mfcc2_sma3_1,mfcc2_sma3_2,mfcc2_sma3_3,mfcc2_sma3_4,mfcc2_sma3_5,mfcc2_sma3_6,mfcc2_sma3_7,mfcc2_sma3_8,mfcc3_sma3_1,mfcc3_sma3_2,mfcc3_sma3_3,mfcc3_sma3_4,mfcc3_sma3_5,mfcc3_sma3_6,mfcc3_sma3_7,mfcc3_sma3_8,mfcc4_sma3_1,mfcc4_sma3_2,mfcc4_sma3_3,mfcc4_sma3_4,mfcc4_sma3_5,mfcc4_sma3_6,mfcc4_sma3_7,mfcc4_sma3_8,F0semitoneFrom27.5Hz_sma3nz_1,F0semitoneFrom27.5Hz_sma3nz_2,F0semitoneFrom27.5Hz_sma3nz_3,F0semitoneFrom27.5Hz_sma3nz_4,F0semitoneFrom27.5Hz_sma3nz_5,F0semitoneFrom27.5Hz_sma3nz_6,F0semitoneFrom27.5Hz_sma3nz_7,F0semitoneFrom27.5Hz_sma3nz_8,jitterLocal_sma3nz_1,jitterLocal_sma3nz_2,jitterLocal_sma3nz_3,jitterLocal_sma3nz_4,jitterLocal_sma3nz_5,jitterLocal_sma3nz_6,jitterLocal_sma3nz_7,jitterLocal_sma3nz_8
14.020595725000002,21.49764065,18.5283399,13.833030495,18.8993482,19.91364855,21.2362863,17.07100273076923,-3.31634863,-12.069752035,-11.6810515765,-19.831404875,-6.131682110000001,21.0423993,20.8492613,5.831199365384616,24.57372558,8.092062090000002,11.3032479225,-9.484422655,3.012760335,14.965878425,10.62843611,16.562215134615386,-14.792326194999998,-17.0916289,-21.673755205,-38.8162708075,-4.19719755,9.461171180000004,8.594140710000001,9.72738303076923,0.0,17.1960549,10.1594027,51.30252925,2.6701008,0.0,0.0,0.0,0.0,0.00454490895,0.0058055907,0.0304823672499999,0.0007056184,0.0,0.0,0.0
