mfcc1_sma3_1,mfcc1_sma3_2,mfcc1_sma3_3,mfcc1_sma3_4,mfcc1_sma3_5,mfcc1_sma3_6,mfcc1_sma3_7,mfcc1_sma3_8,mfcc2_sma3_1,mfcc2_sma3_2,mfcc2_sma3_3,mfcc2_sma3_4,mfcc2_sma3_5,mfcc2_sma3_6,mfcc2_sma3_7,mfcc2_sma3_8,mfcc3_sma3_1,mfcc3_sma3_2,mfcc3_sma3_3,mfcc3_sma3_4,mfcc3_sma3_5,mfcc3_sma3_6,mfcc3_sma3_7,mfcc3_sma3_8,mfcc4_sma3_1,mfcc4_sma3_2,mfcc4_sma3_3,mfcc4_sma3_4,mfcc4_sma3_5,mfcc4_sma3_6,mfcc4_sma3_7,mfcc4_sma3_8,F0semitoneFrom27.5Hz_sma3nz_1,F0semitoneFrom27.5Hz_sma3nz_2,F0semitoneFrom27.5Hz_sma3nz_3,F0semitoneFrom27.5Hz_sma3nz_4,F0semitoneFrom27.5Hz_sma3nz_5,F0semitoneFrom27.5Hz_sma3nz_6,F0semitoneFrom27.5Hz_sma3nz_7,F0semitoneFrom27.5Hz_sma3nz_8,jitterLocal_sma3nz_1,jitterLocal_sma3nz_2,jitterLocal_sma3nz_3,jitterLocal_sma3nz_4,jitterLocal_sma3nz_5,jitterLocal_sma3nz_6,jitterLocal_sma3nz_7,jitterLocal_sma3nz_8
21.968614884615384,20.668505557692317,28.465405769230763,27.488943307692317,21.60573794230769,27.260457653846156,27.17522353846154,21.310835500000003,24.72671726923077,4.198208292307692,-19.37579244615385,-9.459478063846152,5.117369561538462,5.322240707692307,20.808483423076925,22.4749959,15.986311846153846,34.43377269615384,-2.79651341,5.639931700000001,21.534418965384614,3.820133976923077,9.849893376923076,13.853905716666668,7.157091115384615,-21.65943071923077,-24.284124767692308,-32.41381794230769,-26.08118071153846,-35.26956251153846,-26.94181860384615,6.162141783333334,7.193576538461539,28.014993730769227,39.73488861538461,37.84610080769231,8.910251576923077,13.082533038461538,0.0,0.0,0.0005909704884615,0.0136083005230769,0.0089840814923076,0.0117816141807692,0.0036072345807692,0.0071789210999999,0.0,0.0
