mfcc1_sma3_1,mfcc1_sma3_2,mfcc1_sma3_3,mfcc1_sma3_4,mfcc1_sma3_5,mfcc1_sma3_6,mfcc1_sma3_7,mfcc1_sma3_8,mfcc2_sma3_1,mfcc2_sma3_2,mfcc2_sma3_3,mfcc2_sma3_4,mfcc2_sma3_5,mfcc2_sma3_6,mfcc2_sma3_7,mfcc2_sma3_8,mfcc3_sma3_1,mfcc3_sma3_2,mfcc3_sma3_3,mfcc3_sma3_4,mfcc3_sma3_5,mfcc3_sma3_6,mfcc3_sma3_7,mfcc3_sma3_8,mfcc4_sma3_1,mfcc4_sma3_2,mfcc4_sma3_3,mfcc4_sma3_4,mfcc4_sma3_5,mfcc4_sma3_6,mfcc4_sma3_7,mfcc4_sma3_8,F0semitoneFrom27.5Hz_sma3nz_1,F0semitoneFrom27.5Hz_sma3nz_2,F0semitoneFrom27.5Hz_sma3nz_3,F0semitoneFrom27.5Hz_sma3nz_4,F0semitoneFrom27.5Hz_sma3nz_5,F0semitoneFrom27.5Hz_sma3nz_6,F0semitoneFrom27.5Hz_sma3nz_7,F0semitoneFrom27.5Hz_sma3nz_8,jitterLocal_sma3nz_1,jitterLocal_sma3nz_2,jitterLocal_sma3nz_3,jitterLocal_sma3nz_4,jitterLocal_sma3nz_5,jitterLocal_sma3nz_6,jitterLocal_sma3nz_7,jitterLocal_sma3nz_8
20.68202062068966,19.02819377586207,30.54309727586207,27.82121031034483,33.61677244827587,30.75499610344828,21.04952096551724,20.19106355555556,25.33457220689655,-24.438015965517245,-4.747134094827586,-2.258536941379309,3.980884257586207,7.709363463448276,13.6307109,25.42686802777778,14.09585277586207,3.0682848196551724,-7.175748996344828,2.413528133448276,-11.134231813793106,-2.3054615535172416,10.127753484482758,14.220087180555556,6.220951258620689,1.366179739034482,-18.72029755172414,-9.843291662068966,-16.913033941379314,-5.966748505517241,7.4244785348275855,2.4879942514638884,0.0,14.743748793103446,10.948226137931034,11.850347758620687,34.91421696551724,8.73491827586207,0.0,0.0,0.0,0.0189393428965517,0.0075160254655172,0.0024637801275862,0.0125319589793103,0.0041607031034482,0.0,0.0
