mfcc1_sma3_1,mfcc1_sma3_2,mfcc1_sma3_3,mfcc1_sma3_4,mfcc1_sma3_5,mfcc1_sma3_6,mfcc1_sma3_7,mfcc1_sma3_8,mfcc2_sma3_1,mfcc2_sma3_2,mfcc2_sma3_3,mfcc2_sma3_4,mfcc2_sma3_5,mfcc2_sma3_6,mfcc2_sma3_7,mfcc2_sma3_8,mfcc3_sma3_1,mfcc3_sma3_2,mfcc3_sma3_3,mfcc3_sma3_4,mfcc3_sma3_5,mfcc3_sma3_6,mfcc3_sma3_7,mfcc3_sma3_8,mfcc4_sma3_1,mfcc4_sma3_2,mfcc4_sma3_3,mfcc4_sma3_4,mfcc4_sma3_5,mfcc4_sma3_6,mfcc4_sma3_7,mfcc4_sma3_8,F0semitoneFrom27.5Hz_sma3nz_1,F0semitoneFrom27.5Hz_sma3nz_2,F0semitoneFrom27.5Hz_sma3nz_3,F0semitoneFrom27.5Hz_sma3nz_4,F0semitoneFrom27.5Hz_sma3nz_5,F0semitoneFrom27.5Hz_sma3nz_6,F0semitoneFrom27.5Hz_sma3nz_7,F0semitoneFrom27.5Hz_sma3nz_8,jitterLocal_sma3nz_1,jitterLocal_sma3nz_2,jitterLocal_sma3nz_3,jitterLocal_sma3nz_4,jitterLocal_sma3nz_5,jitterLocal_sma3nz_6,jitterLocal_sma3nz_7,jitterLocal_sma3nz_8
20.918770045454544,20.78848963636364,20.92338313636364,31.708756272727268,24.07836647272728,28.10930343181818,24.135839,20.810191022222224,27.16652134090909,25.675140522727272,26.90414638636364,16.51667134386364,31.07671145454545,22.08633562045455,19.94984768181818,19.8803664,13.391650379545451,12.313519354545456,14.11349028409091,9.007334075454546,13.402053625,6.387058048863637,6.797426497727273,9.759504862222222,5.992379612272728,6.227646993272725,6.958929171136364,4.250212094318182,12.21843742,-1.031839799545455,-0.2406105022727271,4.227580458888889,0.0,0.0,0.0,17.924254954545457,12.981325181818182,8.209813545454546,0.0,0.0,0.0,0.0,0.0,0.0100986055886363,0.0097067615340909,0.006809752065909,0.0,0.0
