mfcc1_sma3_1,mfcc1_sma3_2,mfcc1_sma3_3,mfcc1_sma3_4,mfcc1_sma3_5,mfcc1_sma3_6,mfcc1_sma3_7,mfcc1_sma3_8,mfcc2_sma3_1,mfcc2_sma3_2,mfcc2_sma3_3,mfcc2_sma3_4,mfcc2_sma3_5,mfcc2_sma3_6,mfcc2_sma3_7,mfcc2_sma3_8,mfcc3_sma3_1,mfcc3_sma3_2,mfcc3_sma3_3,mfcc3_sma3_4,mfcc3_sma3_5,mfcc3_sma3_6,mfcc3_sma3_7,mfcc3_sma3_8,mfcc4_sma3_1,mfcc4_sma3_2,mfcc4_sma3_3,mfcc4_sma3_4,mfcc4_sma3_5,mfcc4_sma3_6,mfcc4_sma3_7,mfcc4_sma3_8,F0semitoneFrom27.5Hz_sma3nz_1,F0semitoneFrom27.5Hz_sma3nz_2,F0semitoneFrom27.5Hz_sma3nz_3,F0semitoneFrom27.5Hz_sma3nz_4,F0semitoneFrom27.5Hz_sma3nz_5,F0semitoneFrom27.5Hz_sma3nz_6,F0semitoneFrom27.5Hz_sma3nz_7,F0semitoneFrom27.5Hz_sma3nz_8,jitterLocal_sma3nz_1,jitterLocal_sma3nz_2,jitterLocal_sma3nz_3,jitterLocal_sma3nz_4,jitterLocal_sma3nz_5,jitterLocal_sma3nz_6,jitterLocal_sma3nz_7,jitterLocal_sma3nz_8
20.819756916666663,16.467819726190477,22.02115480983333,29.873428404761917,23.83014177380952,28.854495595238102,19.191355214285714,18.115364866666667,14.071164343333336,16.762011904761906,18.09315115309524,9.123412947619048,12.414855502380952,8.248405855000001,18.301780397619048,18.96688616666667,13.48878741190476,14.255849721428572,14.062924048880951,6.298683949690475,6.357871121904762,-9.581367666666669,13.954983119047622,16.475709941111113,2.1151308904761907,5.838409866666667,-1.9402666864285716,-17.519437873809522,-3.073805002380953,-20.749208342857145,10.715139563333334,4.7302588044444445,7.375605238095238,0.0,11.718560476190476,21.486764952380952,2.5965210238095238,9.515831285714285,0.0,0.0,0.0015025021690476,0.0,0.0081125215547619,0.0245404123214285,0.0,0.002934646945238,0.0,0.0
