mfcc1_sma3_1,mfcc1_sma3_2,mfcc1_sma3_3,mfcc1_sma3_4,mfcc1_sma3_5,mfcc1_sma3_6,mfcc1_sma3_7,mfcc1_sma3_8,mfcc2_sma3_1,mfcc2_sma3_2,mfcc2_sma3_3,mfcc2_sma3_4,mfcc2_sma3_5,mfcc2_sma3_6,mfcc2_sma3_7,mfcc2_sma3_8,mfcc3_sma3_1,mfcc3_sma3_2,mfcc3_sma3_3,mfcc3_sma3_4,mfcc3_sma3_5,mfcc3_sma3_6,mfcc3_sma3_7,mfcc3_sma3_8,mfcc4_sma3_1,mfcc4_sma3_2,mfcc4_sma3_3,mfcc4_sma3_4,mfcc4_sma3_5,mfcc4_sma3_6,mfcc4_sma3_7,mfcc4_sma3_8,F0semitoneFrom27.5Hz_sma3nz_1,F0semitoneFrom27.5Hz_sma3nz_2,F0semitoneFrom27.5Hz_sma3nz_3,F0semitoneFrom27.5Hz_sma3nz_4,F0semitoneFrom27.5Hz_sma3nz_5,F0semitoneFrom27.5Hz_sma3nz_6,F0semitoneFrom27.5Hz_sma3nz_7,F0semitoneFrom27.5Hz_sma3nz_8,jitterLocal_sma3nz_1,jitterLocal_sma3nz_2,jitterLocal_sma3nz_3,jitterLocal_sma3nz_4,jitterLocal_sma3nz_5,jitterLocal_sma3nz_6,jitterLocal_sma3nz_7,jitterLocal_sma3nz_8
22.983052800000003,19.01155345,21.4782847875,19.79287618,23.27734365,12.22132554075,19.27364420375,22.128380173913047,18.6315245,19.681400705,1.134234295,4.37940045125,5.414013185,13.361499177500002,5.674015196499999,23.89882678260869,6.9715746725,16.4040619225,12.2579185575,23.89232154,9.68700796625,10.08946962,4.025614717250001,9.439414095652172,4.2525149657500005,4.79197862,1.34750552,2.8252259945,-8.429760012500001,-8.723310137499999,-24.147020073750003,0.2880359740434782,0.0,2.098653525,16.598889625,30.2299376,23.824519925,11.339274275,8.652084375,0.0,0.0,0.0,0.0109466202875,0.0087524547075,0.0477204820325,0.00345027149,0.0022769790249999,0.0
