mfcc1_sma3_1,mfcc1_sma3_2,mfcc1_sma3_3,mfcc1_sma3_4,mfcc1_sma3_5,mfcc1_sma3_6,mfcc1_sma3_7,mfcc1_sma3_8,mfcc2_sma3_1,mfcc2_sma3_2,mfcc2_sma3_3,mfcc2_sma3_4,mfcc2_sma3_5,mfcc2_sma3_6,mfcc2_sma3_7,mfcc2_sma3_8,mfcc3_sma3_1,mfcc3_sma3_2,mfcc3_sma3_3,mfcc3_sma3_4,mfcc3_sma3_5,mfcc3_sma3_6,mfcc3_sma3_7,mfcc3_sma3_8,mfcc4_sma3_1,mfcc4_sma3_2,mfcc4_sma3_3,mfcc4_sma3_4,mfcc4_sma3_5,mfcc4_sma3_6,mfcc4_sma3_7,mfcc4_sma3_8,F0semitoneFrom27.5Hz_sma3nz_1,F0semitoneFrom27.5Hz_sma3nz_2,F0semitoneFrom27.5Hz_sma3nz_3,F0semitoneFrom27.5Hz_sma3nz_4,F0semitoneFrom27.5Hz_sma3nz_5,F0semitoneFrom27.5Hz_sma3nz_6,F0semitoneFrom27.5Hz_sma3nz_7,F0semitoneFrom27.5Hz_sma3nz_8,jitterLocal_sma3nz_1,jitterLocal_sma3nz_2,jitterLocal_sma3nz_3,jitterLocal_sma3nz_4,jitterLocal_sma3nz_5,jitterLocal_sma3nz_6,jitterLocal_sma3nz_7,jitterLocal_sma3nz_8
20.45361013333333,19.31400015555556,26.874430022222224,22.417405533333337,11.770754991111112,16.935133260466667,16.995900653333333,20.864395166666664,20.18633911111111,-0.3595421311111111,-1.7186059955555557,1.1364714044444444,9.679197425333337,13.923479535555556,15.446256272000005,24.60158964583333,13.83422906,8.795212646666666,-3.1607704584444445,13.846826611555558,34.25912862222223,30.383783811111112,35.98828120000001,10.722411666666668,9.3218294,-6.037627705333334,-22.65857058888889,-22.60281773555556,-9.79669967088889,1.7542369422222224,1.2938282368888885,4.797406045833333,0.0,24.9798684,29.99848195555556,27.970826888888887,28.173992777777777,30.609924333333325,4.385454422222223,0.0,0.0,0.0179522138044444,0.0198798685688888,0.01119936458,0.0217186445288888,0.0139272781311111,0.0024983039,0.0
