mfcc1_sma3_1,mfcc1_sma3_2,mfcc1_sma3_3,mfcc1_sma3_4,mfcc1_sma3_5,mfcc1_sma3_6,mfcc1_sma3_7,mfcc1_sma3_8,mfcc2_sma3_1,mfcc2_sma3_2,mfcc2_sma3_3,mfcc2_sma3_4,mfcc2_sma3_5,mfcc2_sma3_6,mfcc2_sma3_7,mfcc2_sma3_8,mfcc3_sma3_1,mfcc3_sma3_2,mfcc3_sma3_3,mfcc3_sma3_4,mfcc3_sma3_5,mfcc3_sma3_6,mfcc3_sma3_7,mfcc3_sma3_8,mfcc4_sma3_1,mfcc4_sma3_2,mfcc4_sma3_3,mfcc4_sma3_4,mfcc4_sma3_5,mfcc4_sma3_6,mfcc4_sma3_7,mfcc4_sma3_8,F0semitoneFrom27.5Hz_sma3nz_1,F0semitoneFrom27.5Hz_sma3nz_2,F0semitoneFrom27.5Hz_sma3nz_3,F0semitoneFrom27.5Hz_sma3nz_4,F0semitoneFrom27.5Hz_sma3nz_5,F0semitoneFrom27.5Hz_sma3nz_6,F0semitoneFrom27.5Hz_sma3nz_7,F0semitoneFrom27.5Hz_sma3nz_8,jitterLocal_sma3nz_1,jitterLocal_sma3nz_2,jitterLocal_sma3nz_3,jitterLocal_sma3nz_4,jitterLocal_sma3nz_5,jitterLocal_sma3nz_6,jitterLocal_sma3nz_7,jitterLocal_sma3nz_8
21.776419068965517,18.25139372413793,21.39943079310345,27.12002351724138,25.06738320689655,25.405793862068965,20.74078727586207,20.243812586206893,25.590041448275866,14.825337560448276,11.091494378620691,0.2746465898620688,9.276011223793104,1.4429309489655169,14.70723856896552,26.10239503448276,11.308870955172416,23.901420913793107,7.498131232068966,7.140900926155172,0.8480405034482758,-11.319097775862067,7.306249000000001,12.090921768965517,6.450880494827585,6.82012281724138,-17.86212875172414,-16.7237455137931,-22.51505120689655,-42.60664544827586,6.675571591724137,4.147882988275862,0.0,9.699025793103448,22.28813610344828,25.196693379310343,15.487156620689657,9.672527068965518,0.0,0.0,0.0,0.0057170968793103,0.0104377664586206,0.0202901374586206,0.0082359880793103,0.0100305190620689,0.0,0.0
