mfcc1_sma3_1,mfcc1_sma3_2,mfcc1_sma3_3,mfcc1_sma3_4,mfcc1_sma3_5,mfcc1_sma3_6,mfcc1_sma3_7,mfcc1_sma3_8,mfcc2_sma3_1,mfcc2_sma3_2,mfcc2_sma3_3,mfcc2_sma3_4,mfcc2_sma3_5,mfcc2_sma3_6,mfcc2_sma3_7,mfcc2_sma3_8,mfcc3_sma3_1,mfcc3_sma3_2,mfcc3_sma3_3,mfcc3_sma3_4,mfcc3_sma3_5,mfcc3_sma3_6,mfcc3_sma3_7,mfcc3_sma3_8,mfcc4_sma3_1,mfcc4_sma3_2,mfcc4_sma3_3,mfcc4_sma3_4,mfcc4_sma3_5,mfcc4_sma3_6,mfcc4_sma3_7,mfcc4_sma3_8,F0semitoneFrom27.5Hz_sma3nz_1,F0semitoneFrom27.5Hz_sma3nz_2,F0semitoneFrom27.5Hz_sma3nz_3,F0semitoneFrom27.5Hz_sma3nz_4,F0semitoneFrom27.5Hz_sma3nz_5,F0semitoneFrom27.5Hz_sma3nz_6,F0semitoneFrom27.5Hz_sma3nz_7,F0semitoneFrom27.5Hz_sma3nz_8,jitterLocal_sma3nz_1,jitterLocal_sma3nz_2,jitterLocal_sma3nz_3,jitterLocal_sma3nz_4,jitterLocal_sma3nz_5,jitterLocal_sma3nz_6,jitterLocal_sma3nz_7,jitterLocal_sma3nz_8
21.080444333333336,21.408106375,22.358413833333334,29.891864291666668,29.5608615,29.271965958333336,25.36302345833333,21.70232642857143,25.59793575,27.5243005,13.5032853875,0.1961471643333333,1.7455976208333333,9.0041414,14.160517079166668,22.849438321428572,12.581314108333336,14.8311593125,9.029164787916669,4.20224320375,16.489063583333333,25.740120041666668,28.93560629166667,13.79622989285714,7.887603118333334,6.471144575416666,-2.2168089441666665,-25.84306035166667,-16.434402780625003,8.238934753333334,1.615995726666667,9.503178792857144,0.0,0.0,8.071923583333334,24.49812183333333,23.911353125,23.745518333333333,9.936047208333331,0.0,0.0,0.0,0.0055253435416666,0.0135300919999999,0.00701414115,0.0105526236583333,0.0034763842833333,0.0
