mfcc1_sma3_1,mfcc1_sma3_2,mfcc1_sma3_3,mfcc1_sma3_4,mfcc1_sma3_5,mfcc1_sma3_6,mfcc1_sma3_7,mfcc1_sma3_8,mfcc2_sma3_1,mfcc2_sma3_2,mfcc2_sma3_3,mfcc2_sma3_4,mfcc2_sma3_5,mfcc2_sma3_6,mfcc2_sma3_7,mfcc2_sma3_8,mfcc3_sma3_1,mfcc3_sma3_2,mfcc3_sma3_3,mfcc3_sma3_4,mfcc3_sma3_5,mfcc3_sma3_6,mfcc3_sma3_7,mfcc3_sma3_8,mfcc4_sma3_1,mfcc4_sma3_2,mfcc4_sma3_3,mfcc4_sma3_4,mfcc4_sma3_5,mfcc4_sma3_6,mfcc4_sma3_7,mfcc4_sma3_8,F0semitoneFrom27.5Hz_sma3nz_1,F0semitoneFrom27.5Hz_sma3nz_2,F0semitoneFrom27.5Hz_sma3nz_3,F0semitoneFrom27.5Hz_sma3nz_4,F0semitoneFrom27.5Hz_sma3nz_5,F0semitoneFrom27.5Hz_sma3nz_6,F0semitoneFrom27.5Hz_sma3nz_7,F0semitoneFrom27.5Hz_sma3nz_8,jitterLocal_sma3nz_1,jitterLocal_sma3nz_2,jitterLocal_sma3nz_3,jitterLocal_sma3nz_4,jitterLocal_sma3nz_5,jitterLocal_sma3nz_6,jitterLocal_sma3nz_7,jitterLocal_sma3nz_8
24.16827631818181,8.635889355909091,26.15125790909091,25.12781309090909,30.320320272727272,30.843121909090907,17.74154962727273,18.92830161428572,23.567464,19.16697825454545,-6.182535452272727,-4.663285011818181,11.91633154909091,3.051047733636364,14.005778304545457,26.711660357142858,13.678732472727273,4.140365658181818,-4.703391577272726,12.551226490227275,-0.0897760172727273,11.318454522727272,9.594546340454546,14.012512678571428,-8.088583454545455,-5.309397896363636,-26.591538,-12.35065672818182,-44.97773463636364,-11.443195063181818,0.8889159219090911,7.781037064285714,9.402012818181818,11.225571636363638,17.557962818181817,17.266985590909087,19.502762727272724,28.828867,0.0,0.0,0.0054425556363636,0.0010217462272727,0.032007552,0.0107747146954545,0.0059100308545454,0.0646774993499999,0.0,0.0
