mfcc1_sma3_1,mfcc1_sma3_2,mfcc1_sma3_3,mfcc1_sma3_4,mfcc1_sma3_5,mfcc1_sma3_6,mfcc1_sma3_7,mfcc1_sma3_8,mfcc2_sma3_1,mfcc2_sma3_2,mfcc2_sma3_3,mfcc2_sma3_4,mfcc2_sma3_5,mfcc2_sma3_6,mfcc2_sma3_7,mfcc2_sma3_8,mfcc3_sma3_1,mfcc3_sma3_2,mfcc3_sma3_3,mfcc3_sma3_4,mfcc3_sma3_5,mfcc3_sma3_6,mfcc3_sma3_7,mfcc3_sma3_8,mfcc4_sma3_1,mfcc4_sma3_2,mfcc4_sma3_3,mfcc4_sma3_4,mfcc4_sma3_5,mfcc4_sma3_6,mfcc4_sma3_7,mfcc4_sma3_8,F0semitoneFrom27.5Hz_sma3nz_1,F0semitoneFrom27.5Hz_sma3nz_2,F0semitoneFrom27.5Hz_sma3nz_3,F0semitoneFrom27.5Hz_sma3nz_4,F0semitoneFrom27.5Hz_sma3nz_5,F0semitoneFrom27.5Hz_sma3nz_6,F0semitoneFrom27.5Hz_sma3nz_7,F0semitoneFrom27.5Hz_sma3nz_8,jitterLocal_sma3nz_1,jitterLocal_sma3nz_2,jitterLocal_sma3nz_3,jitterLocal_sma3nz_4,jitterLocal_sma3nz_5,jitterLocal_sma3nz_6,jitterLocal_sma3nz_7,jitterLocal_sma3nz_8
21.83439092,23.78234552,20.46108784,23.9632542,24.1440909,17.06472016,25.549770280000004,22.06313148148148,27.42583196,-5.1946638332,-11.0311869552,-2.8928749719999995,-2.2369386950000005,4.770617190159999,23.800931800000004,26.96099444444444,13.141724900000002,7.9470489992,-4.552904080199999,8.6441951696,19.5730919,32.99181704,16.357952479999998,13.914948037037036,6.759873516,-14.39355524,-38.762943240000006,-23.82440844,-5.7672293,-20.81681972,2.500843544,6.669795557777778,0.0,20.50678008,34.44830612,28.234321,27.42924088,13.017428439999998,0.0,0.0,0.0,0.02458778382,0.0148015811239999,0.0073695848639999,0.0111201502279999,0.00828604308,0.0,0.0
