mfcc1_sma3_1,mfcc1_sma3_2,mfcc1_sma3_3,mfcc1_sma3_4,mfcc1_sma3_5,mfcc1_sma3_6,mfcc1_sma3_7,mfcc1_sma3_8,mfcc2_sma3_1,mfcc2_sma3_2,mfcc2_sma3_3,mfcc2_sma3_4,mfcc2_sma3_5,mfcc2_sma3_6,mfcc2_sma3_7,mfcc2_sma3_8,mfcc3_sma3_1,mfcc3_sma3_2,mfcc3_sma3_3,mfcc3_sma3_4,mfcc3_sma3_5,mfcc3_sma3_6,mfcc3_sma3_7,mfcc3_sma3_8,mfcc4_sma3_1,mfcc4_sma3_2,mfcc4_sma3_3,mfcc4_sma3_4,mfcc4_sma3_5,mfcc4_sma3_6,mfcc4_sma3_7,mfcc4_sma3_8,F0semitoneFrom27.5Hz_sma3nz_1,F0semitoneFrom27.5Hz_sma3nz_2,F0semitoneFrom27.5Hz_sma3nz_3,F0semitoneFrom27.5Hz_sma3nz_4,F0semitoneFrom27.5Hz_sma3nz_5,F0semitoneFrom27.5Hz_sma3nz_6,F0semitoneFrom27.5Hz_sma3nz_7,F0semitoneFrom27.5Hz_sma3nz_8,jitterLocal_sma3nz_1,jitterLocal_sma3nz_2,jitterLocal_sma3nz_3,jitterLocal_sma3nz_4,jitterLocal_sma3nz_5,jitterLocal_sma3nz_6,jitterLocal_sma3nz_7,jitterLocal_sma3nz_8
17.773023129166667,22.152693625,10.0544866125,19.879200041666664,15.642259654166663,29.95252458333333,27.520950125,21.92533464516129,20.2526100125,-3.3774068575,7.4680692875,8.210205541666667,15.076106925,8.448149906666666,19.851924254166665,25.861471419354835,11.93405951875,10.065100612499998,7.044626185166667,15.474618916666666,27.9486,-6.6847270495833335,2.4731025291666664,11.40331248064516,-0.7634982620833334,-12.33138690125,-9.677799040833332,-9.248182520833334,4.869524554583333,-40.76194366666667,1.1678765275,4.1886883445161285,4.867390958333334,23.53523,13.600166916666668,19.77215933333333,8.157157791666668,15.6030995,0.0,0.0,0.0,0.0071069818749999,0.0037175516125,0.0120526911041666,0.0,0.00334426455,0.0,0.0
