mfcc1_sma3_1,mfcc1_sma3_2,mfcc1_sma3_3,mfcc1_sma3_4,mfcc1_sma3_5,mfcc1_sma3_6,mfcc1_sma3_7,mfcc1_sma3_8,mfcc2_sma3_1,mfcc2_sma3_2,mfcc2_sma3_3,mfcc2_sma3_4,mfcc2_sma3_5,mfcc2_sma3_6,mfcc2_sma3_7,mfcc2_sma3_8,mfcc3_sma3_1,mfcc3_sma3_2,mfcc3_sma3_3,mfcc3_sma3_4,mfcc3_sma3_5,mfcc3_sma3_6,mfcc3_sma3_7,mfcc3_sma3_8,mfcc4_sma3_1,mfcc4_sma3_2,mfcc4_sma3_3,mfcc4_sma3_4,mfcc4_sma3_5,mfcc4_sma3_6,mfcc4_sma3_7,mfcc4_sma3_8,F0semitoneFrom27.5Hz_sma3nz_1,F0semitoneFrom27.5Hz_sma3nz_2,F0semitoneFrom27.5Hz_sma3nz_3,F0semitoneFrom27.5Hz_sma3nz_4,F0semitoneFrom27.5Hz_sma3nz_5,F0semitoneFrom27.5Hz_sma3nz_6,F0semitoneFrom27.5Hz_sma3nz_7,F0semitoneFrom27.5Hz_sma3nz_8,jitterLocal_sma3nz_1,jitterLocal_sma3nz_2,jitterLocal_sma3nz_3,jitterLocal_sma3nz_4,jitterLocal_sma3nz_5,jitterLocal_sma3nz_6,jitterLocal_sma3nz_7,jitterLocal_sma3nz_8
22.389179578947363,20.64996329789474,33.67997626315789,28.452597526315788,24.608784815789463,31.568841263157896,20.49241242105263,21.142087105263155,21.54198845789474,13.364960310526314,1.2818380210526312,1.969423873684211,12.15251493368421,-4.521910116842105,3.6467048426315785,25.427487315789477,15.375850152631577,1.610986894736841,-7.5622652057894735,7.591877668421052,-12.198902252631578,-15.363251157894735,14.08434977368421,11.95558194736842,6.078983975263158,-2.502073242105263,-27.081890010526315,0.104589247368421,-32.61742220526316,-20.83687777105263,6.152176913789472,8.363712721052632,0.0,13.684334157894735,26.81623431578948,14.290940736842105,19.595916315789477,1.3759428421052633,0.0,0.0,0.0,0.0039371304842105,0.0086067988894736,0.0097665150526315,0.0034502422,0.0001640522,0.0,0.0
