mfcc1_sma3_1,mfcc1_sma3_2,mfcc1_sma3_3,mfcc1_sma3_4,mfcc1_sma3_5,mfcc1_sma3_6,mfcc1_sma3_7,mfcc1_sma3_8,mfcc2_sma3_1,mfcc2_sma3_2,mfcc2_sma3_3,mfcc2_sma3_4,mfcc2_sma3_5,mfcc2_sma3_6,mfcc2_sma3_7,mfcc2_sma3_8,mfcc3_sma3_1,mfcc3_sma3_2,mfcc3_sma3_3,mfcc3_sma3_4,mfcc3_sma3_5,mfcc3_sma3_6,mfcc3_sma3_7,mfcc3_sma3_8,mfcc4_sma3_1,mfcc4_sma3_2,mfcc4_sma3_3,mfcc4_sma3_4,mfcc4_sma3_5,mfcc4_sma3_6,mfcc4_sma3_7,mfcc4_sma3_8,F0semitoneFrom27.5Hz_sma3nz_1,F0semitoneFrom27.5Hz_sma3nz_2,F0semitoneFrom27.5Hz_sma3nz_3,F0semitoneFrom27.5Hz_sma3nz_4,F0semitoneFrom27.5Hz_sma3nz_5,F0semitoneFrom27.5Hz_sma3nz_6,F0semitoneFrom27.5Hz_sma3nz_7,F0semitoneFrom27.5Hz_sma3nz_8,jitterLocal_sma3nz_1,jitterLocal_sma3nz_2,jitterLocal_sma3nz_3,jitterLocal_sma3nz_4,jitterLocal_sma3nz_5,jitterLocal_sma3nz_6,jitterLocal_sma3nz_7,jitterLocal_sma3nz_8
22.982479761904763,19.53661771428572,32.53117414285715,31.874933428571428,30.52895252380953,23.139217190476188,23.654254523809524,22.00055440000001,27.99200895238095,22.91331547619048,2.025213878571429,-1.056380542857143,8.762382123809523,5.846572190476191,25.92771895238095,25.72264132,12.812591690476191,16.492369466666663,-8.160867295238095,1.4669587852380952,20.979626476190475,28.681212952380957,12.27120492857143,13.09034944,6.020902923809524,3.443737335238095,-25.299088285714284,-13.839268819047618,-1.231968243809524,1.9463652728571428,7.243210295238095,7.292375811999999,0.0,5.768392142857143,26.158326238095235,28.524920428571427,30.38202133333333,10.325687333333333,0.0,0.0,0.0,0.0048871146666666,0.0119351600761904,0.0061582726809523,0.0116597727238095,0.0012645082095238,0.0,0.0
