mfcc1_sma3_1,mfcc1_sma3_2,mfcc1_sma3_3,mfcc1_sma3_4,mfcc1_sma3_5,mfcc1_sma3_6,mfcc1_sma3_7,mfcc1_sma3_8,mfcc2_sma3_1,mfcc2_sma3_2,mfcc2_sma3_3,mfcc2_sma3_4,mfcc2_sma3_5,mfcc2_sma3_6,mfcc2_sma3_7,mfcc2_sma3_8,mfcc3_sma3_1,mfcc3_sma3_2,mfcc3_sma3_3,mfcc3_sma3_4,mfcc3_sma3_5,mfcc3_sma3_6,mfcc3_sma3_7,mfcc3_sma3_8,mfcc4_sma3_1,mfcc4_sma3_2,mfcc4_sma3_3,mfcc4_sma3_4,mfcc4_sma3_5,mfcc4_sma3_6,mfcc4_sma3_7,mfcc4_sma3_8,F0semitoneFrom27.5Hz_sma3nz_1,F0semitoneFrom27.5Hz_sma3nz_2,F0semitoneFrom27.5Hz_sma3nz_3,F0semitoneFrom27.5Hz_sma3nz_4,F0semitoneFrom27.5Hz_sma3nz_5,F0semitoneFrom27.5Hz_sma3nz_6,F0semitoneFrom27.5Hz_sma3nz_7,F0semitoneFrom27.5Hz_sma3nz_8,jitterLocal_sma3nz_1,jitterLocal_sma3nz_2,jitterLocal_sma3nz_3,jitterLocal_sma3nz_4,jitterLocal_sma3nz_5,jitterLocal_sma3nz_6,jitterLocal_sma3nz_7,jitterLocal_sma3nz_8
23.247044706896556,23.51282422758621,29.827873793103446,30.96771820689655,27.23256865517241,28.573799379310348,22.053092979310343,22.50072703448276,13.598795472413787,18.22384443103448,6.250516170344827,18.60186665517241,18.70989649655173,20.239398810344827,21.285008951724134,26.131195482758624,24.990906000000003,12.190555450689656,-20.295383172413796,6.070390120689655,14.675726570689656,-1.0238414699999998,15.908073310344829,12.65168624137931,-7.519938151724139,-9.727447332758622,-37.75638365517241,-10.12222823586207,0.1703310241379313,-28.476663148275865,0.4277858189655177,6.993288372413793,31.13453437931034,26.847525344827588,37.99723320689655,27.53194872413793,22.40053096551724,23.452690517241376,0.0,0.0,0.022547175,0.0142773806724137,0.0269442541586206,0.0237359690172413,0.0178822125310344,0.0396942829655172,0.0,0.0
