mfcc1_sma3_1,mfcc1_sma3_2,mfcc1_sma3_3,mfcc1_sma3_4,mfcc1_sma3_5,mfcc1_sma3_6,mfcc1_sma3_7,mfcc1_sma3_8,mfcc2_sma3_1,mfcc2_sma3_2,mfcc2_sma3_3,mfcc2_sma3_4,mfcc2_sma3_5,mfcc2_sma3_6,mfcc2_sma3_7,mfcc2_sma3_8,mfcc3_sma3_1,mfcc3_sma3_2,mfcc3_sma3_3,mfcc3_sma3_4,mfcc3_sma3_5,mfcc3_sma3_6,mfcc3_sma3_7,mfcc3_sma3_8,mfcc4_sma3_1,mfcc4_sma3_2,mfcc4_sma3_3,mfcc4_sma3_4,mfcc4_sma3_5,mfcc4_sma3_6,mfcc4_sma3_7,mfcc4_sma3_8,F0semitoneFrom27.5Hz_sma3nz_1,F0semitoneFrom27.5Hz_sma3nz_2,F0semitoneFrom27.5Hz_sma3nz_3,F0semitoneFrom27.5Hz_sma3nz_4,F0semitoneFrom27.5Hz_sma3nz_5,F0semitoneFrom27.5Hz_sma3nz_6,F0semitoneFrom27.5Hz_sma3nz_7,F0semitoneFrom27.5Hz_sma3nz_8,jitterLocal_sma3nz_1,jitterLocal_sma3nz_2,jitterLocal_sma3nz_3,jitterLocal_sma3nz_4,jitterLocal_sma3nz_5,jitterLocal_sma3nz_6,jitterLocal_sma3nz_7,jitterLocal_sma3nz_8
20.958233375,27.77422908333333,26.022841950000004,25.207788033333333,27.06244270833333,26.35588266666667,23.115025958333334,22.921774642857144,23.893182916666664,19.82682395833333,14.686255699999998,16.414393791666665,2.590285651458333,10.117980479166668,26.549954791666664,26.91613725,16.0173495625,8.518880904166666,11.621491691666668,19.742014673333333,4.30920314625,11.635155508333334,13.8214416875,10.523493610714285,9.282099082499998,4.135280210833334,8.483943485,2.671305093333333,-9.960120025,-6.160644079166667,5.3356289483333335,4.405788829821429,0.0,13.795313333333334,13.623934708333335,23.055044375000005,33.493220625,14.613521708333332,0.0,0.0,0.0,0.0049558167708333,0.0063267886916666,0.0065616871375,0.0082453230333333,0.0018784360583333,0.0,0.0
