mfcc1_sma3_1,mfcc1_sma3_2,mfcc1_sma3_3,mfcc1_sma3_4,mfcc1_sma3_5,mfcc1_sma3_6,mfcc1_sma3_7,mfcc1_sma3_8,mfcc2_sma3_1,mfcc2_sma3_2,mfcc2_sma3_3,mfcc2_sma3_4,mfcc2_sma3_5,mfcc2_sma3_6,mfcc2_sma3_7,mfcc2_sma3_8,mfcc3_sma3_1,mfcc3_sma3_2,mfcc3_sma3_3,mfcc3_sma3_4,mfcc3_sma3_5,mfcc3_sma3_6,mfcc3_sma3_7,mfcc3_sma3_8,mfcc4_sma3_1,mfcc4_sma3_2,mfcc4_sma3_3,mfcc4_sma3_4,mfcc4_sma3_5,mfcc4_sma3_6,mfcc4_sma3_7,mfcc4_sma3_8,F0semitoneFrom27.5Hz_sma3nz_1,F0semitoneFrom27.5Hz_sma3nz_2,F0semitoneFrom27.5Hz_sma3nz_3,F0semitoneFrom27.5Hz_sma3nz_4,F0semitoneFrom27.5Hz_sma3nz_5,F0semitoneFrom27.5Hz_sma3nz_6,F0semitoneFrom27.5Hz_sma3nz_7,F0semitoneFrom27.5Hz_sma3nz_8,jitterLocal_sma3nz_1,jitterLocal_sma3nz_2,jitterLocal_sma3nz_3,jitterLocal_sma3nz_4,jitterLocal_sma3nz_5,jitterLocal_sma3nz_6,jitterLocal_sma3nz_7,jitterLocal_sma3nz_8
24.584954108108104,27.52863991891892,30.474063243243243,31.537385540540544,18.84511854324324,27.062686378378373,21.73806784054054,26.2926952972973,21.48089291891892,7.803738213513514,18.942428010810808,11.68807245,16.942958075675673,18.19973072972973,25.141320189189187,27.88746424324324,8.7151362,0.5450355786486487,-0.0737997297297296,3.823723372513514,27.11001024324324,11.466944397297295,26.076180108108108,12.917384737837835,2.0297429681081085,-25.902760613513514,-32.44044886486486,-11.717978705405406,0.2928078472972973,-8.164536714594595,-2.1327969886486486,5.616808476121621,3.8659700270270263,30.03201281081081,34.07491381081082,34.393423000000006,24.159494243243245,34.16990681081081,13.69122835135135,0.6710715405405405,0.0002885372432432,0.0108105500594594,0.009716006554054,0.0141779747162162,0.0071788052459459,0.0172954127216216,0.0077327603945945,0.0006202649729729
