mfcc1_sma3_1,mfcc1_sma3_2,mfcc1_sma3_3,mfcc1_sma3_4,mfcc1_sma3_5,mfcc1_sma3_6,mfcc1_sma3_7,mfcc1_sma3_8,mfcc2_sma3_1,mfcc2_sma3_2,mfcc2_sma3_3,mfcc2_sma3_4,mfcc2_sma3_5,mfcc2_sma3_6,mfcc2_sma3_7,mfcc2_sma3_8,mfcc3_sma3_1,mfcc3_sma3_2,mfcc3_sma3_3,mfcc3_sma3_4,mfcc3_sma3_5,mfcc3_sma3_6,mfcc3_sma3_7,mfcc3_sma3_8,mfcc4_sma3_1,mfcc4_sma3_2,mfcc4_sma3_3,mfcc4_sma3_4,mfcc4_sma3_5,mfcc4_sma3_6,mfcc4_sma3_7,mfcc4_sma3_8,F0semitoneFrom27.5Hz_sma3nz_1,F0semitoneFrom27.5Hz_sma3nz_2,F0semitoneFrom27.5Hz_sma3nz_3,F0semitoneFrom27.5Hz_sma3nz_4,F0semitoneFrom27.5Hz_sma3nz_5,F0semitoneFrom27.5Hz_sma3nz_6,F0semitoneFrom27.5Hz_sma3nz_7,F0semitoneFrom27.5Hz_sma3nz_8,jitterLocal_sma3nz_1,jitterLocal_sma3nz_2,jitterLocal_sma3nz_3,jitterLocal_sma3nz_4,jitterLocal_sma3nz_5,jitterLocal_sma3nz_6,jitterLocal_sma3nz_7,jitterLocal_sma3nz_8
10.658136291666668,21.976549791666667,25.699845125,20.831503416666663,17.023524358333333,22.37906483333333,27.608437125,21.569586548387097,8.028117241666665,-2.1959475820833334,-2.7369973725,3.5108477575,0.0343071541666667,-9.784882541666668,4.105652456666667,7.165244824516129,4.96542439875,-12.385791720833334,-8.702845279166665,7.7575668875,-14.0592172875,-13.629256429166666,-0.4484597341666665,8.26337639483871,-11.901862481666669,-34.584147208333334,-15.975940545833332,-5.732683306666666,-51.43184791666667,-49.38130479166667,-24.9092129875,11.171740348387097,26.6240495,45.016361458333336,44.516453625,25.54241479166667,43.739181125,42.94025374999999,15.559527833333334,0.0,0.0076706206,0.0093910668375,0.0114489024416666,0.0128021461958333,0.0068791409083333,0.00196510566875,0.0020277054,0.0
