mfcc1_sma3_1,mfcc1_sma3_2,mfcc1_sma3_3,mfcc1_sma3_4,mfcc1_sma3_5,mfcc1_sma3_6,mfcc1_sma3_7,mfcc1_sma3_8,mfcc2_sma3_1,mfcc2_sma3_2,mfcc2_sma3_3,mfcc2_sma3_4,mfcc2_sma3_5,mfcc2_sma3_6,mfcc2_sma3_7,mfcc2_sma3_8,mfcc3_sma3_1,mfcc3_sma3_2,mfcc3_sma3_3,mfcc3_sma3_4,mfcc3_sma3_5,mfcc3_sma3_6,mfcc3_sma3_7,mfcc3_sma3_8,mfcc4_sma3_1,mfcc4_sma3_2,mfcc4_sma3_3,mfcc4_sma3_4,mfcc4_sma3_5,mfcc4_sma3_6,mfcc4_sma3_7,mfcc4_sma3_8,F0semitoneFrom27.5Hz_sma3nz_1,F0semitoneFrom27.5Hz_sma3nz_2,F0semitoneFrom27.5Hz_sma3nz_3,F0semitoneFrom27.5Hz_sma3nz_4,F0semitoneFrom27.5Hz_sma3nz_5,F0semitoneFrom27.5Hz_sma3nz_6,F0semitoneFrom27.5Hz_sma3nz_7,F0semitoneFrom27.5Hz_sma3nz_8,jitterLocal_sma3nz_1,jitterLocal_sma3nz_2,jitterLocal_sma3nz_3,jitterLocal_sma3nz_4,jitterLocal_sma3nz_5,jitterLocal_sma3nz_6,jitterLocal_sma3nz_7,jitterLocal_sma3nz_8
21.203991703703704,12.723749121481482,21.19639375925926,6.812050566111112,11.37228011851852,12.87236758037037,21.85948344444445,21.58335796969697,28.02052577777778,24.362792648148144,0.7805617240740739,23.93635083333334,5.040249654444444,7.426165724444443,24.820936148148157,18.89511975757576,14.512072833333333,18.249320203703704,15.15669039740741,12.970702759259256,18.51708751851852,19.13635411111111,14.390085425925928,9.229749136363637,6.940131174074074,11.553006946666663,3.362047067037037,16.51369473333333,-15.811477962962964,3.649294197037037,6.912104303703703,6.100902692424242,0.0,14.596329296296298,22.981018814814817,5.160363555555556,18.313826,0.0,0.0,0.0,0.0,0.0049715367407407,0.0083820174074074,0.00116675,0.0147950311111111,0.0,0.0,0.0
