mfcc1_sma3_1,mfcc1_sma3_2,mfcc1_sma3_3,mfcc1_sma3_4,mfcc1_sma3_5,mfcc1_sma3_6,mfcc1_sma3_7,mfcc1_sma3_8,mfcc2_sma3_1,mfcc2_sma3_2,mfcc2_sma3_3,mfcc2_sma3_4,mfcc2_sma3_5,mfcc2_sma3_6,mfcc2_sma3_7,mfcc2_sma3_8,mfcc3_sma3_1,mfcc3_sma3_2,mfcc3_sma3_3,mfcc3_sma3_4,mfcc3_sma3_5,mfcc3_sma3_6,mfcc3_sma3_7,mfcc3_sma3_8,mfcc4_sma3_1,mfcc4_sma3_2,mfcc4_sma3_3,mfcc4_sma3_4,mfcc4_sma3_5,mfcc4_sma3_6,mfcc4_sma3_7,mfcc4_sma3_8,F0semitoneFrom27.5Hz_sma3nz_1,F0semitoneFrom27.5Hz_sma3nz_2,F0semitoneFrom27.5Hz_sma3nz_3,F0semitoneFrom27.5Hz_sma3nz_4,F0semitoneFrom27.5Hz_sma3nz_5,F0semitoneFrom27.5Hz_sma3nz_6,F0semitoneFrom27.5Hz_sma3nz_7,F0semitoneFrom27.5Hz_sma3nz_8,jitterLocal_sma3nz_1,jitterLocal_sma3nz_2,jitterLocal_sma3nz_3,jitterLocal_sma3nz_4,jitterLocal_sma3nz_5,jitterLocal_sma3nz_6,jitterLocal_sma3nz_7,jitterLocal_sma3nz_8
22.38727810344828,21.45401617241379,24.434765034482755,22.34266606896552,17.26384244137931,24.089871551724137,28.10152079310345,21.013527344827583,27.86890955172414,6.04808978137931,2.275280315172413,0.7566765104827587,13.579430332068965,5.035850811310345,26.76399865517242,24.07734065517241,13.417076137931035,22.74355081724138,15.082086868965517,6.941641983793104,7.502216851724139,-0.8212434693103448,8.761814747586207,12.322168655172414,5.221816862068966,-1.4302972648275862,-12.837253681034484,-21.910846177931035,-18.297591433103445,-63.83824148275863,-17.019005763103447,6.411733093103448,0.0,23.986382275862063,29.68871293103448,35.67940186206897,25.189431103448275,20.59652027586207,0.0,0.0,0.0,0.0077325639275862,0.0259357599586206,0.0241850420689655,0.0063381777551724,0.0150011311551724,0.0,0.0
