mfcc1_sma3_1,mfcc1_sma3_2,mfcc1_sma3_3,mfcc1_sma3_4,mfcc1_sma3_5,mfcc1_sma3_6,mfcc1_sma3_7,mfcc1_sma3_8,mfcc2_sma3_1,mfcc2_sma3_2,mfcc2_sma3_3,mfcc2_sma3_4,mfcc2_sma3_5,mfcc2_sma3_6,mfcc2_sma3_7,mfcc2_sma3_8,mfcc3_sma3_1,mfcc3_sma3_2,mfcc3_sma3_3,mfcc3_sma3_4,mfcc3_sma3_5,mfcc3_sma3_6,mfcc3_sma3_7,mfcc3_sma3_8,mfcc4_sma3_1,mfcc4_sma3_2,mfcc4_sma3_3,mfcc4_sma3_4,mfcc4_sma3_5,mfcc4_sma3_6,mfcc4_sma3_7,mfcc4_sma3_8,F0semitoneFrom27.5Hz_sma3nz_1,F0semitoneFrom27.5Hz_sma3nz_2,F0semitoneFrom27.5Hz_sma3nz_3,F0semitoneFrom27.5Hz_sma3nz_4,F0semitoneFrom27.5Hz_sma3nz_5,F0semitoneFrom27.5Hz_sma3nz_6,F0semitoneFrom27.5Hz_sma3nz_7,F0semitoneFrom27.5Hz_sma3nz_8,jitterLocal_sma3nz_1,jitterLocal_sma3nz_2,jitterLocal_sma3nz_3,jitterLocal_sma3nz_4,jitterLocal_sma3nz_5,jitterLocal_sma3nz_6,jitterLocal_sma3nz_7,jitterLocal_sma3nz_8
19.07653798095238,20.93052780952381,25.775712285714285,17.9464925,11.377322071428573,20.92967447619048,10.229370047619048,21.75924756,26.252595619047614,3.4837016857142853,3.4004221088095234,0.0224089428571422,-13.002776352380952,-5.263838028571429,17.84782361904762,25.75707492,13.866966785714286,0.8209609357142857,1.7324829757142857,16.00087088095238,4.2003419,17.24094535333333,10.784853042857144,11.929027544,8.207069952380953,-29.06559299523809,-13.794110597619053,-14.531659228571428,-11.287772395238097,-6.737638966666667,7.070836700000001,5.554585384000001,0.0,27.79565061904762,13.286018428571428,15.812175428571429,33.18406657142856,1.6310242857142858,0.0,0.0,0.0,0.029831925,0.010079314095238,0.0110497939999999,0.0139972053857142,0.0019884127142857,0.0,0.0
