mfcc1_sma3_1,mfcc1_sma3_2,mfcc1_sma3_3,mfcc1_sma3_4,mfcc1_sma3_5,mfcc1_sma3_6,mfcc1_sma3_7,mfcc1_sma3_8,mfcc2_sma3_1,mfcc2_sma3_2,mfcc2_sma3_3,mfcc2_sma3_4,mfcc2_sma3_5,mfcc2_sma3_6,mfcc2_sma3_7,mfcc2_sma3_8,mfcc3_sma3_1,mfcc3_sma3_2,mfcc3_sma3_3,mfcc3_sma3_4,mfcc3_sma3_5,mfcc3_sma3_6,mfcc3_sma3_7,mfcc3_sma3_8,mfcc4_sma3_1,mfcc4_sma3_2,mfcc4_sma3_3,mfcc4_sma3_4,mfcc4_sma3_5,mfcc4_sma3_6,mfcc4_sma3_7,mfcc4_sma3_8,F0semitoneFrom27.5Hz_sma3nz_1,F0semitoneFrom27.5Hz_sma3nz_2,F0semitoneFrom27.5Hz_sma3nz_3,F0semitoneFrom27.5Hz_sma3nz_4,F0semitoneFrom27.5Hz_sma3nz_5,F0semitoneFrom27.5Hz_sma3nz_6,F0semitoneFrom27.5Hz_sma3nz_7,F0semitoneFrom27.5Hz_sma3nz_8,jitterLocal_sma3nz_1,jitterLocal_sma3nz_2,jitterLocal_sma3nz_3,jitterLocal_sma3nz_4,jitterLocal_sma3nz_5,jitterLocal_sma3nz_6,jitterLocal_sma3nz_7,jitterLocal_sma3nz_8
19.912717529411765,20.110674617647057,25.01043270882353,29.11953705882353,20.453807997058824,18.17935616176471,20.970027264705884,19.81579939473684,24.44083232352941,17.723735805882352,6.357597288235294,-2.831776586470588,-10.19285171735294,8.11579353647059,21.824273470588235,24.78922892105263,18.70975972058823,18.067665205882356,7.795380839705882,5.931224849717647,1.312095106470588,15.355040479411764,15.690743823529417,12.640102415789473,9.56274754117647,10.55576794117647,-21.66265412352941,-17.388595632352942,-4.474337729411765,13.784615235294115,11.716398885,6.721305576315789,0.0,0.0,16.217565088235293,18.20682982352941,0.0,0.0,0.0,0.0,0.0,0.0,0.0049907431794117,0.0113172599705882,0.0,0.0,0.0,0.0
