mfcc1_sma3_1,mfcc1_sma3_2,mfcc1_sma3_3,mfcc1_sma3_4,mfcc1_sma3_5,mfcc1_sma3_6,mfcc1_sma3_7,mfcc1_sma3_8,mfcc2_sma3_1,mfcc2_sma3_2,mfcc2_sma3_3,mfcc2_sma3_4,mfcc2_sma3_5,mfcc2_sma3_6,mfcc2_sma3_7,mfcc2_sma3_8,mfcc3_sma3_1,mfcc3_sma3_2,mfcc3_sma3_3,mfcc3_sma3_4,mfcc3_sma3_5,mfcc3_sma3_6,mfcc3_sma3_7,mfcc3_sma3_8,mfcc4_sma3_1,mfcc4_sma3_2,mfcc4_sma3_3,mfcc4_sma3_4,mfcc4_sma3_5,mfcc4_sma3_6,mfcc4_sma3_7,mfcc4_sma3_8,F0semitoneFrom27.5Hz_sma3nz_1,F0semitoneFrom27.5Hz_sma3nz_2,F0semitoneFrom27.5Hz_sma3nz_3,F0semitoneFrom27.5Hz_sma3nz_4,F0semitoneFrom27.5Hz_sma3nz_5,F0semitoneFrom27.5Hz_sma3nz_6,F0semitoneFrom27.5Hz_sma3nz_7,F0semitoneFrom27.5Hz_sma3nz_8,jitterLocal_sma3nz_1,jitterLocal_sma3nz_2,jitterLocal_sma3nz_3,jitterLocal_sma3nz_4,jitterLocal_sma3nz_5,jitterLocal_sma3nz_6,jitterLocal_sma3nz_7,jitterLocal_sma3nz_8
15.864319313043476,29.75603634782609,33.002209521739125,16.26298358521739,21.896310982608696,34.393596521739134,26.248851913043485,22.23084585714286,18.675246304347827,9.874300317391304,7.384448232173914,24.79820908695652,18.25229267456522,4.143154615652174,17.692829973913046,27.36861071428572,16.062687086956522,-2.281813593043478,-7.317438586956524,10.24176914347826,9.666366687826088,-10.612718926086956,14.1711075,14.283185821428573,8.501137244782612,-20.33448361130435,-21.866059726086963,3.607280343478261,-8.133957926086957,-21.05389143913044,4.519892631304347,6.685772716428571,0.0,19.044596391304346,33.00095369565218,9.733847173913045,19.697135565217398,5.090407,0.0,0.0,0.0,0.0191856166956521,0.0117807689347826,0.0029035011304347,0.0085048719434782,0.0056597417391304,0.0,0.0
