mfcc1_sma3_1,mfcc1_sma3_2,mfcc1_sma3_3,mfcc1_sma3_4,mfcc1_sma3_5,mfcc1_sma3_6,mfcc1_sma3_7,mfcc1_sma3_8,mfcc2_sma3_1,mfcc2_sma3_2,mfcc2_sma3_3,mfcc2_sma3_4,mfcc2_sma3_5,mfcc2_sma3_6,mfcc2_sma3_7,mfcc2_sma3_8,mfcc3_sma3_1,mfcc3_sma3_2,mfcc3_sma3_3,mfcc3_sma3_4,mfcc3_sma3_5,mfcc3_sma3_6,mfcc3_sma3_7,mfcc3_sma3_8,mfcc4_sma3_1,mfcc4_sma3_2,mfcc4_sma3_3,mfcc4_sma3_4,mfcc4_sma3_5,mfcc4_sma3_6,mfcc4_sma3_7,mfcc4_sma3_8,F0semitoneFrom27.5Hz_sma3nz_1,F0semitoneFrom27.5Hz_sma3nz_2,F0semitoneFrom27.5Hz_sma3nz_3,F0semitoneFrom27.5Hz_sma3nz_4,F0semitoneFrom27.5Hz_sma3nz_5,F0semitoneFrom27.5Hz_sma3nz_6,F0semitoneFrom27.5Hz_sma3nz_7,F0semitoneFrom27.5Hz_sma3nz_8,jitterLocal_sma3nz_1,jitterLocal_sma3nz_2,jitterLocal_sma3nz_3,jitterLocal_sma3nz_4,jitterLocal_sma3nz_5,jitterLocal_sma3nz_6,jitterLocal_sma3nz_7,jitterLocal_sma3nz_8
21.04233245833333,18.462742366666667,24.442918925,25.252541458333337,11.53033576125,21.84881408333333,24.908130208333336,20.677354625,28.822114041666666,20.84230612083333,9.302261130833331,-5.062093745833333,12.154116644333332,-16.141459962499997,5.3944478525,25.301506,15.314839229166664,14.282622520833335,-3.7842737195833336,4.674812470833333,28.796823291666666,-2.4286958958333327,21.642782379166665,11.878546033333334,8.863067004166666,2.2144605958333337,-17.157879327083332,-10.871051225,-1.0279763375000002,-15.8934076775,-8.829140202083332,4.6287240291666665,0.0,8.926988125,25.001072291666663,34.122573833333334,15.066723208333334,26.17896070833333,0.0,0.0,0.0,0.006257187125,0.0147443338125,0.0180847822291666,0.0025290343666666,0.0095595269916666,0.0,0.0
