mfcc1_sma3_1,mfcc1_sma3_2,mfcc1_sma3_3,mfcc1_sma3_4,mfcc1_sma3_5,mfcc1_sma3_6,mfcc1_sma3_7,mfcc1_sma3_8,mfcc2_sma3_1,mfcc2_sma3_2,mfcc2_sma3_3,mfcc2_sma3_4,mfcc2_sma3_5,mfcc2_sma3_6,mfcc2_sma3_7,mfcc2_sma3_8,mfcc3_sma3_1,mfcc3_sma3_2,mfcc3_sma3_3,mfcc3_sma3_4,mfcc3_sma3_5,mfcc3_sma3_6,mfcc3_sma3_7,mfcc3_sma3_8,mfcc4_sma3_1,mfcc4_sma3_2,mfcc4_sma3_3,mfcc4_sma3_4,mfcc4_sma3_5,mfcc4_sma3_6,mfcc4_sma3_7,mfcc4_sma3_8,F0semitoneFrom27.5Hz_sma3nz_1,F0semitoneFrom27.5Hz_sma3nz_2,F0semitoneFrom27.5Hz_sma3nz_3,F0semitoneFrom27.5Hz_sma3nz_4,F0semitoneFrom27.5Hz_sma3nz_5,F0semitoneFrom27.5Hz_sma3nz_6,F0semitoneFrom27.5Hz_sma3nz_7,F0semitoneFrom27.5Hz_sma3nz_8,jitterLocal_sma3nz_1,jitterLocal_sma3nz_2,jitterLocal_sma3nz_3,jitterLocal_sma3nz_4,jitterLocal_sma3nz_5,jitterLocal_sma3nz_6,jitterLocal_sma3nz_7,jitterLocal_sma3nz_8
20.66066368,23.201694627999995,12.2905606144,28.07303532,30.27679996,29.89655608,26.65232924,20.84721074074074,21.887833433200004,13.065448678,15.884848784,1.3003126856,-0.5123151407999998,-6.319947641600001,21.52271528,25.946810740740737,13.481505904,5.55398716,9.696966484,2.379193096,-0.1910805051999999,-17.715072704,13.10174376,14.083389407407408,9.120247028,1.52138274896,8.677941176000001,-0.3846545119999996,-13.956677228,-12.764585844000004,2.9333594012,7.020523337037037,3.1891648,24.08406584,11.65805564,25.072087720000003,28.618614120000004,18.28069,0.0,0.0,0.0,0.03355352706,0.0120793962,0.00694453508,0.013066727236,0.0057747178999999,0.0,0.0
