mfcc1_sma3_1,mfcc1_sma3_2,mfcc1_sma3_3,mfcc1_sma3_4,mfcc1_sma3_5,mfcc1_sma3_6,mfcc1_sma3_7,mfcc1_sma3_8,mfcc2_sma3_1,mfcc2_sma3_2,mfcc2_sma3_3,mfcc2_sma3_4,mfcc2_sma3_5,mfcc2_sma3_6,mfcc2_sma3_7,mfcc2_sma3_8,mfcc3_sma3_1,mfcc3_sma3_2,mfcc3_sma3_3,mfcc3_sma3_4,mfcc3_sma3_5,mfcc3_sma3_6,mfcc3_sma3_7,mfcc3_sma3_8,mfcc4_sma3_1,mfcc4_sma3_2,mfcc4_sma3_3,mfcc4_sma3_4,mfcc4_sma3_5,mfcc4_sma3_6,mfcc4_sma3_7,mfcc4_sma3_8,F0semitoneFrom27.5Hz_sma3nz_1,F0semitoneFrom27.5Hz_sma3nz_2,F0semitoneFrom27.5Hz_sma3nz_3,F0semitoneFrom27.5Hz_sma3nz_4,F0semitoneFrom27.5Hz_sma3nz_5,F0semitoneFrom27.5Hz_sma3nz_6,F0semitoneFrom27.5Hz_sma3nz_7,F0semitoneFrom27.5Hz_sma3nz_8,jitterLocal_sma3nz_1,jitterLocal_sma3nz_2,jitterLocal_sma3nz_3,jitterLocal_sma3nz_4,jitterLocal_sma3nz_5,jitterLocal_sma3nz_6,jitterLocal_sma3nz_7,jitterLocal_sma3nz_8
22.227705772727276,27.00340521818182,35.30891481818182,28.995695045454557,33.95883422727273,18.05225540454545,19.794091500000004,20.62983436,19.84603691818182,15.52208618181818,-9.31016968181818,6.691470949999999,-5.955494981818182,4.568750608181819,18.997075901818185,28.41669116,19.523698454545453,4.090157006363635,-4.977293936363636,-3.4180014513636365,-17.060972045454548,5.233473977272727,12.439047899999998,12.51572448,5.283675274545454,-26.447913713636368,-23.58431072727273,-22.145400395454544,-44.99325072727272,-0.8152725481818183,9.243567549999998,8.28294506,7.315124681818182,26.797965272727275,33.03255309090909,13.075310181818184,10.630796818181818,0.0,0.0,0.0,0.0011052664545454,0.0595380989636363,0.0140603611272727,0.008022822390909,0.0064868272045454,0.0,0.0,0.0
