mfcc1_sma3_1,mfcc1_sma3_2,mfcc1_sma3_3,mfcc1_sma3_4,mfcc1_sma3_5,mfcc1_sma3_6,mfcc1_sma3_7,mfcc1_sma3_8,mfcc2_sma3_1,mfcc2_sma3_2,mfcc2_sma3_3,mfcc2_sma3_4,mfcc2_sma3_5,mfcc2_sma3_6,mfcc2_sma3_7,mfcc2_sma3_8,mfcc3_sma3_1,mfcc3_sma3_2,mfcc3_sma3_3,mfcc3_sma3_4,mfcc3_sma3_5,mfcc3_sma3_6,mfcc3_sma3_7,mfcc3_sma3_8,mfcc4_sma3_1,mfcc4_sma3_2,mfcc4_sma3_3,mfcc4_sma3_4,mfcc4_sma3_5,mfcc4_sma3_6,mfcc4_sma3_7,mfcc4_sma3_8,F0semitoneFrom27.5Hz_sma3nz_1,F0semitoneFrom27.5Hz_sma3nz_2,F0semitoneFrom27.5Hz_sma3nz_3,F0semitoneFrom27.5Hz_sma3nz_4,F0semitoneFrom27.5Hz_sma3nz_5,F0semitoneFrom27.5Hz_sma3nz_6,F0semitoneFrom27.5Hz_sma3nz_7,F0semitoneFrom27.5Hz_sma3nz_8,jitterLocal_sma3nz_1,jitterLocal_sma3nz_2,jitterLocal_sma3nz_3,jitterLocal_sma3nz_4,jitterLocal_sma3nz_5,jitterLocal_sma3nz_6,jitterLocal_sma3nz_7,jitterLocal_sma3nz_8
20.013414029411766,21.53391782352941,20.438591017647056,24.60802903529412,26.07664373529412,15.81691379117647,19.556729894117645,21.75899556097561,26.407103941176477,24.65828082352941,11.960437136470588,7.416509131764705,-8.988147573529412,9.590822055882352,-14.321193736176472,22.58134373170732,14.654909488235296,13.325584029411765,8.602599014411766,10.0622778525,16.463063885294122,20.74913751470589,18.90476910882353,14.38379881707317,5.839459340882352,6.953024938235295,-17.427294635294118,-6.102648614411765,-21.343994256470587,-9.290009951588235,-7.103560075882353,5.181084376073171,0.0,0.0,19.96394494117647,17.397489470588233,20.75424023529412,13.764810852941176,13.013767058823529,0.0,0.0,0.0,0.0082550113499999,0.0061305871323529,0.0094539576558823,0.0104635814029411,0.0023936619617647,0.0
