mfcc1_sma3_1,mfcc1_sma3_2,mfcc1_sma3_3,mfcc1_sma3_4,mfcc1_sma3_5,mfcc1_sma3_6,mfcc1_sma3_7,mfcc1_sma3_8,mfcc2_sma3_1,mfcc2_sma3_2,mfcc2_sma3_3,mfcc2_sma3_4,mfcc2_sma3_5,mfcc2_sma3_6,mfcc2_sma3_7,mfcc2_sma3_8,mfcc3_sma3_1,mfcc3_sma3_2,mfcc3_sma3_3,mfcc3_sma3_4,mfcc3_sma3_5,mfcc3_sma3_6,mfcc3_sma3_7,mfcc3_sma3_8,mfcc4_sma3_1,mfcc4_sma3_2,mfcc4_sma3_3,mfcc4_sma3_4,mfcc4_sma3_5,mfcc4_sma3_6,mfcc4_sma3_7,mfcc4_sma3_8,F0semitoneFrom27.5Hz_sma3nz_1,F0semitoneFrom27.5Hz_sma3nz_2,F0semitoneFrom27.5Hz_sma3nz_3,F0semitoneFrom27.5Hz_sma3nz_4,F0semitoneFrom27.5Hz_sma3nz_5,F0semitoneFrom27.5Hz_sma3nz_6,F0semitoneFrom27.5Hz_sma3nz_7,F0semitoneFrom27.5Hz_sma3nz_8,jitterLocal_sma3nz_1,jitterLocal_sma3nz_2,jitterLocal_sma3nz_3,jitterLocal_sma3nz_4,jitterLocal_sma3nz_5,jitterLocal_sma3nz_6,jitterLocal_sma3nz_7,jitterLocal_sma3nz_8
21.95779973529412,21.660842161764705,17.18285633235294,11.735960070588236,17.818141898235297,29.38905302941177,25.591544147058823,20.789471,26.43934923529412,-4.623193420588235,1.3710073397647056,13.06997467735294,25.982285211764708,13.394728832352945,13.890922122058823,26.488639352941178,14.786014838235293,9.433817742941176,4.393419005000001,18.923564814705884,6.175126345294117,13.043108615294118,3.574455352941176,15.804141897058823,7.732905852941176,-9.294043669411764,-11.414360209705883,-3.856591970588236,-3.4460114132352944,-32.61546127941176,6.505737459705881,6.0705336823529406,0.0,15.040666588235291,25.919927794117648,28.33318726470588,13.719915705882352,12.805799147058824,0.0,0.0,0.0,0.0062023173529411,0.0111538933088235,0.014502724675,0.0095941279235294,0.0063266832058823,0.0,0.0
