mfcc1_sma3_1,mfcc1_sma3_2,mfcc1_sma3_3,mfcc1_sma3_4,mfcc1_sma3_5,mfcc1_sma3_6,mfcc1_sma3_7,mfcc1_sma3_8,mfcc2_sma3_1,mfcc2_sma3_2,mfcc2_sma3_3,mfcc2_sma3_4,mfcc2_sma3_5,mfcc2_sma3_6,mfcc2_sma3_7,mfcc2_sma3_8,mfcc3_sma3_1,mfcc3_sma3_2,mfcc3_sma3_3,mfcc3_sma3_4,mfcc3_sma3_5,mfcc3_sma3_6,mfcc3_sma3_7,mfcc3_sma3_8,mfcc4_sma3_1,mfcc4_sma3_2,mfcc4_sma3_3,mfcc4_sma3_4,mfcc4_sma3_5,mfcc4_sma3_6,mfcc4_sma3_7,mfcc4_sma3_8,F0semitoneFrom27.5Hz_sma3nz_1,F0semitoneFrom27.5Hz_sma3nz_2,F0semitoneFrom27.5Hz_sma3nz_3,F0semitoneFrom27.5Hz_sma3nz_4,F0semitoneFrom27.5Hz_sma3nz_5,F0semitoneFrom27.5Hz_sma3nz_6,F0semitoneFrom27.5Hz_sma3nz_7,F0semitoneFrom27.5Hz_sma3nz_8,jitterLocal_sma3nz_1,jitterLocal_sma3nz_2,jitterLocal_sma3nz_3,jitterLocal_sma3nz_4,jitterLocal_sma3nz_5,jitterLocal_sma3nz_6,jitterLocal_sma3nz_7,jitterLocal_sma3nz_8
21.45098575675676,22.368222972972976,23.404162208108108,33.67703786486487,31.01298672972972,32.908800594594595,21.302708,20.58650525,24.344134918918915,18.78026706216216,11.848828257567568,-1.3757589313513514,17.257583675675676,20.95054387351351,22.944029864864863,24.404956,13.478412743243243,20.273578756756752,28.564364718918924,-3.392141534324325,20.39563271891892,9.190189391891892,15.021129056756758,13.5090802375,6.563072432432432,4.239611257567568,-0.6252804054054054,-32.59396430324325,-3.0782247891891887,-31.27606451913513,4.529030207567567,6.625560457000001,0.0,7.28760664864865,22.385063783783785,28.580978297297296,18.23578997297297,11.875923054054054,0.0,0.0,0.0,0.0048521871621621,0.0157564006216216,0.0192976782972973,0.0089577294378378,0.0060194189729729,0.0,0.0
