mfcc1_sma3_1,mfcc1_sma3_2,mfcc1_sma3_3,mfcc1_sma3_4,mfcc1_sma3_5,mfcc1_sma3_6,mfcc1_sma3_7,mfcc1_sma3_8,mfcc2_sma3_1,mfcc2_sma3_2,mfcc2_sma3_3,mfcc2_sma3_4,mfcc2_sma3_5,mfcc2_sma3_6,mfcc2_sma3_7,mfcc2_sma3_8,mfcc3_sma3_1,mfcc3_sma3_2,mfcc3_sma3_3,mfcc3_sma3_4,mfcc3_sma3_5,mfcc3_sma3_6,mfcc3_sma3_7,mfcc3_sma3_8,mfcc4_sma3_1,mfcc4_sma3_2,mfcc4_sma3_3,mfcc4_sma3_4,mfcc4_sma3_5,mfcc4_sma3_6,mfcc4_sma3_7,mfcc4_sma3_8,F0semitoneFrom27.5Hz_sma3nz_1,F0semitoneFrom27.5Hz_sma3nz_2,F0semitoneFrom27.5Hz_sma3nz_3,F0semitoneFrom27.5Hz_sma3nz_4,F0semitoneFrom27.5Hz_sma3nz_5,F0semitoneFrom27.5Hz_sma3nz_6,F0semitoneFrom27.5Hz_sma3nz_7,F0semitoneFrom27.5Hz_sma3nz_8,jitterLocal_sma3nz_1,jitterLocal_sma3nz_2,jitterLocal_sma3nz_3,jitterLocal_sma3nz_4,jitterLocal_sma3nz_5,jitterLocal_sma3nz_6,jitterLocal_sma3nz_7,jitterLocal_sma3nz_8
22.868296588235296,17.520227921176474,35.98443682352941,36.04108982352941,28.628402588235293,32.803549647058816,25.01353952941176,22.04150052173913,21.61946157058824,23.359903411764705,12.23219533529412,-7.884383635294117,1.715589865882353,4.839338924705881,2.1710307506470587,18.005734369565218,20.046358441176466,10.574542594117649,-0.6464725740588235,1.5776718941176473,-2.81748973,-11.962644064705882,-2.546051235294118,12.445798365217394,6.390305456470589,1.5039634705882352,-30.200474941176477,-21.259011,-1.1325765058823531,-46.05668105882353,-4.452524264705883,9.78292564347826,4.872797235294118,8.481621352941177,25.92986164705882,29.709116647058824,5.1870302352941176,8.437635294117646,0.0,0.0,0.0,0.0035013722941176,0.0166652268823529,0.0168742995470588,0.0006145415882352,0.0038011571764705,0.0,0.0
