mfcc1_sma3_1,mfcc1_sma3_2,mfcc1_sma3_3,mfcc1_sma3_4,mfcc1_sma3_5,mfcc1_sma3_6,mfcc1_sma3_7,mfcc1_sma3_8,mfcc2_sma3_1,mfcc2_sma3_2,mfcc2_sma3_3,mfcc2_sma3_4,mfcc2_sma3_5,mfcc2_sma3_6,mfcc2_sma3_7,mfcc2_sma3_8,mfcc3_sma3_1,mfcc3_sma3_2,mfcc3_sma3_3,mfcc3_sma3_4,mfcc3_sma3_5,mfcc3_sma3_6,mfcc3_sma3_7,mfcc3_sma3_8,mfcc4_sma3_1,mfcc4_sma3_2,mfcc4_sma3_3,mfcc4_sma3_4,mfcc4_sma3_5,mfcc4_sma3_6,mfcc4_sma3_7,mfcc4_sma3_8,F0semitoneFrom27.5Hz_sma3nz_1,F0semitoneFrom27.5Hz_sma3nz_2,F0semitoneFrom27.5Hz_sma3nz_3,F0semitoneFrom27.5Hz_sma3nz_4,F0semitoneFrom27.5Hz_sma3nz_5,F0semitoneFrom27.5Hz_sma3nz_6,F0semitoneFrom27.5Hz_sma3nz_7,F0semitoneFrom27.5Hz_sma3nz_8,jitterLocal_sma3nz_1,jitterLocal_sma3nz_2,jitterLocal_sma3nz_3,jitterLocal_sma3nz_4,jitterLocal_sma3nz_5,jitterLocal_sma3nz_6,jitterLocal_sma3nz_7,jitterLocal_sma3nz_8
27.37322195238095,26.745377280952383,36.01835633333334,32.48542052380952,35.788816857142855,27.52875342857143,22.22753561904762,22.317491636363638,16.790949157142858,21.990457404761905,-10.127336332380954,6.692970066666668,-6.450656247619047,6.844115949523809,26.30727495238095,26.427022272727267,13.950758942857144,2.533657919619048,-4.5567347271428575,-5.786419217904763,-23.736726095238097,-3.297424734285714,12.51796219047619,13.131501340909097,5.0252405185714295,-18.033387376190475,-25.127600999999995,-11.111965875238097,-40.63227019047619,1.8834924333333336,8.286866685714285,8.72457655,0.0,21.56075133333333,31.793449333333346,18.941230666666662,16.346533047619047,0.0,0.0,0.0,0.0,0.0106928793333333,0.0141766855238095,0.0091219216190476,0.0059943419238095,0.0,0.0,0.0
