mfcc1_sma3_1,mfcc1_sma3_2,mfcc1_sma3_3,mfcc1_sma3_4,mfcc1_sma3_5,mfcc1_sma3_6,mfcc1_sma3_7,mfcc1_sma3_8,mfcc2_sma3_1,mfcc2_sma3_2,mfcc2_sma3_3,mfcc2_sma3_4,mfcc2_sma3_5,mfcc2_sma3_6,mfcc2_sma3_7,mfcc2_sma3_8,mfcc3_sma3_1,mfcc3_sma3_2,mfcc3_sma3_3,mfcc3_sma3_4,mfcc3_sma3_5,mfcc3_sma3_6,mfcc3_sma3_7,mfcc3_sma3_8,mfcc4_sma3_1,mfcc4_sma3_2,mfcc4_sma3_3,mfcc4_sma3_4,mfcc4_sma3_5,mfcc4_sma3_6,mfcc4_sma3_7,mfcc4_sma3_8,F0semitoneFrom27.5Hz_sma3nz_1,F0semitoneFrom27.5Hz_sma3nz_2,F0semitoneFrom27.5Hz_sma3nz_3,F0semitoneFrom27.5Hz_sma3nz_4,F0semitoneFrom27.5Hz_sma3nz_5,F0semitoneFrom27.5Hz_sma3nz_6,F0semitoneFrom27.5Hz_sma3nz_7,F0semitoneFrom27.5Hz_sma3nz_8,jitterLocal_sma3nz_1,jitterLocal_sma3nz_2,jitterLocal_sma3nz_3,jitterLocal_sma3nz_4,jitterLocal_sma3nz_5,jitterLocal_sma3nz_6,jitterLocal_sma3nz_7,jitterLocal_sma3nz_8
22.72294486666667,22.64343273333333,24.25282026666667,39.9402332,37.21949493333332,30.915170133333334,26.59486183333333,22.212800875,25.54325176666667,26.52011443333333,16.35997221,0.4010598436666666,2.9353761004666667,10.956613350766666,26.359030800000003,25.858984156250003,15.945151666666666,15.200382383333334,6.884418248,-3.220195861333333,7.257896433333332,28.813731511,13.904941576666666,15.1229775625,7.498769016666666,7.296897366666668,-0.1932342979999998,-23.37441173333333,-3.788743618333334,-2.593610958666666,3.3983302536666664,5.8466957906250006,0.0,0.0,6.148805033333333,24.71867976666667,25.069804933333334,20.043247433333327,2.8598082,0.0,0.0,0.0,0.0024685970666666,0.0133532557666666,0.0114573134399999,0.0116013877566666,0.0022647853,0.0
