mfcc1_sma3_1,mfcc1_sma3_2,mfcc1_sma3_3,mfcc1_sma3_4,mfcc1_sma3_5,mfcc1_sma3_6,mfcc1_sma3_7,mfcc1_sma3_8,mfcc2_sma3_1,mfcc2_sma3_2,mfcc2_sma3_3,mfcc2_sma3_4,mfcc2_sma3_5,mfcc2_sma3_6,mfcc2_sma3_7,mfcc2_sma3_8,mfcc3_sma3_1,mfcc3_sma3_2,mfcc3_sma3_3,mfcc3_sma3_4,mfcc3_sma3_5,mfcc3_sma3_6,mfcc3_sma3_7,mfcc3_sma3_8,mfcc4_sma3_1,mfcc4_sma3_2,mfcc4_sma3_3,mfcc4_sma3_4,mfcc4_sma3_5,mfcc4_sma3_6,mfcc4_sma3_7,mfcc4_sma3_8,F0semitoneFrom27.5Hz_sma3nz_1,F0semitoneFrom27.5Hz_sma3nz_2,F0semitoneFrom27.5Hz_sma3nz_3,F0semitoneFrom27.5Hz_sma3nz_4,F0semitoneFrom27.5Hz_sma3nz_5,F0semitoneFrom27.5Hz_sma3nz_6,F0semitoneFrom27.5Hz_sma3nz_7,F0semitoneFrom27.5Hz_sma3nz_8,jitterLocal_sma3nz_1,jitterLocal_sma3nz_2,jitterLocal_sma3nz_3,jitterLocal_sma3nz_4,jitterLocal_sma3nz_5,jitterLocal_sma3nz_6,jitterLocal_sma3nz_7,jitterLocal_sma3nz_8
21.74672464444444,32.86891795555556,28.78739702444444,28.945673777777778,38.393866688888885,33.3763104,33.852212655555554,25.312270588235293,26.22451917777777,9.662237384000004,6.805188115999999,12.820849540000005,19.68880562,16.899526963555555,4.018046004444445,3.409848133333334,14.290886066666667,5.3668612437777785,4.647006825999999,9.236327893555556,3.973123795066668,1.9226395053333336,-13.638623472444444,-0.9544581658823532,6.070803634066667,-7.779091006,-21.615974591111115,-4.243401842222223,-16.43860846022222,-42.37679884088889,-26.20249669155556,-10.55727770254902,0.0,11.132953511111111,16.360266644444444,12.769522911111112,31.43149997777778,25.592783933333333,20.15650253333333,0.0,0.0,0.0098468116333333,0.0068312566288888,0.0023948616955555,0.0199456106044444,0.0184516473422222,0.0148555110588888,0.0
