mfcc1_sma3_1,mfcc1_sma3_2,mfcc1_sma3_3,mfcc1_sma3_4,mfcc1_sma3_5,mfcc1_sma3_6,mfcc1_sma3_7,mfcc1_sma3_8,mfcc2_sma3_1,mfcc2_sma3_2,mfcc2_sma3_3,mfcc2_sma3_4,mfcc2_sma3_5,mfcc2_sma3_6,mfcc2_sma3_7,mfcc2_sma3_8,mfcc3_sma3_1,mfcc3_sma3_2,mfcc3_sma3_3,mfcc3_sma3_4,mfcc3_sma3_5,mfcc3_sma3_6,mfcc3_sma3_7,mfcc3_sma3_8,mfcc4_sma3_1,mfcc4_sma3_2,mfcc4_sma3_3,mfcc4_sma3_4,mfcc4_sma3_5,mfcc4_sma3_6,mfcc4_sma3_7,mfcc4_sma3_8,F0semitoneFrom27.5Hz_sma3nz_1,F0semitoneFrom27.5Hz_sma3nz_2,F0semitoneFrom27.5Hz_sma3nz_3,F0semitoneFrom27.5Hz_sma3nz_4,F0semitoneFrom27.5Hz_sma3nz_5,F0semitoneFrom27.5Hz_sma3nz_6,F0semitoneFrom27.5Hz_sma3nz_7,F0semitoneFrom27.5Hz_sma3nz_8,jitterLocal_sma3nz_1,jitterLocal_sma3nz_2,jitterLocal_sma3nz_3,jitterLocal_sma3nz_4,jitterLocal_sma3nz_5,jitterLocal_sma3nz_6,jitterLocal_sma3nz_7,jitterLocal_sma3nz_8
25.09316508108108,29.56968286486486,35.26227959459459,33.2997834054054,36.54613405405404,16.833499216216218,31.313856162162157,24.79363172093023,25.95682627027027,6.2679573854054045,2.745523124054055,15.136277354054055,15.322275375675677,21.73151732432433,29.165041135135137,25.33015318604651,13.734779837837836,21.008246564864866,6.025861654864864,0.2665449675675672,3.689273318918919,7.619293683918917,6.056193497405405,10.721821053488371,5.456834021621623,-0.7807501218918919,-13.797153735135131,-30.166574679189186,-26.72201892972973,-6.715403554540541,-28.367864253162164,4.642252979209302,0.0,17.909137405405406,23.36482564864865,18.91206464864865,24.062474864864864,6.997675513513514,0.0,0.0,0.0,0.0060970192,0.0073026169567567,0.0117058119297297,0.008389973154054,0.0016955816486486,0.0,0.0
