mfcc1_sma3_1,mfcc1_sma3_2,mfcc1_sma3_3,mfcc1_sma3_4,mfcc1_sma3_5,mfcc1_sma3_6,mfcc1_sma3_7,mfcc1_sma3_8,mfcc2_sma3_1,mfcc2_sma3_2,mfcc2_sma3_3,mfcc2_sma3_4,mfcc2_sma3_5,mfcc2_sma3_6,mfcc2_sma3_7,mfcc2_sma3_8,mfcc3_sma3_1,mfcc3_sma3_2,mfcc3_sma3_3,mfcc3_sma3_4,mfcc3_sma3_5,mfcc3_sma3_6,mfcc3_sma3_7,mfcc3_sma3_8,mfcc4_sma3_1,mfcc4_sma3_2,mfcc4_sma3_3,mfcc4_sma3_4,mfcc4_sma3_5,mfcc4_sma3_6,mfcc4_sma3_7,mfcc4_sma3_8,F0semitoneFrom27.5Hz_sma3nz_1,F0semitoneFrom27.5Hz_sma3nz_2,F0semitoneFrom27.5Hz_sma3nz_3,F0semitoneFrom27.5Hz_sma3nz_4,F0semitoneFrom27.5Hz_sma3nz_5,F0semitoneFrom27.5Hz_sma3nz_6,F0semitoneFrom27.5Hz_sma3nz_7,F0semitoneFrom27.5Hz_sma3nz_8,jitterLocal_sma3nz_1,jitterLocal_sma3nz_2,jitterLocal_sma3nz_3,jitterLocal_sma3nz_4,jitterLocal_sma3nz_5,jitterLocal_sma3nz_6,jitterLocal_sma3nz_7,jitterLocal_sma3nz_8
24.58934577777778,16.252447166666666,16.75327961944445,31.60544588888889,33.42013036111111,27.01450236111111,27.755921805555555,23.748789459459463,15.802435716666666,7.795139874999999,4.203691265555555,-10.843485464611112,7.74304007138889,11.177491430555555,17.295264194444442,23.28907708108108,10.69927714888889,22.28005688888889,24.018236694444447,-5.439001477222223,-2.992396562,1.451245402777778,0.2374588769444445,12.540640337837836,6.283640175833332,6.564185896388889,-19.276488636111115,-9.409114344444443,-30.391163819444444,-21.125836374999995,-28.81540171388888,4.020575181081081,0.0,1.0750071111111112,30.38973177777777,30.495343638888887,29.17076105555556,28.777245472222223,6.712376361111111,0.0,0.0,0.0,0.0142169924611111,0.01429527265,0.0097328298194444,0.022444923875,0.0143902061388888,0.0
