mfcc1_sma3_1,mfcc1_sma3_2,mfcc1_sma3_3,mfcc1_sma3_4,mfcc1_sma3_5,mfcc1_sma3_6,mfcc1_sma3_7,mfcc1_sma3_8,mfcc2_sma3_1,mfcc2_sma3_2,mfcc2_sma3_3,mfcc2_sma3_4,mfcc2_sma3_5,mfcc2_sma3_6,mfcc2_sma3_7,mfcc2_sma3_8,mfcc3_sma3_1,mfcc3_sma3_2,mfcc3_sma3_3,mfcc3_sma3_4,mfcc3_sma3_5,mfcc3_sma3_6,mfcc3_sma3_7,mfcc3_sma3_8,mfcc4_sma3_1,mfcc4_sma3_2,mfcc4_sma3_3,mfcc4_sma3_4,mfcc4_sma3_5,mfcc4_sma3_6,mfcc4_sma3_7,mfcc4_sma3_8,F0semitoneFrom27.5Hz_sma3nz_1,F0semitoneFrom27.5Hz_sma3nz_2,F0semitoneFrom27.5Hz_sma3nz_3,F0semitoneFrom27.5Hz_sma3nz_4,F0semitoneFrom27.5Hz_sma3nz_5,F0semitoneFrom27.5Hz_sma3nz_6,F0semitoneFrom27.5Hz_sma3nz_7,F0semitoneFrom27.5Hz_sma3nz_8,jitterLocal_sma3nz_1,jitterLocal_sma3nz_2,jitterLocal_sma3nz_3,jitterLocal_sma3nz_4,jitterLocal_sma3nz_5,jitterLocal_sma3nz_6,jitterLocal_sma3nz_7,jitterLocal_sma3nz_8
24.5820484,18.886055857142853,21.4634041,24.50237722857143,23.58206465714285,23.942470776,27.184251300000003,24.58969556097561,23.08023311428571,12.87180421485714,-1.333834394714286,-13.01877008857143,0.7205563757142857,4.966566068571428,13.533729914285717,16.606935707317074,9.834828995714286,19.885907731428567,18.33208597142857,1.326332797142857,7.393015224,-0.4852961688571428,-2.836453519999999,5.32203888902439,3.3983780585714287,2.660883479142857,-6.09702353057143,-19.648343497142854,-20.525040362,-16.677380565714287,-43.46298284,1.949196778609756,0.0,0.0,24.57044497142857,37.2358502,13.395560228571428,23.3819534,13.153384914285716,0.0,0.0,0.0,0.0155194469599999,0.0138227729742857,0.0020856123714285,0.00512808112,0.0084136961714285,0.0
