mfcc1_sma3_1,mfcc1_sma3_2,mfcc1_sma3_3,mfcc1_sma3_4,mfcc1_sma3_5,mfcc1_sma3_6,mfcc1_sma3_7,mfcc1_sma3_8,mfcc2_sma3_1,mfcc2_sma3_2,mfcc2_sma3_3,mfcc2_sma3_4,mfcc2_sma3_5,mfcc2_sma3_6,mfcc2_sma3_7,mfcc2_sma3_8,mfcc3_sma3_1,mfcc3_sma3_2,mfcc3_sma3_3,mfcc3_sma3_4,mfcc3_sma3_5,mfcc3_sma3_6,mfcc3_sma3_7,mfcc3_sma3_8,mfcc4_sma3_1,mfcc4_sma3_2,mfcc4_sma3_3,mfcc4_sma3_4,mfcc4_sma3_5,mfcc4_sma3_6,mfcc4_sma3_7,mfcc4_sma3_8,F0semitoneFrom27.5Hz_sma3nz_1,F0semitoneFrom27.5Hz_sma3nz_2,F0semitoneFrom27.5Hz_sma3nz_3,F0semitoneFrom27.5Hz_sma3nz_4,F0semitoneFrom27.5Hz_sma3nz_5,F0semitoneFrom27.5Hz_sma3nz_6,F0semitoneFrom27.5Hz_sma3nz_7,F0semitoneFrom27.5Hz_sma3nz_8,jitterLocal_sma3nz_1,jitterLocal_sma3nz_2,jitterLocal_sma3nz_3,jitterLocal_sma3nz_4,jitterLocal_sma3nz_5,jitterLocal_sma3nz_6,jitterLocal_sma3nz_7,jitterLocal_sma3nz_8
22.36459464285714,21.089789214285712,11.838356971428572,16.89069652857143,6.079190792857142,16.072992910714284,22.11326132142857,22.69226660606061,26.16233460714286,18.86607882142857,9.24684682392857,3.5677178049285714,21.397641635714283,-6.885765746071429,20.73297905357143,25.06737690909091,13.38774980357143,17.271374821428573,6.581406169285715,1.750001107142857,4.34809724642857,9.089501697714288,17.682133214285717,14.013190757575757,6.807868442857141,9.515526236428572,-5.650591501785715,-7.153755008785715,1.4705661214285712,-31.635879785714287,0.4058486714285716,5.635623613333333,0.0,2.952006035714286,31.814067428571427,24.37206517857143,15.63591982142857,12.490422785714289,0.0,0.0,0.0,0.0,0.0161972438607142,0.02085524375,0.01128764025,0.0087643116785714,0.0,0.0
