mfcc1_sma3_1,mfcc1_sma3_2,mfcc1_sma3_3,mfcc1_sma3_4,mfcc1_sma3_5,mfcc1_sma3_6,mfcc1_sma3_7,mfcc1_sma3_8,mfcc2_sma3_1,mfcc2_sma3_2,mfcc2_sma3_3,mfcc2_sma3_4,mfcc2_sma3_5,mfcc2_sma3_6,mfcc2_sma3_7,mfcc2_sma3_8,mfcc3_sma3_1,mfcc3_sma3_2,mfcc3_sma3_3,mfcc3_sma3_4,mfcc3_sma3_5,mfcc3_sma3_6,mfcc3_sma3_7,mfcc3_sma3_8,mfcc4_sma3_1,mfcc4_sma3_2,mfcc4_sma3_3,mfcc4_sma3_4,mfcc4_sma3_5,mfcc4_sma3_6,mfcc4_sma3_7,mfcc4_sma3_8,F0semitoneFrom27.5Hz_sma3nz_1,F0semitoneFrom27.5Hz_sma3nz_2,F0semitoneFrom27.5Hz_sma3nz_3,F0semitoneFrom27.5Hz_sma3nz_4,F0semitoneFrom27.5Hz_sma3nz_5,F0semitoneFrom27.5Hz_sma3nz_6,F0semitoneFrom27.5Hz_sma3nz_7,F0semitoneFrom27.5Hz_sma3nz_8,jitterLocal_sma3nz_1,jitterLocal_sma3nz_2,jitterLocal_sma3nz_3,jitterLocal_sma3nz_4,jitterLocal_sma3nz_5,jitterLocal_sma3nz_6,jitterLocal_sma3nz_7,jitterLocal_sma3nz_8
21.192939354838717,18.1467212,25.11224687096774,29.781908451612907,27.021394516129032,27.021575258064512,22.39206675806452,22.123801375,22.295504903225808,27.401488903225808,8.020474351612902,-15.400739493548384,-12.261204541935482,9.01349451464516,10.637562717419357,22.767383453125,13.402403774193546,15.965682209677418,7.371156733870968,-3.0834757809677424,21.601554419354837,35.30600116129032,30.86746622580645,15.827083125,7.921495519354838,3.7442701419354822,-4.47952248603387,-17.535500303225806,-18.51213972580645,-19.988691667935488,-22.57901250645161,4.07564401875,0.0,0.0,16.22911796774193,32.346848580645165,36.718647580645154,36.13349006451613,24.10425532258064,0.0,0.0,0.0,0.0022153924677419,0.0064862107709677,0.009563033708387,0.0114199979129032,0.0196576594677419,0.0
