mfcc1_sma3_1,mfcc1_sma3_2,mfcc1_sma3_3,mfcc1_sma3_4,mfcc1_sma3_5,mfcc1_sma3_6,mfcc1_sma3_7,mfcc1_sma3_8,mfcc2_sma3_1,mfcc2_sma3_2,mfcc2_sma3_3,mfcc2_sma3_4,mfcc2_sma3_5,mfcc2_sma3_6,mfcc2_sma3_7,mfcc2_sma3_8,mfcc3_sma3_1,mfcc3_sma3_2,mfcc3_sma3_3,mfcc3_sma3_4,mfcc3_sma3_5,mfcc3_sma3_6,mfcc3_sma3_7,mfcc3_sma3_8,mfcc4_sma3_1,mfcc4_sma3_2,mfcc4_sma3_3,mfcc4_sma3_4,mfcc4_sma3_5,mfcc4_sma3_6,mfcc4_sma3_7,mfcc4_sma3_8,F0semitoneFrom27.5Hz_sma3nz_1,F0semitoneFrom27.5Hz_sma3nz_2,F0semitoneFrom27.5Hz_sma3nz_3,F0semitoneFrom27.5Hz_sma3nz_4,F0semitoneFrom27.5Hz_sma3nz_5,F0semitoneFrom27.5Hz_sma3nz_6,F0semitoneFrom27.5Hz_sma3nz_7,F0semitoneFrom27.5Hz_sma3nz_8,jitterLocal_sma3nz_1,jitterLocal_sma3nz_2,jitterLocal_sma3nz_3,jitterLocal_sma3nz_4,jitterLocal_sma3nz_5,jitterLocal_sma3nz_6,jitterLocal_sma3nz_7,jitterLocal_sma3nz_8
20.699862444444445,12.608283627777778,31.225558444444445,29.47979344444444,33.26275911111111,39.408824444444434,28.443824111111116,24.12177155,19.268617694444444,17.961418666666667,0.335770283333333,-8.34767738888889,8.078780594444444,-22.667291277777775,8.949708097777778,23.404493050000003,21.08253113888889,11.305824569444445,4.730665308888889,12.94725572777778,-9.980131588888888,-13.06611537222222,-8.71504637,9.973449967,-6.021797749999999,-10.763419251166663,-39.98441416666667,-31.23863205555556,-13.175255068333334,-17.626619444444444,3.48596365,6.961961998000001,12.163693055555555,24.601936666666667,35.686006166666665,36.93507838888889,24.717480833333333,14.104228944444444,0.0,0.0,0.0059626156111111,0.0131181749444444,0.0114144848666666,0.0106078559777777,0.0155407950277777,0.0014752808055555,0.0,0.0
