mfcc1_sma3_1,mfcc1_sma3_2,mfcc1_sma3_3,mfcc1_sma3_4,mfcc1_sma3_5,mfcc1_sma3_6,mfcc1_sma3_7,mfcc1_sma3_8,mfcc2_sma3_1,mfcc2_sma3_2,mfcc2_sma3_3,mfcc2_sma3_4,mfcc2_sma3_5,mfcc2_sma3_6,mfcc2_sma3_7,mfcc2_sma3_8,mfcc3_sma3_1,mfcc3_sma3_2,mfcc3_sma3_3,mfcc3_sma3_4,mfcc3_sma3_5,mfcc3_sma3_6,mfcc3_sma3_7,mfcc3_sma3_8,mfcc4_sma3_1,mfcc4_sma3_2,mfcc4_sma3_3,mfcc4_sma3_4,mfcc4_sma3_5,mfcc4_sma3_6,mfcc4_sma3_7,mfcc4_sma3_8,F0semitoneFrom27.5Hz_sma3nz_1,F0semitoneFrom27.5Hz_sma3nz_2,F0semitoneFrom27.5Hz_sma3nz_3,F0semitoneFrom27.5Hz_sma3nz_4,F0semitoneFrom27.5Hz_sma3nz_5,F0semitoneFrom27.5Hz_sma3nz_6,F0semitoneFrom27.5Hz_sma3nz_7,F0semitoneFrom27.5Hz_sma3nz_8,jitterLocal_sma3nz_1,jitterLocal_sma3nz_2,jitterLocal_sma3nz_3,jitterLocal_sma3nz_4,jitterLocal_sma3nz_5,jitterLocal_sma3nz_6,jitterLocal_sma3nz_7,jitterLocal_sma3nz_8
24.49444111111111,11.252619223333332,27.726029944444445,28.20904788888889,23.14397461111111,30.08904805555556,26.803735166666662,23.34856073913044,24.96120694444444,14.296296483333334,-5.697013905000001,-18.50278052222222,1.7047864088888889,-38.067166388888886,1.3815180555555555,22.703509930434784,8.66353978333333,10.122453355555557,-9.405875422222222,-0.554051211111111,-9.604309577777776,-3.142730236111112,-7.282531266666668,9.255369924347828,4.971982905555556,-18.73525233333333,-35.09073366666667,-31.930178055555555,-18.78930089722222,-36.06992544444445,6.0198985388888895,10.390258126086955,2.254437777777778,25.393330222222215,42.104097,32.50066166666667,13.616885833333331,15.836732722222225,0.0,0.0,0.0,0.0133692588888888,0.0127516447333333,0.0275856869999999,0.004108782,0.0011306725611111,0.0,0.0
