mfcc1_sma3_1,mfcc1_sma3_2,mfcc1_sma3_3,mfcc1_sma3_4,mfcc1_sma3_5,mfcc1_sma3_6,mfcc1_sma3_7,mfcc1_sma3_8,mfcc2_sma3_1,mfcc2_sma3_2,mfcc2_sma3_3,mfcc2_sma3_4,mfcc2_sma3_5,mfcc2_sma3_6,mfcc2_sma3_7,mfcc2_sma3_8,mfcc3_sma3_1,mfcc3_sma3_2,mfcc3_sma3_3,mfcc3_sma3_4,mfcc3_sma3_5,mfcc3_sma3_6,mfcc3_sma3_7,mfcc3_sma3_8,mfcc4_sma3_1,mfcc4_sma3_2,mfcc4_sma3_3,mfcc4_sma3_4,mfcc4_sma3_5,mfcc4_sma3_6,mfcc4_sma3_7,mfcc4_sma3_8,F0semitoneFrom27.5Hz_sma3nz_1,F0semitoneFrom27.5Hz_sma3nz_2,F0semitoneFrom27.5Hz_sma3nz_3,F0semitoneFrom27.5Hz_sma3nz_4,F0semitoneFrom27.5Hz_sma3nz_5,F0semitoneFrom27.5Hz_sma3nz_6,F0semitoneFrom27.5Hz_sma3nz_7,F0semitoneFrom27.5Hz_sma3nz_8,jitterLocal_sma3nz_1,jitterLocal_sma3nz_2,jitterLocal_sma3nz_3,jitterLocal_sma3nz_4,jitterLocal_sma3nz_5,jitterLocal_sma3nz_6,jitterLocal_sma3nz_7,jitterLocal_sma3nz_8
26.405958678571427,21.33619032142857,19.683160321428574,35.530668392857145,31.279309499999997,31.75960010714286,21.65102232142857,22.596907909090916,23.262895250000003,25.369412250000007,19.91098735714286,-5.33125335,-1.7933271785714289,-6.6066653,19.754820542857143,25.21274427272727,4.95237019857143,12.938931857142858,13.547589600714288,-2.8250268739285707,9.559611682142856,-7.975569928214287,10.547875900000005,10.298446439393938,4.093760943928571,8.252957546428572,-4.567258292857143,-26.758999964285717,-19.44861229285715,-12.921657424392857,12.65569548214286,6.739882675757576,0.0,0.0,22.434667107142864,37.96133625,29.07758928571429,12.205683678571429,0.0,0.0,0.0,0.0,0.0095279778571428,0.008438492825,0.0170021191142857,0.0048220616071428,0.0,0.0
