mfcc1_sma3_1,mfcc1_sma3_2,mfcc1_sma3_3,mfcc1_sma3_4,mfcc1_sma3_5,mfcc1_sma3_6,mfcc1_sma3_7,mfcc1_sma3_8,mfcc2_sma3_1,mfcc2_sma3_2,mfcc2_sma3_3,mfcc2_sma3_4,mfcc2_sma3_5,mfcc2_sma3_6,mfcc2_sma3_7,mfcc2_sma3_8,mfcc3_sma3_1,mfcc3_sma3_2,mfcc3_sma3_3,mfcc3_sma3_4,mfcc3_sma3_5,mfcc3_sma3_6,mfcc3_sma3_7,mfcc3_sma3_8,mfcc4_sma3_1,mfcc4_sma3_2,mfcc4_sma3_3,mfcc4_sma3_4,mfcc4_sma3_5,mfcc4_sma3_6,mfcc4_sma3_7,mfcc4_sma3_8,F0semitoneFrom27.5Hz_sma3nz_1,F0semitoneFrom27.5Hz_sma3nz_2,F0semitoneFrom27.5Hz_sma3nz_3,F0semitoneFrom27.5Hz_sma3nz_4,F0semitoneFrom27.5Hz_sma3nz_5,F0semitoneFrom27.5Hz_sma3nz_6,F0semitoneFrom27.5Hz_sma3nz_7,F0semitoneFrom27.5Hz_sma3nz_8,jitterLocal_sma3nz_1,jitterLocal_sma3nz_2,jitterLocal_sma3nz_3,jitterLocal_sma3nz_4,jitterLocal_sma3nz_5,jitterLocal_sma3nz_6,jitterLocal_sma3nz_7,jitterLocal_sma3nz_8
22.310387852941176,24.020446058823527,11.470783670588231,27.87014197058824,30.89980723529412,24.009502632352937,6.742263231470589,21.76732029411765,24.764408117647054,23.222651644117647,-4.161287735294118,-2.246599068235294,7.286019629411764,-5.87676974117647,30.37054055882353,25.179776294117648,12.317906044117647,8.586840591764705,-2.976749743235294,11.216319013411765,6.326237664558823,30.44062064705882,5.325230430882353,12.226988808823528,5.14301405882353,-11.207183716470588,-19.32813822352941,-15.291193105882355,-31.02889951470588,-31.466709805882356,9.666286988235294,5.315860697058824,0.0,12.20301061764706,22.344316029411765,20.345057205882355,29.992424088235293,11.3263825,0.0,0.0,0.0,0.0106916869264705,0.0044276065088235,0.0081012144352941,0.0116544717764705,0.0045343983794117,0.0,0.0
