mfcc1_sma3_1,mfcc1_sma3_2,mfcc1_sma3_3,mfcc1_sma3_4,mfcc1_sma3_5,mfcc1_sma3_6,mfcc1_sma3_7,mfcc1_sma3_8,mfcc2_sma3_1,mfcc2_sma3_2,mfcc2_sma3_3,mfcc2_sma3_4,mfcc2_sma3_5,mfcc2_sma3_6,mfcc2_sma3_7,mfcc2_sma3_8,mfcc3_sma3_1,mfcc3_sma3_2,mfcc3_sma3_3,mfcc3_sma3_4,mfcc3_sma3_5,mfcc3_sma3_6,mfcc3_sma3_7,mfcc3_sma3_8,mfcc4_sma3_1,mfcc4_sma3_2,mfcc4_sma3_3,mfcc4_sma3_4,mfcc4_sma3_5,mfcc4_sma3_6,mfcc4_sma3_7,mfcc4_sma3_8,F0semitoneFrom27.5Hz_sma3nz_1,F0semitoneFrom27.5Hz_sma3nz_2,F0semitoneFrom27.5Hz_sma3nz_3,F0semitoneFrom27.5Hz_sma3nz_4,F0semitoneFrom27.5Hz_sma3nz_5,F0semitoneFrom27.5Hz_sma3nz_6,F0semitoneFrom27.5Hz_sma3nz_7,F0semitoneFrom27.5Hz_sma3nz_8,jitterLocal_sma3nz_1,jitterLocal_sma3nz_2,jitterLocal_sma3nz_3,jitterLocal_sma3nz_4,jitterLocal_sma3nz_5,jitterLocal_sma3nz_6,jitterLocal_sma3nz_7,jitterLocal_sma3nz_8
21.829713361111114,11.318210695833336,3.8857982541666662,22.481104519444443,22.25064072222222,25.78774109722222,11.1808162625,19.04262705135135,24.07235208333333,23.660021716666662,-15.8922684,-4.264468552777779,-2.8537110583333334,8.311702230555555,26.50108493333333,26.211883972972974,12.13560007222222,-4.145290405555555,-3.411540827777777,10.964319513888888,-10.190953965555558,18.93096472313889,12.82106319222222,9.873607493243243,5.0357610558333326,-21.021206064166662,-24.69091469369444,-28.035309375,-39.85726420444445,-19.349210372222224,-4.721560759722222,7.66949874945946,0.0,22.76549580555556,28.33224594444444,19.594033111111116,37.30054863888889,26.64646886111111,0.0,0.0,0.0,0.0155994613888888,0.0118094745805555,0.0075333874972222,0.0139961193833333,0.0180526081861111,0.0,0.0
