mfcc1_sma3_1,mfcc1_sma3_2,mfcc1_sma3_3,mfcc1_sma3_4,mfcc1_sma3_5,mfcc1_sma3_6,mfcc1_sma3_7,mfcc1_sma3_8,mfcc2_sma3_1,mfcc2_sma3_2,mfcc2_sma3_3,mfcc2_sma3_4,mfcc2_sma3_5,mfcc2_sma3_6,mfcc2_sma3_7,mfcc2_sma3_8,mfcc3_sma3_1,mfcc3_sma3_2,mfcc3_sma3_3,mfcc3_sma3_4,mfcc3_sma3_5,mfcc3_sma3_6,mfcc3_sma3_7,mfcc3_sma3_8,mfcc4_sma3_1,mfcc4_sma3_2,mfcc4_sma3_3,mfcc4_sma3_4,mfcc4_sma3_5,mfcc4_sma3_6,mfcc4_sma3_7,mfcc4_sma3_8,F0semitoneFrom27.5Hz_sma3nz_1,F0semitoneFrom27.5Hz_sma3nz_2,F0semitoneFrom27.5Hz_sma3nz_3,F0semitoneFrom27.5Hz_sma3nz_4,F0semitoneFrom27.5Hz_sma3nz_5,F0semitoneFrom27.5Hz_sma3nz_6,F0semitoneFrom27.5Hz_sma3nz_7,F0semitoneFrom27.5Hz_sma3nz_8,jitterLocal_sma3nz_1,jitterLocal_sma3nz_2,jitterLocal_sma3nz_3,jitterLocal_sma3nz_4,jitterLocal_sma3nz_5,jitterLocal_sma3nz_6,jitterLocal_sma3nz_7,jitterLocal_sma3nz_8
25.17935874074074,15.374053480740738,19.332493362962964,19.49327851851852,23.98635911111111,22.80548737037037,21.97600322222222,21.747427148148148,24.76657859259259,15.476919896296296,-7.320138153333334,-0.5324898750370368,-13.490730537037036,19.65849251555555,24.621832703703703,26.793897777777776,8.256800485185185,16.354915922592593,-6.066262479259261,1.2140465851851852,-9.891229033333332,9.514143937037035,10.111246855555557,11.3524134962963,5.708118565555555,-7.590894381481482,-31.227957185185183,-15.945456962962965,0.9044303688888888,11.455567299999998,5.389330955185185,5.889492309999999,0.0,28.017124222222225,38.44128385185185,31.024434222222222,7.263929444444445,0.0,0.0,0.0,0.0,0.0138360687777777,0.0117906912481481,0.0083833178703703,0.004045717037037,0.0,0.0,0.0
