mfcc1_sma3_1,mfcc1_sma3_2,mfcc1_sma3_3,mfcc1_sma3_4,mfcc1_sma3_5,mfcc1_sma3_6,mfcc1_sma3_7,mfcc1_sma3_8,mfcc2_sma3_1,mfcc2_sma3_2,mfcc2_sma3_3,mfcc2_sma3_4,mfcc2_sma3_5,mfcc2_sma3_6,mfcc2_sma3_7,mfcc2_sma3_8,mfcc3_sma3_1,mfcc3_sma3_2,mfcc3_sma3_3,mfcc3_sma3_4,mfcc3_sma3_5,mfcc3_sma3_6,mfcc3_sma3_7,mfcc3_sma3_8,mfcc4_sma3_1,mfcc4_sma3_2,mfcc4_sma3_3,mfcc4_sma3_4,mfcc4_sma3_5,mfcc4_sma3_6,mfcc4_sma3_7,mfcc4_sma3_8,F0semitoneFrom27.5Hz_sma3nz_1,F0semitoneFrom27.5Hz_sma3nz_2,F0semitoneFrom27.5Hz_sma3nz_3,F0semitoneFrom27.5Hz_sma3nz_4,F0semitoneFrom27.5Hz_sma3nz_5,F0semitoneFrom27.5Hz_sma3nz_6,F0semitoneFrom27.5Hz_sma3nz_7,F0semitoneFrom27.5Hz_sma3nz_8,jitterLocal_sma3nz_1,jitterLocal_sma3nz_2,jitterLocal_sma3nz_3,jitterLocal_sma3nz_4,jitterLocal_sma3nz_5,jitterLocal_sma3nz_6,jitterLocal_sma3nz_7,jitterLocal_sma3nz_8
21.71505170967741,20.09488458064516,14.676236777419357,11.680097903225803,3.924127734838709,17.787183158064515,19.099374709677416,21.360710125,24.42593135483871,19.30661121935484,2.9559903903225813,9.85068201096774,19.86935004580645,2.531432625806452,22.56392167741935,25.0750414375,13.593372290322582,14.17179558709677,-3.0561964583870966,4.187500218806452,-1.921603513451613,15.296181396774196,12.26985241935484,11.822318890625,6.695641516129034,0.6816920370322587,-12.615359024516128,-11.122583354838708,-12.56191086903226,-18.119806103225805,3.715269531870968,5.284723459375,0.0,8.529376387096775,40.61800832258064,17.945594516129034,15.316748645161288,4.171077258064516,0.0,0.0,0.0,0.0055394366129032,0.0219012427580645,0.0033445526677419,0.0047208959354838,0.0030666999032258,0.0,0.0
