mfcc1_sma3_1,mfcc1_sma3_2,mfcc1_sma3_3,mfcc1_sma3_4,mfcc1_sma3_5,mfcc1_sma3_6,mfcc1_sma3_7,mfcc1_sma3_8,mfcc2_sma3_1,mfcc2_sma3_2,mfcc2_sma3_3,mfcc2_sma3_4,mfcc2_sma3_5,mfcc2_sma3_6,mfcc2_sma3_7,mfcc2_sma3_8,mfcc3_sma3_1,mfcc3_sma3_2,mfcc3_sma3_3,mfcc3_sma3_4,mfcc3_sma3_5,mfcc3_sma3_6,mfcc3_sma3_7,mfcc3_sma3_8,mfcc4_sma3_1,mfcc4_sma3_2,mfcc4_sma3_3,mfcc4_sma3_4,mfcc4_sma3_5,mfcc4_sma3_6,mfcc4_sma3_7,mfcc4_sma3_8,F0semitoneFrom27.5Hz_sma3nz_1,F0semitoneFrom27.5Hz_sma3nz_2,F0semitoneFrom27.5Hz_sma3nz_3,F0semitoneFrom27.5Hz_sma3nz_4,F0semitoneFrom27.5Hz_sma3nz_5,F0semitoneFrom27.5Hz_sma3nz_6,F0semitoneFrom27.5Hz_sma3nz_7,F0semitoneFrom27.5Hz_sma3nz_8,jitterLocal_sma3nz_1,jitterLocal_sma3nz_2,jitterLocal_sma3nz_3,jitterLocal_sma3nz_4,jitterLocal_sma3nz_5,jitterLocal_sma3nz_6,jitterLocal_sma3nz_7,jitterLocal_sma3nz_8
22.187860722222226,9.926987986111111,17.920021065555556,15.232248216666669,19.89020761111111,10.406221622222224,31.565750527777773,22.052647756756755,24.745861583333333,-10.856268080555555,-10.975854130555556,6.318754116666667,2.7443752700000004,1.7403005333333337,2.123979125,21.6567655945946,12.206013944444445,21.926149052777777,4.742143387777778,3.5276068700000005,-15.567568983333334,-7.364752299472221,-5.254396387777778,8.845836571351352,4.946734942222222,-35.06599277944444,-26.903562555555556,-29.670456616666662,-54.923851166666665,-28.995149124166662,-28.297867561111115,5.435505726486487,0.0,43.45533288888888,42.96371811111111,26.44043772222222,41.74249455555556,21.72413308333333,0.0,0.0,0.0,0.0164202698694444,0.0133411414083333,0.009774620425,0.0061709789916666,0.0060765300833333,0.0,0.0
