mfcc1_sma3_1,mfcc1_sma3_2,mfcc1_sma3_3,mfcc1_sma3_4,mfcc1_sma3_5,mfcc1_sma3_6,mfcc1_sma3_7,mfcc1_sma3_8,mfcc2_sma3_1,mfcc2_sma3_2,mfcc2_sma3_3,mfcc2_sma3_4,mfcc2_sma3_5,mfcc2_sma3_6,mfcc2_sma3_7,mfcc2_sma3_8,mfcc3_sma3_1,mfcc3_sma3_2,mfcc3_sma3_3,mfcc3_sma3_4,mfcc3_sma3_5,mfcc3_sma3_6,mfcc3_sma3_7,mfcc3_sma3_8,mfcc4_sma3_1,mfcc4_sma3_2,mfcc4_sma3_3,mfcc4_sma3_4,mfcc4_sma3_5,mfcc4_sma3_6,mfcc4_sma3_7,mfcc4_sma3_8,F0semitoneFrom27.5Hz_sma3nz_1,F0semitoneFrom27.5Hz_sma3nz_2,F0semitoneFrom27.5Hz_sma3nz_3,F0semitoneFrom27.5Hz_sma3nz_4,F0semitoneFrom27.5Hz_sma3nz_5,F0semitoneFrom27.5Hz_sma3nz_6,F0semitoneFrom27.5Hz_sma3nz_7,F0semitoneFrom27.5Hz_sma3nz_8,jitterLocal_sma3nz_1,jitterLocal_sma3nz_2,jitterLocal_sma3nz_3,jitterLocal_sma3nz_4,jitterLocal_sma3nz_5,jitterLocal_sma3nz_6,jitterLocal_sma3nz_7,jitterLocal_sma3nz_8
20.165436710526315,18.896003676315782,14.161968267368422,25.28815697368421,21.555482621052636,24.22773039473684,30.867575131578946,21.645665575,21.523866447368416,7.387747038421052,13.560155983421051,-14.340178273578948,-2.54206997263158,8.009436363421054,17.73523957105263,23.52561025,16.115270394736843,24.63166257894737,16.06543252289474,-17.834164616315793,-0.720134877368421,8.930666684210527,2.267576697105263,13.8422226625,6.255116597105263,-16.146406089473686,-20.60533048078948,-44.21291431578948,-42.2033277368421,-27.5923427,-50.84840663157895,6.280473295249999,0.0,25.21755410526316,26.489508315789475,40.67459647368421,36.6579357631579,31.52895576315789,20.530478657894736,0.0,0.0,0.0172088423394736,0.0121990040263157,0.0090891545605263,0.0252124833526315,0.0129832339947368,0.0143883020763157,0.0
