mfcc1_sma3_1,mfcc1_sma3_2,mfcc1_sma3_3,mfcc1_sma3_4,mfcc1_sma3_5,mfcc1_sma3_6,mfcc1_sma3_7,mfcc1_sma3_8,mfcc2_sma3_1,mfcc2_sma3_2,mfcc2_sma3_3,mfcc2_sma3_4,mfcc2_sma3_5,mfcc2_sma3_6,mfcc2_sma3_7,mfcc2_sma3_8,mfcc3_sma3_1,mfcc3_sma3_2,mfcc3_sma3_3,mfcc3_sma3_4,mfcc3_sma3_5,mfcc3_sma3_6,mfcc3_sma3_7,mfcc3_sma3_8,mfcc4_sma3_1,mfcc4_sma3_2,mfcc4_sma3_3,mfcc4_sma3_4,mfcc4_sma3_5,mfcc4_sma3_6,mfcc4_sma3_7,mfcc4_sma3_8,F0semitoneFrom27.5Hz_sma3nz_1,F0semitoneFrom27.5Hz_sma3nz_2,F0semitoneFrom27.5Hz_sma3nz_3,F0semitoneFrom27.5Hz_sma3nz_4,F0semitoneFrom27.5Hz_sma3nz_5,F0semitoneFrom27.5Hz_sma3nz_6,F0semitoneFrom27.5Hz_sma3nz_7,F0semitoneFrom27.5Hz_sma3nz_8,jitterLocal_sma3nz_1,jitterLocal_sma3nz_2,jitterLocal_sma3nz_3,jitterLocal_sma3nz_4,jitterLocal_sma3nz_5,jitterLocal_sma3nz_6,jitterLocal_sma3nz_7,jitterLocal_sma3nz_8
20.43636820588236,22.53893182352941,17.899843355294117,22.36208966176471,22.02740035294118,28.054068647058823,22.336709764705883,22.02294117647059,25.154984352941177,13.991506363911766,9.264054170588237,-25.30221639411765,8.445962176470587,0.3571719088235294,22.832344117647057,24.65933132352941,15.189296044117649,26.762749176470585,10.99804018529412,-17.4561337,13.858914817941177,-13.495956829411766,12.481061038235293,13.58969288235294,6.824452014117647,-17.402358373529413,-19.30744563352941,-18.99961779323529,-16.91608565882353,-41.62911802382353,1.534619405,3.554637042058824,0.0,29.687226117647057,37.64770652941177,44.28463752941177,27.03450376470588,20.299938558823527,4.74474094117647,0.0,0.0,0.0165311437647058,0.0210270508294117,0.0075315450941176,0.0066241385235294,0.021456082117647,0.0059824770294117,0.0
