mfcc1_sma3_1,mfcc1_sma3_2,mfcc1_sma3_3,mfcc1_sma3_4,mfcc1_sma3_5,mfcc1_sma3_6,mfcc1_sma3_7,mfcc1_sma3_8,mfcc2_sma3_1,mfcc2_sma3_2,mfcc2_sma3_3,mfcc2_sma3_4,mfcc2_sma3_5,mfcc2_sma3_6,mfcc2_sma3_7,mfcc2_sma3_8,mfcc3_sma3_1,mfcc3_sma3_2,mfcc3_sma3_3,mfcc3_sma3_4,mfcc3_sma3_5,mfcc3_sma3_6,mfcc3_sma3_7,mfcc3_sma3_8,mfcc4_sma3_1,mfcc4_sma3_2,mfcc4_sma3_3,mfcc4_sma3_4,mfcc4_sma3_5,mfcc4_sma3_6,mfcc4_sma3_7,mfcc4_sma3_8,F0semitoneFrom27.5Hz_sma3nz_1,F0semitoneFrom27.5Hz_sma3nz_2,F0semitoneFrom27.5Hz_sma3nz_3,F0semitoneFrom27.5Hz_sma3nz_4,F0semitoneFrom27.5Hz_sma3nz_5,F0semitoneFrom27.5Hz_sma3nz_6,F0semitoneFrom27.5Hz_sma3nz_7,F0semitoneFrom27.5Hz_sma3nz_8,jitterLocal_sma3nz_1,jitterLocal_sma3nz_2,jitterLocal_sma3nz_3,jitterLocal_sma3nz_4,jitterLocal_sma3nz_5,jitterLocal_sma3nz_6,jitterLocal_sma3nz_7,jitterLocal_sma3nz_8
17.2080496483871,13.848436987096772,18.113233483870967,17.04651852903226,10.833743922580643,19.59785790322581,25.81362319354839,19.785145640625004,12.659902317096778,10.90105712903226,-18.79672984516129,-10.471740229419352,-39.04253538709677,-9.007743068387091,18.1541134483871,16.421937715625,14.503049351612905,1.6535654799999997,-5.068341817741935,-1.7910960377419354,-3.9361587548387096,4.386191712290323,5.98877895483871,9.452763328125,-4.408499146129032,-22.997065982580647,-36.14283496774194,-23.33317498806452,-12.739228632258063,8.0511507,-17.647936299999998,-9.0735218128125,15.822896225806453,33.57648664516129,43.17542874193547,46.76090825806452,55.37969361290322,19.41779516129032,4.368521516129032,0.0,0.0050285622258064,0.0137740189709677,0.0093528457,0.019517182348387,0.0053995705064516,0.0027148703225806,0.0063502158709677,0.0
