mfcc1_sma3_1,mfcc1_sma3_2,mfcc1_sma3_3,mfcc1_sma3_4,mfcc1_sma3_5,mfcc1_sma3_6,mfcc1_sma3_7,mfcc1_sma3_8,mfcc2_sma3_1,mfcc2_sma3_2,mfcc2_sma3_3,mfcc2_sma3_4,mfcc2_sma3_5,mfcc2_sma3_6,mfcc2_sma3_7,mfcc2_sma3_8,mfcc3_sma3_1,mfcc3_sma3_2,mfcc3_sma3_3,mfcc3_sma3_4,mfcc3_sma3_5,mfcc3_sma3_6,mfcc3_sma3_7,mfcc3_sma3_8,mfcc4_sma3_1,mfcc4_sma3_2,mfcc4_sma3_3,mfcc4_sma3_4,mfcc4_sma3_5,mfcc4_sma3_6,mfcc4_sma3_7,mfcc4_sma3_8,F0semitoneFrom27.5Hz_sma3nz_1,F0semitoneFrom27.5Hz_sma3nz_2,F0semitoneFrom27.5Hz_sma3nz_3,F0semitoneFrom27.5Hz_sma3nz_4,F0semitoneFrom27.5Hz_sma3nz_5,F0semitoneFrom27.5Hz_sma3nz_6,F0semitoneFrom27.5Hz_sma3nz_7,F0semitoneFrom27.5Hz_sma3nz_8,jitterLocal_sma3nz_1,jitterLocal_sma3nz_2,jitterLocal_sma3nz_3,jitterLocal_sma3nz_4,jitterLocal_sma3nz_5,jitterLocal_sma3nz_6,jitterLocal_sma3nz_7,jitterLocal_sma3nz_8
18.56142994,34.213615280000006,33.28274804,27.629764240000004,33.63953724,27.1554614,22.1900494,20.60687007407407,22.428457120000004,7.2918906784,7.484626984,22.574708552,5.83386242,13.19252774,26.78336896,25.4323027037037,19.86164768,0.798445412,-2.3154509112,1.9530505228,1.02727673208,-0.2480045600000001,14.60770844,13.898504592592593,6.5111800120000005,-5.9464163696000005,-5.835969768,-8.6068727444,-4.3213263948,-2.050982956,6.3438851016,5.290252694444445,0.0,30.43350192,21.163922080000003,1.49666656,0.0,0.0,0.0,0.0,0.0,0.0128089419,0.0118232354,0.0,0.0,0.0,0.0,0.0
