mfcc1_sma3_1,mfcc1_sma3_2,mfcc1_sma3_3,mfcc1_sma3_4,mfcc1_sma3_5,mfcc1_sma3_6,mfcc1_sma3_7,mfcc1_sma3_8,mfcc2_sma3_1,mfcc2_sma3_2,mfcc2_sma3_3,mfcc2_sma3_4,mfcc2_sma3_5,mfcc2_sma3_6,mfcc2_sma3_7,mfcc2_sma3_8,mfcc3_sma3_1,mfcc3_sma3_2,mfcc3_sma3_3,mfcc3_sma3_4,mfcc3_sma3_5,mfcc3_sma3_6,mfcc3_sma3_7,mfcc3_sma3_8,mfcc4_sma3_1,mfcc4_sma3_2,mfcc4_sma3_3,mfcc4_sma3_4,mfcc4_sma3_5,mfcc4_sma3_6,mfcc4_sma3_7,mfcc4_sma3_8,F0semitoneFrom27.5Hz_sma3nz_1,F0semitoneFrom27.5Hz_sma3nz_2,F0semitoneFrom27.5Hz_sma3nz_3,F0semitoneFrom27.5Hz_sma3nz_4,F0semitoneFrom27.5Hz_sma3nz_5,F0semitoneFrom27.5Hz_sma3nz_6,F0semitoneFrom27.5Hz_sma3nz_7,F0semitoneFrom27.5Hz_sma3nz_8,jitterLocal_sma3nz_1,jitterLocal_sma3nz_2,jitterLocal_sma3nz_3,jitterLocal_sma3nz_4,jitterLocal_sma3nz_5,jitterLocal_sma3nz_6,jitterLocal_sma3nz_7,jitterLocal_sma3nz_8
21.831775684210527,21.192252578947368,24.342931,30.828893684210524,30.418181947368424,21.18612278947369,21.871453421052628,20.735141269230773,28.572875789473684,18.851955084210527,12.579826852631578,11.794022915789474,1.8393796168421053,22.73209768421052,26.861698315789475,26.73049396153846,12.467078578947367,16.224415936842107,-6.665591448947368,2.408040094736842,-19.48377747368421,9.249765057894736,13.11621284210526,11.972006,5.835285047368422,-2.543013410526316,-22.238035257894737,-10.20107702,-9.504547556315789,7.148939442105263,7.399744357894736,7.456564707692308,0.0,21.64819589473684,34.06079336842105,29.092334684210527,0.0,0.0,0.0,0.0,0.0,0.0050425321105263,0.0121832764210526,0.0085617381263157,0.0,0.0,0.0,0.0
