mfcc1_sma3_1,mfcc1_sma3_2,mfcc1_sma3_3,mfcc1_sma3_4,mfcc1_sma3_5,mfcc1_sma3_6,mfcc1_sma3_7,mfcc1_sma3_8,mfcc2_sma3_1,mfcc2_sma3_2,mfcc2_sma3_3,mfcc2_sma3_4,mfcc2_sma3_5,mfcc2_sma3_6,mfcc2_sma3_7,mfcc2_sma3_8,mfcc3_sma3_1,mfcc3_sma3_2,mfcc3_sma3_3,mfcc3_sma3_4,mfcc3_sma3_5,mfcc3_sma3_6,mfcc3_sma3_7,mfcc3_sma3_8,mfcc4_sma3_1,mfcc4_sma3_2,mfcc4_sma3_3,mfcc4_sma3_4,mfcc4_sma3_5,mfcc4_sma3_6,mfcc4_sma3_7,mfcc4_sma3_8,F0semitoneFrom27.5Hz_sma3nz_1,F0semitoneFrom27.5Hz_sma3nz_2,F0semitoneFrom27.5Hz_sma3nz_3,F0semitoneFrom27.5Hz_sma3nz_4,F0semitoneFrom27.5Hz_sma3nz_5,F0semitoneFrom27.5Hz_sma3nz_6,F0semitoneFrom27.5Hz_sma3nz_7,F0semitoneFrom27.5Hz_sma3nz_8,jitterLocal_sma3nz_1,jitterLocal_sma3nz_2,jitterLocal_sma3nz_3,jitterLocal_sma3nz_4,jitterLocal_sma3nz_5,jitterLocal_sma3nz_6,jitterLocal_sma3nz_7,jitterLocal_sma3nz_8
21.582844142857148,28.62789616190477,33.66459066666668,30.98194733333333,24.056384523809523,20.086640238095235,19.317699642857143,19.519767227272727,21.23554280952381,13.531951167619043,7.170914097619048,8.597659342857142,19.299106,22.75320552380952,20.81014449523809,20.471585545454545,14.780128166666666,1.377061965238095,4.323424300000001,-9.566399685714286,10.36473838952381,15.912705690476193,16.171163857142858,16.170475159090913,5.907734136666667,-14.241141359047615,-6.949284820952381,-19.90829536809524,4.719219533333334,11.377433514285716,12.067449361904762,13.18924577272727,0.0,17.942133000000002,11.726199285714287,3.790122714285714,0.0,0.0,0.0,0.0,0.0,0.0059997618095238,0.0074484575238095,0.0,0.0,0.0,0.0,0.0
