mfcc1_sma3_1,mfcc1_sma3_2,mfcc1_sma3_3,mfcc1_sma3_4,mfcc1_sma3_5,mfcc1_sma3_6,mfcc1_sma3_7,mfcc1_sma3_8,mfcc2_sma3_1,mfcc2_sma3_2,mfcc2_sma3_3,mfcc2_sma3_4,mfcc2_sma3_5,mfcc2_sma3_6,mfcc2_sma3_7,mfcc2_sma3_8,mfcc3_sma3_1,mfcc3_sma3_2,mfcc3_sma3_3,mfcc3_sma3_4,mfcc3_sma3_5,mfcc3_sma3_6,mfcc3_sma3_7,mfcc3_sma3_8,mfcc4_sma3_1,mfcc4_sma3_2,mfcc4_sma3_3,mfcc4_sma3_4,mfcc4_sma3_5,mfcc4_sma3_6,mfcc4_sma3_7,mfcc4_sma3_8,F0semitoneFrom27.5Hz_sma3nz_1,F0semitoneFrom27.5Hz_sma3nz_2,F0semitoneFrom27.5Hz_sma3nz_3,F0semitoneFrom27.5Hz_sma3nz_4,F0semitoneFrom27.5Hz_sma3nz_5,F0semitoneFrom27.5Hz_sma3nz_6,F0semitoneFrom27.5Hz_sma3nz_7,F0semitoneFrom27.5Hz_sma3nz_8,jitterLocal_sma3nz_1,jitterLocal_sma3nz_2,jitterLocal_sma3nz_3,jitterLocal_sma3nz_4,jitterLocal_sma3nz_5,jitterLocal_sma3nz_6,jitterLocal_sma3nz_7,jitterLocal_sma3nz_8
17.591623185185185,36.1473754074074,25.36524633333333,25.26771718518519,32.69789,35.26648211111112,28.228045277777777,23.71172693939394,26.722079703703702,-6.0203876962962966,0.7758370444444446,-4.591967206296296,0.6063814181481482,-8.821880181481482,3.955093068518518,0.3976877921212121,18.807580407407407,-0.9319739207407406,2.838334474074074,9.876781392592592,11.58482393777778,-5.399647559259258,-0.887186898888889,-0.7356112242424244,14.414584740740745,-16.968640311111113,-21.57598694385185,-11.402916292592591,-21.29689674444445,-42.148461888888896,-21.854729218518514,-4.913477567272727,0.0,20.456797814814813,22.253044370370368,15.26088351851852,24.490310703703702,18.659818148148148,3.6626541851851857,0.0,0.0,0.0308833455222222,0.0142532524074074,0.0140037463703703,0.0098182343666666,0.0056198194185185,0.0,0.0
