mfcc1_sma3_1,mfcc1_sma3_2,mfcc1_sma3_3,mfcc1_sma3_4,mfcc1_sma3_5,mfcc1_sma3_6,mfcc1_sma3_7,mfcc1_sma3_8,mfcc2_sma3_1,mfcc2_sma3_2,mfcc2_sma3_3,mfcc2_sma3_4,mfcc2_sma3_5,mfcc2_sma3_6,mfcc2_sma3_7,mfcc2_sma3_8,mfcc3_sma3_1,mfcc3_sma3_2,mfcc3_sma3_3,mfcc3_sma3_4,mfcc3_sma3_5,mfcc3_sma3_6,mfcc3_sma3_7,mfcc3_sma3_8,mfcc4_sma3_1,mfcc4_sma3_2,mfcc4_sma3_3,mfcc4_sma3_4,mfcc4_sma3_5,mfcc4_sma3_6,mfcc4_sma3_7,mfcc4_sma3_8,F0semitoneFrom27.5Hz_sma3nz_1,F0semitoneFrom27.5Hz_sma3nz_2,F0semitoneFrom27.5Hz_sma3nz_3,F0semitoneFrom27.5Hz_sma3nz_4,F0semitoneFrom27.5Hz_sma3nz_5,F0semitoneFrom27.5Hz_sma3nz_6,F0semitoneFrom27.5Hz_sma3nz_7,F0semitoneFrom27.5Hz_sma3nz_8,jitterLocal_sma3nz_1,jitterLocal_sma3nz_2,jitterLocal_sma3nz_3,jitterLocal_sma3nz_4,jitterLocal_sma3nz_5,jitterLocal_sma3nz_6,jitterLocal_sma3nz_7,jitterLocal_sma3nz_8
19.98859562068965,19.96161755172414,33.85059486206896,34.477750275862064,37.679387758620685,36.15512220689655,23.298637206896554,18.80130715151515,27.173322551724137,14.05732268275862,-2.598899722413793,6.275370065103448,2.5623389206896547,10.45383953103448,23.01413165517241,25.39179909090909,18.198835310344823,9.052540843793103,-13.181876874137927,11.611306138965515,-8.962006385172415,-8.490628602758623,12.479077318965516,18.360223787878788,12.537322627586208,5.524965586206898,-26.06058279310345,-5.55878561137931,-26.496145636206894,-14.726402915862067,9.959441997586207,11.177348503030304,0.0,4.69585651724138,18.902140275862063,19.616105827586203,21.74713789655172,11.060021689655173,0.0,0.0,0.0,0.0034751085517241,0.0138083891724137,0.0138409320862068,0.0124813570448275,0.0043845336724137,0.0,0.0
