mfcc1_sma3_1,mfcc1_sma3_2,mfcc1_sma3_3,mfcc1_sma3_4,mfcc1_sma3_5,mfcc1_sma3_6,mfcc1_sma3_7,mfcc1_sma3_8,mfcc2_sma3_1,mfcc2_sma3_2,mfcc2_sma3_3,mfcc2_sma3_4,mfcc2_sma3_5,mfcc2_sma3_6,mfcc2_sma3_7,mfcc2_sma3_8,mfcc3_sma3_1,mfcc3_sma3_2,mfcc3_sma3_3,mfcc3_sma3_4,mfcc3_sma3_5,mfcc3_sma3_6,mfcc3_sma3_7,mfcc3_sma3_8,mfcc4_sma3_1,mfcc4_sma3_2,mfcc4_sma3_3,mfcc4_sma3_4,mfcc4_sma3_5,mfcc4_sma3_6,mfcc4_sma3_7,mfcc4_sma3_8,F0semitoneFrom27.5Hz_sma3nz_1,F0semitoneFrom27.5Hz_sma3nz_2,F0semitoneFrom27.5Hz_sma3nz_3,F0semitoneFrom27.5Hz_sma3nz_4,F0semitoneFrom27.5Hz_sma3nz_5,F0semitoneFrom27.5Hz_sma3nz_6,F0semitoneFrom27.5Hz_sma3nz_7,F0semitoneFrom27.5Hz_sma3nz_8,jitterLocal_sma3nz_1,jitterLocal_sma3nz_2,jitterLocal_sma3nz_3,jitterLocal_sma3nz_4,jitterLocal_sma3nz_5,jitterLocal_sma3nz_6,jitterLocal_sma3nz_7,jitterLocal_sma3nz_8
18.899419406250004,18.71657296875,22.4062465625,39.71030909375,37.7169371875,29.5171769375,23.15024184375,20.425037542857144,26.468079625,25.275285250000003,9.772948375,1.1478061868749998,11.616299891875,20.07985278125,24.13283325,25.98333085714286,17.3011324375,17.1319485,7.407782490625,-4.965726428125,9.0903686296875,22.50268721875,13.701497671875,16.212151285714285,11.6819426125,11.668621265625,-3.53334793125,-13.9960325495625,-7.7770593078125,4.8182546246875,5.76855426875,10.074136777142858,0.0,0.0,7.556626437499999,20.199846656250003,21.15865771875,9.93295959375,0.0,0.0,0.0,0.0,0.0030393715093749,0.0070254873125,0.008989660021875,0.008711847125,0.0,0.0
