mfcc1_sma3_1,mfcc1_sma3_2,mfcc1_sma3_3,mfcc1_sma3_4,mfcc1_sma3_5,mfcc1_sma3_6,mfcc1_sma3_7,mfcc1_sma3_8,mfcc2_sma3_1,mfcc2_sma3_2,mfcc2_sma3_3,mfcc2_sma3_4,mfcc2_sma3_5,mfcc2_sma3_6,mfcc2_sma3_7,mfcc2_sma3_8,mfcc3_sma3_1,mfcc3_sma3_2,mfcc3_sma3_3,mfcc3_sma3_4,mfcc3_sma3_5,mfcc3_sma3_6,mfcc3_sma3_7,mfcc3_sma3_8,mfcc4_sma3_1,mfcc4_sma3_2,mfcc4_sma3_3,mfcc4_sma3_4,mfcc4_sma3_5,mfcc4_sma3_6,mfcc4_sma3_7,mfcc4_sma3_8,F0semitoneFrom27.5Hz_sma3nz_1,F0semitoneFrom27.5Hz_sma3nz_2,F0semitoneFrom27.5Hz_sma3nz_3,F0semitoneFrom27.5Hz_sma3nz_4,F0semitoneFrom27.5Hz_sma3nz_5,F0semitoneFrom27.5Hz_sma3nz_6,F0semitoneFrom27.5Hz_sma3nz_7,F0semitoneFrom27.5Hz_sma3nz_8,jitterLocal_sma3nz_1,jitterLocal_sma3nz_2,jitterLocal_sma3nz_3,jitterLocal_sma3nz_4,jitterLocal_sma3nz_5,jitterLocal_sma3nz_6,jitterLocal_sma3nz_7,jitterLocal_sma3nz_8
19.808066,31.383315310344827,27.366239006896546,38.140082517241375,33.92098044827587,32.36255489655173,27.36584372413793,19.22592975862069,27.30937813793104,14.974033210344828,9.501659796551724,-4.037396224137932,20.919222965517243,12.604792358620688,27.62890165517242,25.954239379310344,19.42538972413793,34.10331817241379,5.576675334482757,-4.4223269,18.207137096551723,4.042644269655172,13.65624222413793,16.98341875862069,13.048928137931034,10.31783193103448,-22.29143842079311,-21.229526689655167,-10.910357775862067,-31.280171486206896,-6.049143766206898,11.55550243448276,0.0,18.72685831034483,11.132887689655172,14.634071137931034,12.77378755172414,13.263729172413797,0.0,0.0,0.0,0.0088845102137931,0.007904846275862,0.0275065608275862,0.0048679967137931,0.0164842058448275,0.0,0.0
