mfcc1_sma3_1,mfcc1_sma3_2,mfcc1_sma3_3,mfcc1_sma3_4,mfcc1_sma3_5,mfcc1_sma3_6,mfcc1_sma3_7,mfcc1_sma3_8,mfcc2_sma3_1,mfcc2_sma3_2,mfcc2_sma3_3,mfcc2_sma3_4,mfcc2_sma3_5,mfcc2_sma3_6,mfcc2_sma3_7,mfcc2_sma3_8,mfcc3_sma3_1,mfcc3_sma3_2,mfcc3_sma3_3,mfcc3_sma3_4,mfcc3_sma3_5,mfcc3_sma3_6,mfcc3_sma3_7,mfcc3_sma3_8,mfcc4_sma3_1,mfcc4_sma3_2,mfcc4_sma3_3,mfcc4_sma3_4,mfcc4_sma3_5,mfcc4_sma3_6,mfcc4_sma3_7,mfcc4_sma3_8,F0semitoneFrom27.5Hz_sma3nz_1,F0semitoneFrom27.5Hz_sma3nz_2,F0semitoneFrom27.5Hz_sma3nz_3,F0semitoneFrom27.5Hz_sma3nz_4,F0semitoneFrom27.5Hz_sma3nz_5,F0semitoneFrom27.5Hz_sma3nz_6,F0semitoneFrom27.5Hz_sma3nz_7,F0semitoneFrom27.5Hz_sma3nz_8,jitterLocal_sma3nz_1,jitterLocal_sma3nz_2,jitterLocal_sma3nz_3,jitterLocal_sma3nz_4,jitterLocal_sma3nz_5,jitterLocal_sma3nz_6,jitterLocal_sma3nz_7,jitterLocal_sma3nz_8
17.68666146551724,33.428387517241376,33.816473551724144,22.42114325862069,2.598410563793104,26.76900665517241,17.81714034482759,20.46313663636364,24.836426241379318,5.04034831862069,-6.744375651034483,-0.0386833944827589,27.721079448275862,9.167824572413794,23.392024379310342,27.458683060606063,17.887211413793104,0.0022760962068966,1.293156110344828,8.240575044827587,15.496280296551724,0.2776792468965515,15.235350603448277,18.42346693939394,11.703924055172417,-12.211973773103448,-16.649126586206897,-10.606668076551724,-7.491376820689656,-8.41245387448276,4.245496387241379,8.912044574848485,0.0,21.520864068965512,35.03868731034483,13.151142896551724,2.473424517241379,0.0,0.0,0.0,0.0,0.0104802857931034,0.0149424871689655,0.0043641941137931,0.0025559899999999,0.0,0.0,0.0
