mfcc1_sma3_1,mfcc1_sma3_2,mfcc1_sma3_3,mfcc1_sma3_4,mfcc1_sma3_5,mfcc1_sma3_6,mfcc1_sma3_7,mfcc1_sma3_8,mfcc2_sma3_1,mfcc2_sma3_2,mfcc2_sma3_3,mfcc2_sma3_4,mfcc2_sma3_5,mfcc2_sma3_6,mfcc2_sma3_7,mfcc2_sma3_8,mfcc3_sma3_1,mfcc3_sma3_2,mfcc3_sma3_3,mfcc3_sma3_4,mfcc3_sma3_5,mfcc3_sma3_6,mfcc3_sma3_7,mfcc3_sma3_8,mfcc4_sma3_1,mfcc4_sma3_2,mfcc4_sma3_3,mfcc4_sma3_4,mfcc4_sma3_5,mfcc4_sma3_6,mfcc4_sma3_7,mfcc4_sma3_8,F0semitoneFrom27.5Hz_sma3nz_1,F0semitoneFrom27.5Hz_sma3nz_2,F0semitoneFrom27.5Hz_sma3nz_3,F0semitoneFrom27.5Hz_sma3nz_4,F0semitoneFrom27.5Hz_sma3nz_5,F0semitoneFrom27.5Hz_sma3nz_6,F0semitoneFrom27.5Hz_sma3nz_7,F0semitoneFrom27.5Hz_sma3nz_8,jitterLocal_sma3nz_1,jitterLocal_sma3nz_2,jitterLocal_sma3nz_3,jitterLocal_sma3nz_4,jitterLocal_sma3nz_5,jitterLocal_sma3nz_6,jitterLocal_sma3nz_7,jitterLocal_sma3nz_8
19.75074603043478,19.571666043478256,15.659742673913044,20.992649043478256,7.161711092173914,21.25614547826087,19.754109869565216,21.97736812,12.751981867391304,0.4594437956521731,-19.195762239130435,-6.115255108260871,-33.37315882608696,-8.367060595652173,11.432336173913043,21.87455476,11.96964250652174,-18.099075539130435,-16.400390705217394,-12.34615571521739,-18.161661043478254,1.4266835434782612,16.945100695652172,15.3529802,0.9555866565217388,-28.889989808695656,-19.480075304347825,-19.458483184347827,-4.076600458695652,-0.4922516269565216,8.55462542173913,8.576014276,13.766470652173911,48.10387752173912,48.386813739130446,26.1710997826087,40.05163939130434,0.0,0.0,0.0,0.0116524183913043,0.0178163582391304,0.0285272340869565,0.0734816134913043,0.005332288747826,0.0,0.0,0.0
