mfcc1_sma3_1,mfcc1_sma3_2,mfcc1_sma3_3,mfcc1_sma3_4,mfcc1_sma3_5,mfcc1_sma3_6,mfcc1_sma3_7,mfcc1_sma3_8,mfcc2_sma3_1,mfcc2_sma3_2,mfcc2_sma3_3,mfcc2_sma3_4,mfcc2_sma3_5,mfcc2_sma3_6,mfcc2_sma3_7,mfcc2_sma3_8,mfcc3_sma3_1,mfcc3_sma3_2,mfcc3_sma3_3,mfcc3_sma3_4,mfcc3_sma3_5,mfcc3_sma3_6,mfcc3_sma3_7,mfcc3_sma3_8,mfcc4_sma3_1,mfcc4_sma3_2,mfcc4_sma3_3,mfcc4_sma3_4,mfcc4_sma3_5,mfcc4_sma3_6,mfcc4_sma3_7,mfcc4_sma3_8,F0semitoneFrom27.5Hz_sma3nz_1,F0semitoneFrom27.5Hz_sma3nz_2,F0semitoneFrom27.5Hz_sma3nz_3,F0semitoneFrom27.5Hz_sma3nz_4,F0semitoneFrom27.5Hz_sma3nz_5,F0semitoneFrom27.5Hz_sma3nz_6,F0semitoneFrom27.5Hz_sma3nz_7,F0semitoneFrom27.5Hz_sma3nz_8,jitterLocal_sma3nz_1,jitterLocal_sma3nz_2,jitterLocal_sma3nz_3,jitterLocal_sma3nz_4,jitterLocal_sma3nz_5,jitterLocal_sma3nz_6,jitterLocal_sma3nz_7,jitterLocal_sma3nz_8
18.067146033333334,20.005447133333337,27.42032916666666,22.19583944333333,15.20708627,22.73814043333334,14.370779435333334,19.4335664375,26.38091143333333,21.591831523333333,-0.6088538519999999,-12.588045286666668,-1.6447657833333331,-25.78606928733334,17.098648624000003,25.6328010625,15.891058433333331,17.628826213333333,-8.663208376666667,1.289995951666667,10.996529304,6.6385711700000005,8.545098776666666,15.18766734375,7.408478639999999,7.415683265,-15.465088190333336,-17.678772416666668,-7.433310542,-13.713012353333331,-2.545705112333333,7.721191303125,0.0,13.689563033333332,16.306930033333334,14.9544551,18.099471,12.7932099,0.0,0.0,0.0,0.0043455558533333,0.0184950257833333,0.00388706568,0.0162758015333333,0.0166555707,0.0,0.0
