mfcc1_sma3_1,mfcc1_sma3_2,mfcc1_sma3_3,mfcc1_sma3_4,mfcc1_sma3_5,mfcc1_sma3_6,mfcc1_sma3_7,mfcc1_sma3_8,mfcc2_sma3_1,mfcc2_sma3_2,mfcc2_sma3_3,mfcc2_sma3_4,mfcc2_sma3_5,mfcc2_sma3_6,mfcc2_sma3_7,mfcc2_sma3_8,mfcc3_sma3_1,mfcc3_sma3_2,mfcc3_sma3_3,mfcc3_sma3_4,mfcc3_sma3_5,mfcc3_sma3_6,mfcc3_sma3_7,mfcc3_sma3_8,mfcc4_sma3_1,mfcc4_sma3_2,mfcc4_sma3_3,mfcc4_sma3_4,mfcc4_sma3_5,mfcc4_sma3_6,mfcc4_sma3_7,mfcc4_sma3_8,F0semitoneFrom27.5Hz_sma3nz_1,F0semitoneFrom27.5Hz_sma3nz_2,F0semitoneFrom27.5Hz_sma3nz_3,F0semitoneFrom27.5Hz_sma3nz_4,F0semitoneFrom27.5Hz_sma3nz_5,F0semitoneFrom27.5Hz_sma3nz_6,F0semitoneFrom27.5Hz_sma3nz_7,F0semitoneFrom27.5Hz_sma3nz_8,jitterLocal_sma3nz_1,jitterLocal_sma3nz_2,jitterLocal_sma3nz_3,jitterLocal_sma3nz_4,jitterLocal_sma3nz_5,jitterLocal_sma3nz_6,jitterLocal_sma3nz_7,jitterLocal_sma3nz_8
23.654751322580644,1.9842655903225803,25.65955890322581,23.194476096774192,31.51251958064516,24.38013258064516,6.901639281612903,18.068772528571436,12.636270222580643,9.772268477419356,-20.50622283548387,-18.31757777806452,-1.7973849322580644,-3.660772593548387,18.141876990322583,25.10972871428572,7.3339711161290335,-7.281803623548388,-3.858539977419356,-1.0951000580645165,-18.71036058129032,17.5465388516129,5.346645551612904,13.680554304857145,-8.616452670967742,-0.8681155580645159,-15.428415803225803,-16.98480957419355,-43.12204490322581,-16.27717145722581,4.037175828064517,8.336528362857143,16.69661451612903,16.532874161290323,28.370821,28.409888774193547,35.49472783870968,22.546907645161287,0.0,0.0,0.0179039224838709,0.0033026581129032,0.0343035892903225,0.0112815814193548,0.0508140324516128,0.0279629929354838,0.0,0.0
