mfcc1_sma3_1,mfcc1_sma3_2,mfcc1_sma3_3,mfcc1_sma3_4,mfcc1_sma3_5,mfcc1_sma3_6,mfcc1_sma3_7,mfcc1_sma3_8,mfcc2_sma3_1,mfcc2_sma3_2,mfcc2_sma3_3,mfcc2_sma3_4,mfcc2_sma3_5,mfcc2_sma3_6,mfcc2_sma3_7,mfcc2_sma3_8,mfcc3_sma3_1,mfcc3_sma3_2,mfcc3_sma3_3,mfcc3_sma3_4,mfcc3_sma3_5,mfcc3_sma3_6,mfcc3_sma3_7,mfcc3_sma3_8,mfcc4_sma3_1,mfcc4_sma3_2,mfcc4_sma3_3,mfcc4_sma3_4,mfcc4_sma3_5,mfcc4_sma3_6,mfcc4_sma3_7,mfcc4_sma3_8,F0semitoneFrom27.5Hz_sma3nz_1,F0semitoneFrom27.5Hz_sma3nz_2,F0semitoneFrom27.5Hz_sma3nz_3,F0semitoneFrom27.5Hz_sma3nz_4,F0semitoneFrom27.5Hz_sma3nz_5,F0semitoneFrom27.5Hz_sma3nz_6,F0semitoneFrom27.5Hz_sma3nz_7,F0semitoneFrom27.5Hz_sma3nz_8,jitterLocal_sma3nz_1,jitterLocal_sma3nz_2,jitterLocal_sma3nz_3,jitterLocal_sma3nz_4,jitterLocal_sma3nz_5,jitterLocal_sma3nz_6,jitterLocal_sma3nz_7,jitterLocal_sma3nz_8
19.731025733333333,20.18851963333333,30.907237766666658,24.8792487,35.428041799999995,18.93713936,35.8693389,19.612864875,26.413645933333328,17.27958773283333,-6.770897683166666,13.242984983333336,-0.4233411666666664,14.117567653333335,10.486727019000002,25.2878790625,18.150407499999996,28.63542333333333,2.679768013333334,6.900782442833333,-16.610487683333336,-4.781526882333332,-12.147584366666663,13.492449634375,11.2258883,-4.640011946666666,-12.583478296666666,-10.377940873333332,-42.187173703333336,-13.875179586666668,-39.70305841333333,7.308709859375,0.0,7.646475266666666,33.394070066666664,17.117125466666664,41.306174000000006,16.830445633333333,8.022751999999999,0.0,0.0,0.0017326492866666,0.047166612,0.0025004740366666,0.0423957967166666,0.0065175914333333,0.0025946544133333,0.0
