mfcc1_sma3_1,mfcc1_sma3_2,mfcc1_sma3_3,mfcc1_sma3_4,mfcc1_sma3_5,mfcc1_sma3_6,mfcc1_sma3_7,mfcc1_sma3_8,mfcc2_sma3_1,mfcc2_sma3_2,mfcc2_sma3_3,mfcc2_sma3_4,mfcc2_sma3_5,mfcc2_sma3_6,mfcc2_sma3_7,mfcc2_sma3_8,mfcc3_sma3_1,mfcc3_sma3_2,mfcc3_sma3_3,mfcc3_sma3_4,mfcc3_sma3_5,mfcc3_sma3_6,mfcc3_sma3_7,mfcc3_sma3_8,mfcc4_sma3_1,mfcc4_sma3_2,mfcc4_sma3_3,mfcc4_sma3_4,mfcc4_sma3_5,mfcc4_sma3_6,mfcc4_sma3_7,mfcc4_sma3_8,F0semitoneFrom27.5Hz_sma3nz_1,F0semitoneFrom27.5Hz_sma3nz_2,F0semitoneFrom27.5Hz_sma3nz_3,F0semitoneFrom27.5Hz_sma3nz_4,F0semitoneFrom27.5Hz_sma3nz_5,F0semitoneFrom27.5Hz_sma3nz_6,F0semitoneFrom27.5Hz_sma3nz_7,F0semitoneFrom27.5Hz_sma3nz_8,jitterLocal_sma3nz_1,jitterLocal_sma3nz_2,jitterLocal_sma3nz_3,jitterLocal_sma3nz_4,jitterLocal_sma3nz_5,jitterLocal_sma3nz_6,jitterLocal_sma3nz_7,jitterLocal_sma3nz_8
19.028655074074077,27.182004777777777,30.73670244444445,21.648924229629635,24.71791735185185,34.04465877777778,14.75939171851852,19.137090222222223,26.44103818518519,7.42332826074074,3.993059137777777,20.47572703703704,20.06796321851852,-2.835225485185185,23.675491629629622,26.451300222222223,17.081943851851854,0.7402760148148148,4.203008386629629,-0.0978175616296297,0.4446712925925925,-12.111499537037036,15.997615018518516,15.748180148148148,11.474433037037036,-0.9797884888888896,-10.368346562962962,2.4946134333333334,-4.153546037037037,-2.7918882846296293,6.100094233703703,9.416790157407409,0.0,21.85241692592592,35.75572837037037,25.214026074074077,26.68336651851852,11.924825703703702,0.0,0.0,0.0,0.0082806688148148,0.0193015482222222,0.0154699701111111,0.0114576609074074,0.0029741648148148,0.0,0.0
