mfcc1_sma3_1,mfcc1_sma3_2,mfcc1_sma3_3,mfcc1_sma3_4,mfcc1_sma3_5,mfcc1_sma3_6,mfcc1_sma3_7,mfcc1_sma3_8,mfcc2_sma3_1,mfcc2_sma3_2,mfcc2_sma3_3,mfcc2_sma3_4,mfcc2_sma3_5,mfcc2_sma3_6,mfcc2_sma3_7,mfcc2_sma3_8,mfcc3_sma3_1,mfcc3_sma3_2,mfcc3_sma3_3,mfcc3_sma3_4,mfcc3_sma3_5,mfcc3_sma3_6,mfcc3_sma3_7,mfcc3_sma3_8,mfcc4_sma3_1,mfcc4_sma3_2,mfcc4_sma3_3,mfcc4_sma3_4,mfcc4_sma3_5,mfcc4_sma3_6,mfcc4_sma3_7,mfcc4_sma3_8,F0semitoneFrom27.5Hz_sma3nz_1,F0semitoneFrom27.5Hz_sma3nz_2,F0semitoneFrom27.5Hz_sma3nz_3,F0semitoneFrom27.5Hz_sma3nz_4,F0semitoneFrom27.5Hz_sma3nz_5,F0semitoneFrom27.5Hz_sma3nz_6,F0semitoneFrom27.5Hz_sma3nz_7,F0semitoneFrom27.5Hz_sma3nz_8,jitterLocal_sma3nz_1,jitterLocal_sma3nz_2,jitterLocal_sma3nz_3,jitterLocal_sma3nz_4,jitterLocal_sma3nz_5,jitterLocal_sma3nz_6,jitterLocal_sma3nz_7,jitterLocal_sma3nz_8
20.22135371428572,14.715500471428571,15.549695960357145,20.899614071428573,18.48200332142857,23.90819607142857,21.554317642857143,19.9770759,29.087521642857144,16.992358275,5.384226621428572,-7.192535842857144,-16.829209185714284,3.347365108035714,-0.9132649078571424,17.89185731666667,14.505983732142855,21.310201500000005,-9.001767668928572,-9.965755235714283,-3.629664178571428,-16.105734494285716,-7.4686080357142846,14.056356499999998,9.782768775000005,-4.552379510714286,-15.344149764285715,-26.52935785714285,-20.45122185714285,-26.89340583928572,-3.312918683571428,9.305609229999996,0.0,15.542320857142856,33.83077889285714,34.59897310714286,28.8134295,19.625911285714288,0.0,0.0,0.0,0.0063859069535714,0.0144885881178571,0.0258814081464285,0.0240547482892857,0.0084752813214285,0.0,0.0
