mfcc1_sma3_1,mfcc1_sma3_2,mfcc1_sma3_3,mfcc1_sma3_4,mfcc1_sma3_5,mfcc1_sma3_6,mfcc1_sma3_7,mfcc1_sma3_8,mfcc2_sma3_1,mfcc2_sma3_2,mfcc2_sma3_3,mfcc2_sma3_4,mfcc2_sma3_5,mfcc2_sma3_6,mfcc2_sma3_7,mfcc2_sma3_8,mfcc3_sma3_1,mfcc3_sma3_2,mfcc3_sma3_3,mfcc3_sma3_4,mfcc3_sma3_5,mfcc3_sma3_6,mfcc3_sma3_7,mfcc3_sma3_8,mfcc4_sma3_1,mfcc4_sma3_2,mfcc4_sma3_3,mfcc4_sma3_4,mfcc4_sma3_5,mfcc4_sma3_6,mfcc4_sma3_7,mfcc4_sma3_8,F0semitoneFrom27.5Hz_sma3nz_1,F0semitoneFrom27.5Hz_sma3nz_2,F0semitoneFrom27.5Hz_sma3nz_3,F0semitoneFrom27.5Hz_sma3nz_4,F0semitoneFrom27.5Hz_sma3nz_5,F0semitoneFrom27.5Hz_sma3nz_6,F0semitoneFrom27.5Hz_sma3nz_7,F0semitoneFrom27.5Hz_sma3nz_8,jitterLocal_sma3nz_1,jitterLocal_sma3nz_2,jitterLocal_sma3nz_3,jitterLocal_sma3nz_4,jitterLocal_sma3nz_5,jitterLocal_sma3nz_6,jitterLocal_sma3nz_7,jitterLocal_sma3nz_8
19.06006889473684,36.60767626315789,32.507917368421055,17.728998662105266,1.30327483,30.191519,29.787356842105265,19.543268000000005,24.606679210526316,10.50234294,5.214076310526316,23.993766105263155,34.22658894736842,14.499467247368424,9.494719777894735,26.71236896153846,10.876303031578948,-4.126934302105262,-1.3176987000000004,7.999190150526317,4.41971604831579,-3.9603240947368414,-8.654347336842108,16.49432794230769,7.4868375999999985,-23.57909538947368,0.6481824785789473,7.482798956842104,19.403173697368423,-9.098685466842106,-16.09319218789474,9.00574761923077,2.4758024736842104,8.880591631578946,27.404134315789477,0.0,2.578283421052632,3.8528655789473687,0.0,0.0,0.0048280123157894,0.0083004598631578,0.0158658421894736,0.0,0.0,0.0051439247368421,0.0,0.0
