mfcc1_sma3_1,mfcc1_sma3_2,mfcc1_sma3_3,mfcc1_sma3_4,mfcc1_sma3_5,mfcc1_sma3_6,mfcc1_sma3_7,mfcc1_sma3_8,mfcc2_sma3_1,mfcc2_sma3_2,mfcc2_sma3_3,mfcc2_sma3_4,mfcc2_sma3_5,mfcc2_sma3_6,mfcc2_sma3_7,mfcc2_sma3_8,mfcc3_sma3_1,mfcc3_sma3_2,mfcc3_sma3_3,mfcc3_sma3_4,mfcc3_sma3_5,mfcc3_sma3_6,mfcc3_sma3_7,mfcc3_sma3_8,mfcc4_sma3_1,mfcc4_sma3_2,mfcc4_sma3_3,mfcc4_sma3_4,mfcc4_sma3_5,mfcc4_sma3_6,mfcc4_sma3_7,mfcc4_sma3_8,F0semitoneFrom27.5Hz_sma3nz_1,F0semitoneFrom27.5Hz_sma3nz_2,F0semitoneFrom27.5Hz_sma3nz_3,F0semitoneFrom27.5Hz_sma3nz_4,F0semitoneFrom27.5Hz_sma3nz_5,F0semitoneFrom27.5Hz_sma3nz_6,F0semitoneFrom27.5Hz_sma3nz_7,F0semitoneFrom27.5Hz_sma3nz_8,jitterLocal_sma3nz_1,jitterLocal_sma3nz_2,jitterLocal_sma3nz_3,jitterLocal_sma3nz_4,jitterLocal_sma3nz_5,jitterLocal_sma3nz_6,jitterLocal_sma3nz_7,jitterLocal_sma3nz_8
20.24601851612904,17.311825741935486,28.38581683870968,27.04604840967741,13.708738006774192,32.81808993548388,22.42890019354839,20.163375125,29.297107451612906,17.43673061129032,1.330674264516129,12.149877992419356,22.154870354838717,27.060170580645167,27.64143535483871,23.37327028125,15.115346693548387,22.819140483870964,3.4667989122903227,8.17113254883871,-2.4786845796774184,-1.1790650787419354,12.39269626903226,11.1791876,11.038096325806452,5.966498496774194,-6.801202854838711,-16.317708835483874,-16.031782066774195,-42.26797378387098,6.3964724483870965,6.834080974999999,0.0,8.810467032258064,25.44228880645161,30.15587229032258,18.72103396774193,24.872398,0.0,0.0,0.0,0.0065770711290322,0.0100415151064516,0.0078245799838709,0.0031027450290322,0.0097180868290322,0.0,0.0
