mfcc1_sma3_1,mfcc1_sma3_2,mfcc1_sma3_3,mfcc1_sma3_4,mfcc1_sma3_5,mfcc1_sma3_6,mfcc1_sma3_7,mfcc1_sma3_8,mfcc2_sma3_1,mfcc2_sma3_2,mfcc2_sma3_3,mfcc2_sma3_4,mfcc2_sma3_5,mfcc2_sma3_6,mfcc2_sma3_7,mfcc2_sma3_8,mfcc3_sma3_1,mfcc3_sma3_2,mfcc3_sma3_3,mfcc3_sma3_4,mfcc3_sma3_5,mfcc3_sma3_6,mfcc3_sma3_7,mfcc3_sma3_8,mfcc4_sma3_1,mfcc4_sma3_2,mfcc4_sma3_3,mfcc4_sma3_4,mfcc4_sma3_5,mfcc4_sma3_6,mfcc4_sma3_7,mfcc4_sma3_8,F0semitoneFrom27.5Hz_sma3nz_1,F0semitoneFrom27.5Hz_sma3nz_2,F0semitoneFrom27.5Hz_sma3nz_3,F0semitoneFrom27.5Hz_sma3nz_4,F0semitoneFrom27.5Hz_sma3nz_5,F0semitoneFrom27.5Hz_sma3nz_6,F0semitoneFrom27.5Hz_sma3nz_7,F0semitoneFrom27.5Hz_sma3nz_8,jitterLocal_sma3nz_1,jitterLocal_sma3nz_2,jitterLocal_sma3nz_3,jitterLocal_sma3nz_4,jitterLocal_sma3nz_5,jitterLocal_sma3nz_6,jitterLocal_sma3nz_7,jitterLocal_sma3nz_8
19.214690846153847,20.187274,10.88000563,31.49575234615385,29.303893884615384,21.87994984615385,19.171963807692308,18.6265962,27.439817153846157,23.775410692307695,23.57853840384616,11.303230442307694,8.051057604615384,19.721916219230767,27.63573553846154,26.978391166666665,15.013271769230768,15.273787826923076,14.029426378076922,2.4468426853846155,-18.082235292307693,5.19705261923077,14.947013557692308,15.17445565,10.031483492307691,8.957955703846153,14.91367421153846,-16.451815676923076,-27.144199511538464,5.753835719230769,9.359955573076924,10.141198533333332,0.0,0.0,0.0,28.963746423076923,16.647863307692305,0.0,0.0,0.0,0.0,0.0,0.0,0.0088706094230769,0.0035255223384615,0.0,0.0,0.0
