mfcc1_sma3_1,mfcc1_sma3_2,mfcc1_sma3_3,mfcc1_sma3_4,mfcc1_sma3_5,mfcc1_sma3_6,mfcc1_sma3_7,mfcc1_sma3_8,mfcc2_sma3_1,mfcc2_sma3_2,mfcc2_sma3_3,mfcc2_sma3_4,mfcc2_sma3_5,mfcc2_sma3_6,mfcc2_sma3_7,mfcc2_sma3_8,mfcc3_sma3_1,mfcc3_sma3_2,mfcc3_sma3_3,mfcc3_sma3_4,mfcc3_sma3_5,mfcc3_sma3_6,mfcc3_sma3_7,mfcc3_sma3_8,mfcc4_sma3_1,mfcc4_sma3_2,mfcc4_sma3_3,mfcc4_sma3_4,mfcc4_sma3_5,mfcc4_sma3_6,mfcc4_sma3_7,mfcc4_sma3_8,F0semitoneFrom27.5Hz_sma3nz_1,F0semitoneFrom27.5Hz_sma3nz_2,F0semitoneFrom27.5Hz_sma3nz_3,F0semitoneFrom27.5Hz_sma3nz_4,F0semitoneFrom27.5Hz_sma3nz_5,F0semitoneFrom27.5Hz_sma3nz_6,F0semitoneFrom27.5Hz_sma3nz_7,F0semitoneFrom27.5Hz_sma3nz_8,jitterLocal_sma3nz_1,jitterLocal_sma3nz_2,jitterLocal_sma3nz_3,jitterLocal_sma3nz_4,jitterLocal_sma3nz_5,jitterLocal_sma3nz_6,jitterLocal_sma3nz_7,jitterLocal_sma3nz_8
18.20119794583333,11.399694691666667,27.29416945833333,29.11058408333333,26.92556520833333,20.532554291666667,19.93472045833333,19.732534999999995,28.163696708333333,25.154983458333334,0.9455797216666664,2.689939854166667,-2.98997405125,26.700940041666662,28.50688091666667,29.236149035714284,13.270002925,5.10290033,2.2626590529166664,-0.8304298874999999,-16.5228590125,15.452454291666667,16.624100541666667,15.113310017857144,10.298688525,5.317469554166666,-24.478697704166667,-11.366981833333332,-21.10097898333333,12.819351312499998,9.861135741666669,12.312316428571432,0.0,9.422072,29.20987008333334,21.87114808333333,6.287012791666666,0.0,0.0,0.0,0.0,0.0043378269666666,0.0076576964208333,0.0123102531083333,0.00172998825,0.0,0.0,0.0
