mfcc1_sma3_1,mfcc1_sma3_2,mfcc1_sma3_3,mfcc1_sma3_4,mfcc1_sma3_5,mfcc1_sma3_6,mfcc1_sma3_7,mfcc1_sma3_8,mfcc2_sma3_1,mfcc2_sma3_2,mfcc2_sma3_3,mfcc2_sma3_4,mfcc2_sma3_5,mfcc2_sma3_6,mfcc2_sma3_7,mfcc2_sma3_8,mfcc3_sma3_1,mfcc3_sma3_2,mfcc3_sma3_3,mfcc3_sma3_4,mfcc3_sma3_5,mfcc3_sma3_6,mfcc3_sma3_7,mfcc3_sma3_8,mfcc4_sma3_1,mfcc4_sma3_2,mfcc4_sma3_3,mfcc4_sma3_4,mfcc4_sma3_5,mfcc4_sma3_6,mfcc4_sma3_7,mfcc4_sma3_8,F0semitoneFrom27.5Hz_sma3nz_1,F0semitoneFrom27.5Hz_sma3nz_2,F0semitoneFrom27.5Hz_sma3nz_3,F0semitoneFrom27.5Hz_sma3nz_4,F0semitoneFrom27.5Hz_sma3nz_5,F0semitoneFrom27.5Hz_sma3nz_6,F0semitoneFrom27.5Hz_sma3nz_7,F0semitoneFrom27.5Hz_sma3nz_8,jitterLocal_sma3nz_1,jitterLocal_sma3nz_2,jitterLocal_sma3nz_3,jitterLocal_sma3nz_4,jitterLocal_sma3nz_5,jitterLocal_sma3nz_6,jitterLocal_sma3nz_7,jitterLocal_sma3nz_8
19.66893768,21.52071948,24.23388736,20.65092344,18.319525414,13.823252366800002,27.338521560000004,20.416076222222223,26.299303880000004,-8.6297867264,-0.52863224,10.4319351324,18.88216786,14.808638756,24.160058480000004,29.13283951851852,13.628121039999998,3.516463612,6.775581413199999,-0.9238458880000004,5.19810893856,3.7686527236,-0.3644548148000001,15.630397796296297,9.72693574,-9.371607422,-5.3165925468,-34.818523068,-39.042540372,-32.850245504,-31.926043156,8.972207981481482,1.32587,34.19752232,26.7810502,22.8172126,20.633633600000003,11.911216240000002,0.0,0.0,0.0,0.017100287424,0.00922112768,0.00792325802,0.01344187824,0.003005255992,0.0,0.0
