mfcc1_sma3_1,mfcc1_sma3_2,mfcc1_sma3_3,mfcc1_sma3_4,mfcc1_sma3_5,mfcc1_sma3_6,mfcc1_sma3_7,mfcc1_sma3_8,mfcc2_sma3_1,mfcc2_sma3_2,mfcc2_sma3_3,mfcc2_sma3_4,mfcc2_sma3_5,mfcc2_sma3_6,mfcc2_sma3_7,mfcc2_sma3_8,mfcc3_sma3_1,mfcc3_sma3_2,mfcc3_sma3_3,mfcc3_sma3_4,mfcc3_sma3_5,mfcc3_sma3_6,mfcc3_sma3_7,mfcc3_sma3_8,mfcc4_sma3_1,mfcc4_sma3_2,mfcc4_sma3_3,mfcc4_sma3_4,mfcc4_sma3_5,mfcc4_sma3_6,mfcc4_sma3_7,mfcc4_sma3_8,F0semitoneFrom27.5Hz_sma3nz_1,F0semitoneFrom27.5Hz_sma3nz_2,F0semitoneFrom27.5Hz_sma3nz_3,F0semitoneFrom27.5Hz_sma3nz_4,F0semitoneFrom27.5Hz_sma3nz_5,F0semitoneFrom27.5Hz_sma3nz_6,F0semitoneFrom27.5Hz_sma3nz_7,F0semitoneFrom27.5Hz_sma3nz_8,jitterLocal_sma3nz_1,jitterLocal_sma3nz_2,jitterLocal_sma3nz_3,jitterLocal_sma3nz_4,jitterLocal_sma3nz_5,jitterLocal_sma3nz_6,jitterLocal_sma3nz_7,jitterLocal_sma3nz_8
19.23159062068965,19.307975172413794,31.50094248275862,36.49213075862069,30.08493503448276,28.908458275862063,22.87098544827586,19.18276003448276,28.437609103448278,28.85749434482759,5.257453589655172,8.114245024137933,11.439965220689658,18.12808888275862,26.29309403448276,27.561683793103448,15.40032968965517,18.52326634482759,-7.310926263103448,-7.680143655172414,17.846786603448276,26.972990034482763,18.174168172413797,13.949639672413792,10.667535379310344,11.710139896551723,-19.50776223655172,-16.008083698034483,-2.439378815413793,4.296866173341207,9.399798847586206,10.4553193,0.0,0.0,22.79857386206896,30.074753482758616,26.621868793103445,17.958988620689652,0.0,0.0,0.0,0.0,0.0130459344275862,0.0111257149551724,0.0190560106724137,0.0131045215517241,0.0,0.0
