mfcc1_sma3_1,mfcc1_sma3_2,mfcc1_sma3_3,mfcc1_sma3_4,mfcc1_sma3_5,mfcc1_sma3_6,mfcc1_sma3_7,mfcc1_sma3_8,mfcc2_sma3_1,mfcc2_sma3_2,mfcc2_sma3_3,mfcc2_sma3_4,mfcc2_sma3_5,mfcc2_sma3_6,mfcc2_sma3_7,mfcc2_sma3_8,mfcc3_sma3_1,mfcc3_sma3_2,mfcc3_sma3_3,mfcc3_sma3_4,mfcc3_sma3_5,mfcc3_sma3_6,mfcc3_sma3_7,mfcc3_sma3_8,mfcc4_sma3_1,mfcc4_sma3_2,mfcc4_sma3_3,mfcc4_sma3_4,mfcc4_sma3_5,mfcc4_sma3_6,mfcc4_sma3_7,mfcc4_sma3_8,F0semitoneFrom27.5Hz_sma3nz_1,F0semitoneFrom27.5Hz_sma3nz_2,F0semitoneFrom27.5Hz_sma3nz_3,F0semitoneFrom27.5Hz_sma3nz_4,F0semitoneFrom27.5Hz_sma3nz_5,F0semitoneFrom27.5Hz_sma3nz_6,F0semitoneFrom27.5Hz_sma3nz_7,F0semitoneFrom27.5Hz_sma3nz_8,jitterLocal_sma3nz_1,jitterLocal_sma3nz_2,jitterLocal_sma3nz_3,jitterLocal_sma3nz_4,jitterLocal_sma3nz_5,jitterLocal_sma3nz_6,jitterLocal_sma3nz_7,jitterLocal_sma3nz_8
19.255540434782603,28.184441956521745,33.622052608695654,22.13849843043478,22.152587200000003,25.812831391304343,27.179240782608694,18.11959875,28.60222513043478,11.628124285652175,6.047817595652172,16.32607349565217,19.81033323913044,-7.637081291304346,20.51990026521739,25.70826757142857,15.289651221739131,-2.4248625086956523,0.8992318056521738,3.957206508695652,-1.681801186956522,-6.598348539130436,-2.6020153739130434,12.907902260714286,11.711874960869563,-6.975887134782609,-21.009853723913047,-5.593872291913044,-15.573735973913047,-25.116098217391304,-28.362914869565216,8.256260878571428,0.0,17.928206173913047,22.90663217391305,2.8853537826086955,11.225487521739131,11.868021739130434,0.0,0.0,0.0,0.0071888343913043,0.0143929038956521,0.0017458565217391,0.0260718303043478,0.0037731833913043,0.0,0.0
