mfcc1_sma3_1,mfcc1_sma3_2,mfcc1_sma3_3,mfcc1_sma3_4,mfcc1_sma3_5,mfcc1_sma3_6,mfcc1_sma3_7,mfcc1_sma3_8,mfcc2_sma3_1,mfcc2_sma3_2,mfcc2_sma3_3,mfcc2_sma3_4,mfcc2_sma3_5,mfcc2_sma3_6,mfcc2_sma3_7,mfcc2_sma3_8,mfcc3_sma3_1,mfcc3_sma3_2,mfcc3_sma3_3,mfcc3_sma3_4,mfcc3_sma3_5,mfcc3_sma3_6,mfcc3_sma3_7,mfcc3_sma3_8,mfcc4_sma3_1,mfcc4_sma3_2,mfcc4_sma3_3,mfcc4_sma3_4,mfcc4_sma3_5,mfcc4_sma3_6,mfcc4_sma3_7,mfcc4_sma3_8,F0semitoneFrom27.5Hz_sma3nz_1,F0semitoneFrom27.5Hz_sma3nz_2,F0semitoneFrom27.5Hz_sma3nz_3,F0semitoneFrom27.5Hz_sma3nz_4,F0semitoneFrom27.5Hz_sma3nz_5,F0semitoneFrom27.5Hz_sma3nz_6,F0semitoneFrom27.5Hz_sma3nz_7,F0semitoneFrom27.5Hz_sma3nz_8,jitterLocal_sma3nz_1,jitterLocal_sma3nz_2,jitterLocal_sma3nz_3,jitterLocal_sma3nz_4,jitterLocal_sma3nz_5,jitterLocal_sma3nz_6,jitterLocal_sma3nz_7,jitterLocal_sma3nz_8
19.748095620689657,19.141824103448275,15.835518237931032,25.21498334482758,17.824075951724137,25.04907322413793,24.74624051724137,14.922967489722218,28.11299531034483,7.279740470689656,-9.442195479310346,-7.966344786206896,-8.72941363689655,7.314140980689654,-3.627419937379311,20.267932750000007,15.11345527586207,13.340541544827586,10.787262327586207,-0.4556166610344827,-11.256114151724136,-1.3759503586206896,18.21324517931035,14.82729747222222,11.08847146896552,2.5761866393103445,-7.502938104999999,-6.74045832551724,-30.93380469413793,-22.57246272413793,-3.558221394482759,7.119871682222222,0.0,13.805548379310345,31.85410751724138,24.93107686206896,29.247213103448274,14.47326662068966,6.507549448275862,0.0,0.0,0.0063282692965517,0.0350354278241379,0.0121276408137931,0.0124704524137931,0.0045997693448275,0.0038251846482758,0.0
