mfcc1_sma3_1,mfcc1_sma3_2,mfcc1_sma3_3,mfcc1_sma3_4,mfcc1_sma3_5,mfcc1_sma3_6,mfcc1_sma3_7,mfcc1_sma3_8,mfcc2_sma3_1,mfcc2_sma3_2,mfcc2_sma3_3,mfcc2_sma3_4,mfcc2_sma3_5,mfcc2_sma3_6,mfcc2_sma3_7,mfcc2_sma3_8,mfcc3_sma3_1,mfcc3_sma3_2,mfcc3_sma3_3,mfcc3_sma3_4,mfcc3_sma3_5,mfcc3_sma3_6,mfcc3_sma3_7,mfcc3_sma3_8,mfcc4_sma3_1,mfcc4_sma3_2,mfcc4_sma3_3,mfcc4_sma3_4,mfcc4_sma3_5,mfcc4_sma3_6,mfcc4_sma3_7,mfcc4_sma3_8,F0semitoneFrom27.5Hz_sma3nz_1,F0semitoneFrom27.5Hz_sma3nz_2,F0semitoneFrom27.5Hz_sma3nz_3,F0semitoneFrom27.5Hz_sma3nz_4,F0semitoneFrom27.5Hz_sma3nz_5,F0semitoneFrom27.5Hz_sma3nz_6,F0semitoneFrom27.5Hz_sma3nz_7,F0semitoneFrom27.5Hz_sma3nz_8,jitterLocal_sma3nz_1,jitterLocal_sma3nz_2,jitterLocal_sma3nz_3,jitterLocal_sma3nz_4,jitterLocal_sma3nz_5,jitterLocal_sma3nz_6,jitterLocal_sma3nz_7,jitterLocal_sma3nz_8
19.633518514285715,20.560643700857145,32.21661257142856,33.19919691428571,23.875677228571423,27.34801365714286,19.277761942857143,19.78991672972973,27.31969791428572,16.43873617142857,15.250847168571427,21.09758072,19.134053185714283,28.54747145714286,24.130261828571427,25.23768927027027,13.880958154285716,27.223106285714284,-5.639184241142857,6.383384831714285,8.100806674285716,8.79265766,13.723451571428573,13.270425689189189,7.828330347714286,4.879627981228571,-23.39155401142857,-14.174224738,-15.126203814285716,-25.413420737142857,11.237937682857146,10.983974910810812,0.0,23.637120314285717,30.15217962857143,16.818499742857146,17.42942677142857,3.868930914285714,0.0,0.0,0.0,0.0101205794714285,0.0170000434571428,0.0084480992657142,0.0089967265999999,0.0008403298571428,0.0,0.0
