mfcc1_sma3_1,mfcc1_sma3_2,mfcc1_sma3_3,mfcc1_sma3_4,mfcc1_sma3_5,mfcc1_sma3_6,mfcc1_sma3_7,mfcc1_sma3_8,mfcc2_sma3_1,mfcc2_sma3_2,mfcc2_sma3_3,mfcc2_sma3_4,mfcc2_sma3_5,mfcc2_sma3_6,mfcc2_sma3_7,mfcc2_sma3_8,mfcc3_sma3_1,mfcc3_sma3_2,mfcc3_sma3_3,mfcc3_sma3_4,mfcc3_sma3_5,mfcc3_sma3_6,mfcc3_sma3_7,mfcc3_sma3_8,mfcc4_sma3_1,mfcc4_sma3_2,mfcc4_sma3_3,mfcc4_sma3_4,mfcc4_sma3_5,mfcc4_sma3_6,mfcc4_sma3_7,mfcc4_sma3_8,F0semitoneFrom27.5Hz_sma3nz_1,F0semitoneFrom27.5Hz_sma3nz_2,F0semitoneFrom27.5Hz_sma3nz_3,F0semitoneFrom27.5Hz_sma3nz_4,F0semitoneFrom27.5Hz_sma3nz_5,F0semitoneFrom27.5Hz_sma3nz_6,F0semitoneFrom27.5Hz_sma3nz_7,F0semitoneFrom27.5Hz_sma3nz_8,jitterLocal_sma3nz_1,jitterLocal_sma3nz_2,jitterLocal_sma3nz_3,jitterLocal_sma3nz_4,jitterLocal_sma3nz_5,jitterLocal_sma3nz_6,jitterLocal_sma3nz_7,jitterLocal_sma3nz_8
21.623043391304343,10.309185349565215,6.826497655652174,-1.9411271608695653,18.293405156521743,7.062238091304348,24.58958366956521,26.39020296428572,29.900601347826083,11.04674916521739,-4.949203230434782,-2.1747505521739123,6.556172319565218,21.600429252173917,5.411717826086957,16.012341239285714,16.41587676086957,11.916981230434782,7.495655985,-4.706531904347826,8.2538485,1.5788369560869566,-5.72867893521739,8.657041239285714,15.442737,-4.60604977173913,-25.092100633478264,1.33233611826087,-13.298770904347828,3.6580850582608697,-27.767589264347823,14.652728071428571,1.6801197608695653,17.718927,44.110320869565214,21.06051834782609,25.33826034782609,12.998622,17.308734173913045,1.3682603214285716,0.0,0.0054349694347826,0.011276619873913,0.0020336680130434,0.0080156000434782,0.006754615173913,0.0083413052869565,0.0
