mfcc1_sma3_1,mfcc1_sma3_2,mfcc1_sma3_3,mfcc1_sma3_4,mfcc1_sma3_5,mfcc1_sma3_6,mfcc1_sma3_7,mfcc1_sma3_8,mfcc2_sma3_1,mfcc2_sma3_2,mfcc2_sma3_3,mfcc2_sma3_4,mfcc2_sma3_5,mfcc2_sma3_6,mfcc2_sma3_7,mfcc2_sma3_8,mfcc3_sma3_1,mfcc3_sma3_2,mfcc3_sma3_3,mfcc3_sma3_4,mfcc3_sma3_5,mfcc3_sma3_6,mfcc3_sma3_7,mfcc3_sma3_8,mfcc4_sma3_1,mfcc4_sma3_2,mfcc4_sma3_3,mfcc4_sma3_4,mfcc4_sma3_5,mfcc4_sma3_6,mfcc4_sma3_7,mfcc4_sma3_8,F0semitoneFrom27.5Hz_sma3nz_1,F0semitoneFrom27.5Hz_sma3nz_2,F0semitoneFrom27.5Hz_sma3nz_3,F0semitoneFrom27.5Hz_sma3nz_4,F0semitoneFrom27.5Hz_sma3nz_5,F0semitoneFrom27.5Hz_sma3nz_6,F0semitoneFrom27.5Hz_sma3nz_7,F0semitoneFrom27.5Hz_sma3nz_8,jitterLocal_sma3nz_1,jitterLocal_sma3nz_2,jitterLocal_sma3nz_3,jitterLocal_sma3nz_4,jitterLocal_sma3nz_5,jitterLocal_sma3nz_6,jitterLocal_sma3nz_7,jitterLocal_sma3nz_8
18.169663741666668,8.460458711666668,13.929419595833332,9.35297956875,22.4966076875,-3.9342648625,25.481103666666662,22.64863564516129,30.706205,-4.82546829375,-8.745332025,6.9281861025,3.0146977445833336,21.51573002083333,16.491647241666666,26.827945032258064,17.009029916666666,17.372648313750002,-8.667270004166665,6.396632604166666,-10.72750196125,1.3194691008333337,-12.232551767916666,13.529733208387096,15.894494166666666,-18.28444157208333,-9.982442529166669,-17.151450841666666,-41.14929025,2.807551615416667,-45.9885471875,11.995166035483871,2.8083585416666668,29.77645025,29.27494425,21.732853541666667,41.648015875,0.0,0.0,3.542614193548387,0.0004474145,0.0027550719,0.0068268808791666,0.0035978827708333,0.0184201575583333,0.0,0.0,0.0031422859548387
