mfcc1_sma3_1,mfcc1_sma3_2,mfcc1_sma3_3,mfcc1_sma3_4,mfcc1_sma3_5,mfcc1_sma3_6,mfcc1_sma3_7,mfcc1_sma3_8,mfcc2_sma3_1,mfcc2_sma3_2,mfcc2_sma3_3,mfcc2_sma3_4,mfcc2_sma3_5,mfcc2_sma3_6,mfcc2_sma3_7,mfcc2_sma3_8,mfcc3_sma3_1,mfcc3_sma3_2,mfcc3_sma3_3,mfcc3_sma3_4,mfcc3_sma3_5,mfcc3_sma3_6,mfcc3_sma3_7,mfcc3_sma3_8,mfcc4_sma3_1,mfcc4_sma3_2,mfcc4_sma3_3,mfcc4_sma3_4,mfcc4_sma3_5,mfcc4_sma3_6,mfcc4_sma3_7,mfcc4_sma3_8,F0semitoneFrom27.5Hz_sma3nz_1,F0semitoneFrom27.5Hz_sma3nz_2,F0semitoneFrom27.5Hz_sma3nz_3,F0semitoneFrom27.5Hz_sma3nz_4,F0semitoneFrom27.5Hz_sma3nz_5,F0semitoneFrom27.5Hz_sma3nz_6,F0semitoneFrom27.5Hz_sma3nz_7,F0semitoneFrom27.5Hz_sma3nz_8,jitterLocal_sma3nz_1,jitterLocal_sma3nz_2,jitterLocal_sma3nz_3,jitterLocal_sma3nz_4,jitterLocal_sma3nz_5,jitterLocal_sma3nz_6,jitterLocal_sma3nz_7,jitterLocal_sma3nz_8
23.340758984375,4.2535804203125,13.3227666759375,23.31206075,25.109330021875003,16.40351546875,23.47547274375,20.226950942857144,23.5320216865125,11.331135471875,-3.366173725,-8.33049410625,13.2046760725,14.893312696875,30.6900509375,27.114354485714284,21.400502296875004,30.69977590625,-6.43067519375,-19.3895780125,10.2179984884375,11.133751445312502,6.524103647812501,13.158084814285711,8.086135142187501,-34.195727809375,-18.162220684375,-32.0426245625,-27.448616125,-22.86564294375,-37.164681934375,15.466904728571429,8.635267,25.87087675,36.1740801875,27.8536889375,19.5195595,22.03923078125,5.01341378125,0.0,0.00727701953125,0.004818139425,0.0333496734906249,0.012573830521875,0.0051294708875,0.01167509671875,0.0003559675625,0.0
