mfcc1_sma3_1,mfcc1_sma3_2,mfcc1_sma3_3,mfcc1_sma3_4,mfcc1_sma3_5,mfcc1_sma3_6,mfcc1_sma3_7,mfcc1_sma3_8,mfcc2_sma3_1,mfcc2_sma3_2,mfcc2_sma3_3,mfcc2_sma3_4,mfcc2_sma3_5,mfcc2_sma3_6,mfcc2_sma3_7,mfcc2_sma3_8,mfcc3_sma3_1,mfcc3_sma3_2,mfcc3_sma3_3,mfcc3_sma3_4,mfcc3_sma3_5,mfcc3_sma3_6,mfcc3_sma3_7,mfcc3_sma3_8,mfcc4_sma3_1,mfcc4_sma3_2,mfcc4_sma3_3,mfcc4_sma3_4,mfcc4_sma3_5,mfcc4_sma3_6,mfcc4_sma3_7,mfcc4_sma3_8,F0semitoneFrom27.5Hz_sma3nz_1,F0semitoneFrom27.5Hz_sma3nz_2,F0semitoneFrom27.5Hz_sma3nz_3,F0semitoneFrom27.5Hz_sma3nz_4,F0semitoneFrom27.5Hz_sma3nz_5,F0semitoneFrom27.5Hz_sma3nz_6,F0semitoneFrom27.5Hz_sma3nz_7,F0semitoneFrom27.5Hz_sma3nz_8,jitterLocal_sma3nz_1,jitterLocal_sma3nz_2,jitterLocal_sma3nz_3,jitterLocal_sma3nz_4,jitterLocal_sma3nz_5,jitterLocal_sma3nz_6,jitterLocal_sma3nz_7,jitterLocal_sma3nz_8
15.877274271428572,22.431321017857147,26.367996053571428,18.39178810714285,31.935659367857145,6.553577885714286,29.43110110714285,22.933548466666664,16.611035410714287,13.376092619999998,12.52573067607143,22.24779989285714,27.84248725,18.97663446428572,26.748719607142853,27.68064853333333,19.47047246428572,15.531939139285717,1.805730358357143,5.199160699642856,3.737176355357143,6.916232985714286,5.221599234499999,14.225475783333334,15.883882174999998,20.512813857142856,12.47912933392857,2.7368489714285715,-17.697512035571428,0.1679528871428568,-13.88980772714286,13.894666983333332,1.3830423571428572,17.01692407142857,19.40498460714286,4.460250464285714,19.98851946428572,7.032961571428572,2.7000725178571434,1.6246167333333332,0.0,0.0079348114892857,0.0100541492071428,0.0026836857857142,0.0127736466071428,0.0022932935357142,0.0006256789285714,0.0
