mfcc1_sma3_1,mfcc1_sma3_2,mfcc1_sma3_3,mfcc1_sma3_4,mfcc1_sma3_5,mfcc1_sma3_6,mfcc1_sma3_7,mfcc1_sma3_8,mfcc2_sma3_1,mfcc2_sma3_2,mfcc2_sma3_3,mfcc2_sma3_4,mfcc2_sma3_5,mfcc2_sma3_6,mfcc2_sma3_7,mfcc2_sma3_8,mfcc3_sma3_1,mfcc3_sma3_2,mfcc3_sma3_3,mfcc3_sma3_4,mfcc3_sma3_5,mfcc3_sma3_6,mfcc3_sma3_7,mfcc3_sma3_8,mfcc4_sma3_1,mfcc4_sma3_2,mfcc4_sma3_3,mfcc4_sma3_4,mfcc4_sma3_5,mfcc4_sma3_6,mfcc4_sma3_7,mfcc4_sma3_8,F0semitoneFrom27.5Hz_sma3nz_1,F0semitoneFrom27.5Hz_sma3nz_2,F0semitoneFrom27.5Hz_sma3nz_3,F0semitoneFrom27.5Hz_sma3nz_4,F0semitoneFrom27.5Hz_sma3nz_5,F0semitoneFrom27.5Hz_sma3nz_6,F0semitoneFrom27.5Hz_sma3nz_7,F0semitoneFrom27.5Hz_sma3nz_8,jitterLocal_sma3nz_1,jitterLocal_sma3nz_2,jitterLocal_sma3nz_3,jitterLocal_sma3nz_4,jitterLocal_sma3nz_5,jitterLocal_sma3nz_6,jitterLocal_sma3nz_7,jitterLocal_sma3nz_8
18.947220274074077,17.609344833333335,23.849614163703706,24.387223666666664,21.485058407407408,23.50003803703704,21.29350125925926,21.272970470588238,26.292879512592588,21.41138266666667,21.58664381481481,11.424745442592592,5.82620336974074,15.700250463333337,28.756376925925924,28.67579585294117,15.420259730555555,16.81973483333333,3.2264396111111115,18.494556944444444,7.178617414814814,18.09467448148148,16.205068685185186,15.682289985294116,13.533239255555555,15.219433129629628,-4.022101566666667,20.02599611111111,9.825829774074077,13.269576555555558,11.797732722222223,13.755189117647058,4.563185592592593,0.0,9.313061703703704,0.0,6.255280777777777,3.901677148148148,1.3646335555555555,1.1224632941176471,0.0048894381481481,0.0,0.0089581979074074,0.0,0.0023905458148148,0.0056945745555555,0.0,0.0
