mfcc1_sma3_1,mfcc1_sma3_2,mfcc1_sma3_3,mfcc1_sma3_4,mfcc1_sma3_5,mfcc1_sma3_6,mfcc1_sma3_7,mfcc1_sma3_8,mfcc2_sma3_1,mfcc2_sma3_2,mfcc2_sma3_3,mfcc2_sma3_4,mfcc2_sma3_5,mfcc2_sma3_6,mfcc2_sma3_7,mfcc2_sma3_8,mfcc3_sma3_1,mfcc3_sma3_2,mfcc3_sma3_3,mfcc3_sma3_4,mfcc3_sma3_5,mfcc3_sma3_6,mfcc3_sma3_7,mfcc3_sma3_8,mfcc4_sma3_1,mfcc4_sma3_2,mfcc4_sma3_3,mfcc4_sma3_4,mfcc4_sma3_5,mfcc4_sma3_6,mfcc4_sma3_7,mfcc4_sma3_8,F0semitoneFrom27.5Hz_sma3nz_1,F0semitoneFrom27.5Hz_sma3nz_2,F0semitoneFrom27.5Hz_sma3nz_3,F0semitoneFrom27.5Hz_sma3nz_4,F0semitoneFrom27.5Hz_sma3nz_5,F0semitoneFrom27.5Hz_sma3nz_6,F0semitoneFrom27.5Hz_sma3nz_7,F0semitoneFrom27.5Hz_sma3nz_8,jitterLocal_sma3nz_1,jitterLocal_sma3nz_2,jitterLocal_sma3nz_3,jitterLocal_sma3nz_4,jitterLocal_sma3nz_5,jitterLocal_sma3nz_6,jitterLocal_sma3nz_7,jitterLocal_sma3nz_8
21.16242134375,12.75273881875,19.2476543375,18.63484508375,35.49002971875,27.358846875,26.4188560375,25.886094542857144,28.4628195625,22.02559695625,21.87065738125,26.10317490625,13.594525071875,28.44679978125,27.14341665625,26.235063985714287,16.823829703125,15.74870665625,24.18672146875,20.04736040625,-3.929491106875,16.742557290624998,9.02222965,13.748111542857142,14.2061458125,16.49899853125,14.996699384375,11.31191525625,-18.266969901875,8.605835851875,-9.491981437500002,1.5003024151428572,1.264188359375,0.0,10.0078259375,17.952836562500003,11.12060190625,16.418374375,9.837350875,1.9167236000000003,0.0,0.0,0.02054423525,0.018958587875,0.00291334221875,0.01576741140625,0.003867023684375,0.0001880192285714
