mfcc1_sma3_1,mfcc1_sma3_2,mfcc1_sma3_3,mfcc1_sma3_4,mfcc1_sma3_5,mfcc1_sma3_6,mfcc1_sma3_7,mfcc1_sma3_8,mfcc2_sma3_1,mfcc2_sma3_2,mfcc2_sma3_3,mfcc2_sma3_4,mfcc2_sma3_5,mfcc2_sma3_6,mfcc2_sma3_7,mfcc2_sma3_8,mfcc3_sma3_1,mfcc3_sma3_2,mfcc3_sma3_3,mfcc3_sma3_4,mfcc3_sma3_5,mfcc3_sma3_6,mfcc3_sma3_7,mfcc3_sma3_8,mfcc4_sma3_1,mfcc4_sma3_2,mfcc4_sma3_3,mfcc4_sma3_4,mfcc4_sma3_5,mfcc4_sma3_6,mfcc4_sma3_7,mfcc4_sma3_8,F0semitoneFrom27.5Hz_sma3nz_1,F0semitoneFrom27.5Hz_sma3nz_2,F0semitoneFrom27.5Hz_sma3nz_3,F0semitoneFrom27.5Hz_sma3nz_4,F0semitoneFrom27.5Hz_sma3nz_5,F0semitoneFrom27.5Hz_sma3nz_6,F0semitoneFrom27.5Hz_sma3nz_7,F0semitoneFrom27.5Hz_sma3nz_8,jitterLocal_sma3nz_1,jitterLocal_sma3nz_2,jitterLocal_sma3nz_3,jitterLocal_sma3nz_4,jitterLocal_sma3nz_5,jitterLocal_sma3nz_6,jitterLocal_sma3nz_7,jitterLocal_sma3nz_8
21.765427146341462,20.303368414634143,12.613776632682926,9.468142792926828,26.86759431707317,23.59254112195122,19.0450589,21.456055673913045,29.669203609756103,11.567901517073173,18.5084545502439,14.499680753658534,12.32806961219512,1.7032562714634147,21.325287390243904,29.25680176086956,19.64285151219512,8.282444635609757,12.968499686585366,9.084420476756096,7.5436044331707315,4.697542954878049,16.817064612195125,15.346468065217392,14.865720048780489,12.863763380487804,7.2882134749512195,13.545492230975608,3.556457856585366,0.3382132453658535,13.423353000975611,14.433695563043475,1.3221618902439023,5.902248780487805,0.0,4.668389097560976,3.908685048780488,0.0,1.5740856341463414,2.6138188260869564,0.000995134707317,0.0016778057634146,0.0,0.0,0.0015608333512195,0.0,0.000252061707317,0.0029389182608695
