mfcc1_sma3_1,mfcc1_sma3_2,mfcc1_sma3_3,mfcc1_sma3_4,mfcc1_sma3_5,mfcc1_sma3_6,mfcc1_sma3_7,mfcc1_sma3_8,mfcc2_sma3_1,mfcc2_sma3_2,mfcc2_sma3_3,mfcc2_sma3_4,mfcc2_sma3_5,mfcc2_sma3_6,mfcc2_sma3_7,mfcc2_sma3_8,mfcc3_sma3_1,mfcc3_sma3_2,mfcc3_sma3_3,mfcc3_sma3_4,mfcc3_sma3_5,mfcc3_sma3_6,mfcc3_sma3_7,mfcc3_sma3_8,mfcc4_sma3_1,mfcc4_sma3_2,mfcc4_sma3_3,mfcc4_sma3_4,mfcc4_sma3_5,mfcc4_sma3_6,mfcc4_sma3_7,mfcc4_sma3_8,F0semitoneFrom27.5Hz_sma3nz_1,F0semitoneFrom27.5Hz_sma3nz_2,F0semitoneFrom27.5Hz_sma3nz_3,F0semitoneFrom27.5Hz_sma3nz_4,F0semitoneFrom27.5Hz_sma3nz_5,F0semitoneFrom27.5Hz_sma3nz_6,F0semitoneFrom27.5Hz_sma3nz_7,F0semitoneFrom27.5Hz_sma3nz_8,jitterLocal_sma3nz_1,jitterLocal_sma3nz_2,jitterLocal_sma3nz_3,jitterLocal_sma3nz_4,jitterLocal_sma3nz_5,jitterLocal_sma3nz_6,jitterLocal_sma3nz_7,jitterLocal_sma3nz_8
21.334673904761907,17.113749742857145,15.568283685714286,28.34704490476191,21.648471985714288,20.631620619047617,17.36617773809524,24.51873452,28.79877604761905,27.54532123809524,21.020351285714284,14.393786590476193,9.0657381,6.868688024000001,17.742693799999998,23.511386440000003,16.057363404761904,15.563265114285716,9.436420242857142,-4.621197947619048,-1.396790758095238,-4.295542083333333,12.829049561904762,10.560181488,13.676445404761903,15.972425380952378,5.139455514285716,-2.2634836657142863,-1.5566080142857146,4.994222316071429,19.317382285714288,11.742828552,0.0,0.0,13.212147857142854,20.435342904761903,13.258624761904764,4.087842190476191,0.0,1.65367102,0.0,0.0,0.0067036927619047,0.0082568701380952,0.0027227000147619,0.0003986479142857,0.0,0.0039616272
