mfcc1_sma3_1,mfcc1_sma3_2,mfcc1_sma3_3,mfcc1_sma3_4,mfcc1_sma3_5,mfcc1_sma3_6,mfcc1_sma3_7,mfcc1_sma3_8,mfcc2_sma3_1,mfcc2_sma3_2,mfcc2_sma3_3,mfcc2_sma3_4,mfcc2_sma3_5,mfcc2_sma3_6,mfcc2_sma3_7,mfcc2_sma3_8,mfcc3_sma3_1,mfcc3_sma3_2,mfcc3_sma3_3,mfcc3_sma3_4,mfcc3_sma3_5,mfcc3_sma3_6,mfcc3_sma3_7,mfcc3_sma3_8,mfcc4_sma3_1,mfcc4_sma3_2,mfcc4_sma3_3,mfcc4_sma3_4,mfcc4_sma3_5,mfcc4_sma3_6,mfcc4_sma3_7,mfcc4_sma3_8,F0semitoneFrom27.5Hz_sma3nz_1,F0semitoneFrom27.5Hz_sma3nz_2,F0semitoneFrom27.5Hz_sma3nz_3,F0semitoneFrom27.5Hz_sma3nz_4,F0semitoneFrom27.5Hz_sma3nz_5,F0semitoneFrom27.5Hz_sma3nz_6,F0semitoneFrom27.5Hz_sma3nz_7,F0semitoneFrom27.5Hz_sma3nz_8,jitterLocal_sma3nz_1,jitterLocal_sma3nz_2,jitterLocal_sma3nz_3,jitterLocal_sma3nz_4,jitterLocal_sma3nz_5,jitterLocal_sma3nz_6,jitterLocal_sma3nz_7,jitterLocal_sma3nz_8
23.543921885714283,6.569396260685715,10.740211314285714,10.267868985714284,-7.92520494857143,27.983740542857145,18.602377585714287,23.294275216216217,27.971843457142864,21.0896974,14.128140332571428,20.851847168571428,21.591845242857143,11.932928954571429,25.710068714285715,28.493927000000003,16.203006142857145,6.412258945714286,2.777107796,13.21407420514286,-0.80522985,10.95273436,19.667688,15.659923418918918,10.837394614285715,11.673787734285716,6.778628016,19.31579522857143,14.01836728,-3.4803855285714294,15.84618997142857,13.898580770270277,2.6482829142857143,0.0,17.222691571428573,11.748277285714286,4.043100142857142,11.004452942857142,1.960178457142857,0.0,0.0003402342571428,0.0,0.0096490994857142,0.0048614687771428,0.0007541003142857,0.0032634402971428,0.0007110064857142,0.0
