mfcc1_sma3_1,mfcc1_sma3_2,mfcc1_sma3_3,mfcc1_sma3_4,mfcc1_sma3_5,mfcc1_sma3_6,mfcc1_sma3_7,mfcc1_sma3_8,mfcc2_sma3_1,mfcc2_sma3_2,mfcc2_sma3_3,mfcc2_sma3_4,mfcc2_sma3_5,mfcc2_sma3_6,mfcc2_sma3_7,mfcc2_sma3_8,mfcc3_sma3_1,mfcc3_sma3_2,mfcc3_sma3_3,mfcc3_sma3_4,mfcc3_sma3_5,mfcc3_sma3_6,mfcc3_sma3_7,mfcc3_sma3_8,mfcc4_sma3_1,mfcc4_sma3_2,mfcc4_sma3_3,mfcc4_sma3_4,mfcc4_sma3_5,mfcc4_sma3_6,mfcc4_sma3_7,mfcc4_sma3_8,F0semitoneFrom27.5Hz_sma3nz_1,F0semitoneFrom27.5Hz_sma3nz_2,F0semitoneFrom27.5Hz_sma3nz_3,F0semitoneFrom27.5Hz_sma3nz_4,F0semitoneFrom27.5Hz_sma3nz_5,F0semitoneFrom27.5Hz_sma3nz_6,F0semitoneFrom27.5Hz_sma3nz_7,F0semitoneFrom27.5Hz_sma3nz_8,jitterLocal_sma3nz_1,jitterLocal_sma3nz_2,jitterLocal_sma3nz_3,jitterLocal_sma3nz_4,jitterLocal_sma3nz_5,jitterLocal_sma3nz_6,jitterLocal_sma3nz_7,jitterLocal_sma3nz_8
16.71727481086956,22.79560695652174,13.82619558913043,28.03650947608696,25.971333717391307,20.81472740217391,25.602044954347825,16.749582765957445,25.58495719565216,19.300643548913047,22.99626293478261,16.27988739130435,13.995471194565216,20.23546227282609,28.18731176304348,25.13143687234043,17.74669910869565,19.10958719565217,28.77913553913043,3.706730526086956,3.137042825869565,16.750745680434783,5.478242935869565,13.392450617021275,11.228675817391302,19.74324747826087,20.590584667391305,-0.9721879237391304,-5.936866764347826,8.439816076478262,-21.939016669565216,13.991174963829788,0.0,15.277879717391302,16.21405686956522,21.959270782608694,5.824493152173912,9.166283586956522,4.414976369565217,1.0845376382978724,0.0,0.0080655241,0.0111970385608695,0.0098790923543478,0.0050865965565217,0.0178235111456521,0.0023599999999999,0.0
