mfcc1_sma3_1,mfcc1_sma3_2,mfcc1_sma3_3,mfcc1_sma3_4,mfcc1_sma3_5,mfcc1_sma3_6,mfcc1_sma3_7,mfcc1_sma3_8,mfcc2_sma3_1,mfcc2_sma3_2,mfcc2_sma3_3,mfcc2_sma3_4,mfcc2_sma3_5,mfcc2_sma3_6,mfcc2_sma3_7,mfcc2_sma3_8,mfcc3_sma3_1,mfcc3_sma3_2,mfcc3_sma3_3,mfcc3_sma3_4,mfcc3_sma3_5,mfcc3_sma3_6,mfcc3_sma3_7,mfcc3_sma3_8,mfcc4_sma3_1,mfcc4_sma3_2,mfcc4_sma3_3,mfcc4_sma3_4,mfcc4_sma3_5,mfcc4_sma3_6,mfcc4_sma3_7,mfcc4_sma3_8,F0semitoneFrom27.5Hz_sma3nz_1,F0semitoneFrom27.5Hz_sma3nz_2,F0semitoneFrom27.5Hz_sma3nz_3,F0semitoneFrom27.5Hz_sma3nz_4,F0semitoneFrom27.5Hz_sma3nz_5,F0semitoneFrom27.5Hz_sma3nz_6,F0semitoneFrom27.5Hz_sma3nz_7,F0semitoneFrom27.5Hz_sma3nz_8,jitterLocal_sma3nz_1,jitterLocal_sma3nz_2,jitterLocal_sma3nz_3,jitterLocal_sma3nz_4,jitterLocal_sma3nz_5,jitterLocal_sma3nz_6,jitterLocal_sma3nz_7,jitterLocal_sma3nz_8
22.84199003571429,21.02629352142857,32.34726925,27.594229821428574,31.363387,19.306740821428573,22.783742892857138,23.411389636363637,29.781332142857146,21.77443978571429,10.051122031428571,12.682819972857144,2.298799324357143,12.480703873928572,25.693333678571435,25.046408272727277,13.948560982142856,11.311823205857143,5.989967407499999,2.827741071428572,-17.803321405,10.465203708321429,15.103278303571429,10.628251966666667,12.48899459642857,9.0234524625,-3.387500957142857,-0.7517898482142853,-2.0394954094999997,24.67420525,18.622957464285715,14.658866333333332,0.0,9.777454964285711,23.77456010714286,23.531339642857144,35.11281478571429,0.5914145714285715,0.0,1.2504913333333334,0.0,0.0055537773392857,0.0138794934714285,0.0108046716428571,0.0063630664428571,0.0006219186428571,0.0,0.0
