mfcc1_sma3_1,mfcc1_sma3_2,mfcc1_sma3_3,mfcc1_sma3_4,mfcc1_sma3_5,mfcc1_sma3_6,mfcc1_sma3_7,mfcc1_sma3_8,mfcc2_sma3_1,mfcc2_sma3_2,mfcc2_sma3_3,mfcc2_sma3_4,mfcc2_sma3_5,mfcc2_sma3_6,mfcc2_sma3_7,mfcc2_sma3_8,mfcc3_sma3_1,mfcc3_sma3_2,mfcc3_sma3_3,mfcc3_sma3_4,mfcc3_sma3_5,mfcc3_sma3_6,mfcc3_sma3_7,mfcc3_sma3_8,mfcc4_sma3_1,mfcc4_sma3_2,mfcc4_sma3_3,mfcc4_sma3_4,mfcc4_sma3_5,mfcc4_sma3_6,mfcc4_sma3_7,mfcc4_sma3_8,F0semitoneFrom27.5Hz_sma3nz_1,F0semitoneFrom27.5Hz_sma3nz_2,F0semitoneFrom27.5Hz_sma3nz_3,F0semitoneFrom27.5Hz_sma3nz_4,F0semitoneFrom27.5Hz_sma3nz_5,F0semitoneFrom27.5Hz_sma3nz_6,F0semitoneFrom27.5Hz_sma3nz_7,F0semitoneFrom27.5Hz_sma3nz_8,jitterLocal_sma3nz_1,jitterLocal_sma3nz_2,jitterLocal_sma3nz_3,jitterLocal_sma3nz_4,jitterLocal_sma3nz_5,jitterLocal_sma3nz_6,jitterLocal_sma3nz_7,jitterLocal_sma3nz_8
20.430828481481484,22.971694222222222,22.66678240740741,25.92012851851852,22.43153151851852,17.57782628148148,23.69585437037037,23.596816852941178,27.129913448148145,29.83814522222222,29.460277444444447,10.342831624444443,1.0814908444444449,-3.101716351851852,-3.9531198259259264,25.156014560588236,12.196462341851852,15.254896240740742,13.435230240740744,8.83358058740741,12.709901494074074,21.8988309037037,9.374117318518518,13.425029144117648,10.84356176444444,14.224424296296297,12.24062507777778,0.4342783588888889,6.684049239259259,-3.170967417777778,7.33954392037037,10.639261680882353,1.3787804444444445,0.0,0.0,14.817006925925924,17.01964251851852,23.12330603703704,22.01361088888889,0.0,0.0,0.0,0.0,0.0036369082851851,0.0441825729629629,0.009828026674074,0.0115570674037037,0.0
