mfcc1_sma3_1,mfcc1_sma3_2,mfcc1_sma3_3,mfcc1_sma3_4,mfcc1_sma3_5,mfcc1_sma3_6,mfcc1_sma3_7,mfcc1_sma3_8,mfcc2_sma3_1,mfcc2_sma3_2,mfcc2_sma3_3,mfcc2_sma3_4,mfcc2_sma3_5,mfcc2_sma3_6,mfcc2_sma3_7,mfcc2_sma3_8,mfcc3_sma3_1,mfcc3_sma3_2,mfcc3_sma3_3,mfcc3_sma3_4,mfcc3_sma3_5,mfcc3_sma3_6,mfcc3_sma3_7,mfcc3_sma3_8,mfcc4_sma3_1,mfcc4_sma3_2,mfcc4_sma3_3,mfcc4_sma3_4,mfcc4_sma3_5,mfcc4_sma3_6,mfcc4_sma3_7,mfcc4_sma3_8,F0semitoneFrom27.5Hz_sma3nz_1,F0semitoneFrom27.5Hz_sma3nz_2,F0semitoneFrom27.5Hz_sma3nz_3,F0semitoneFrom27.5Hz_sma3nz_4,F0semitoneFrom27.5Hz_sma3nz_5,F0semitoneFrom27.5Hz_sma3nz_6,F0semitoneFrom27.5Hz_sma3nz_7,F0semitoneFrom27.5Hz_sma3nz_8,jitterLocal_sma3nz_1,jitterLocal_sma3nz_2,jitterLocal_sma3nz_3,jitterLocal_sma3nz_4,jitterLocal_sma3nz_5,jitterLocal_sma3nz_6,jitterLocal_sma3nz_7,jitterLocal_sma3nz_8
21.90950815789474,19.066350886842105,21.42655239789473,29.16013526315789,25.414213026315785,29.09675971052632,17.916269048421054,23.164293697674417,30.74387931578947,17.276122939473684,7.497686171052629,4.849938882368422,16.410756428947373,24.14496596842105,24.667615052631582,30.18861193023256,13.553367868421052,33.130624684210524,4.0504705236842105,4.558181407894737,17.5684884135,0.219009110526316,16.53514557894737,14.315512616279069,13.725189113157892,-3.828164956052632,-3.62602637436842,-7.488520106578949,0.3450843052631578,-24.007683391578947,6.080583790789473,14.74780330232558,2.250711447368421,19.12863605263158,24.248364973684208,11.895889447368422,12.093409447368424,11.288502631578949,0.3284555263157895,2.426760860465116,0.0,0.0110963320289473,0.0110470045631578,0.0022671900078947,0.0066263353947368,0.0046408640263157,0.0,0.0011517162790697
