mfcc1_sma3_1,mfcc1_sma3_2,mfcc1_sma3_3,mfcc1_sma3_4,mfcc1_sma3_5,mfcc1_sma3_6,mfcc1_sma3_7,mfcc1_sma3_8,mfcc2_sma3_1,mfcc2_sma3_2,mfcc2_sma3_3,mfcc2_sma3_4,mfcc2_sma3_5,mfcc2_sma3_6,mfcc2_sma3_7,mfcc2_sma3_8,mfcc3_sma3_1,mfcc3_sma3_2,mfcc3_sma3_3,mfcc3_sma3_4,mfcc3_sma3_5,mfcc3_sma3_6,mfcc3_sma3_7,mfcc3_sma3_8,mfcc4_sma3_1,mfcc4_sma3_2,mfcc4_sma3_3,mfcc4_sma3_4,mfcc4_sma3_5,mfcc4_sma3_6,mfcc4_sma3_7,mfcc4_sma3_8,F0semitoneFrom27.5Hz_sma3nz_1,F0semitoneFrom27.5Hz_sma3nz_2,F0semitoneFrom27.5Hz_sma3nz_3,F0semitoneFrom27.5Hz_sma3nz_4,F0semitoneFrom27.5Hz_sma3nz_5,F0semitoneFrom27.5Hz_sma3nz_6,F0semitoneFrom27.5Hz_sma3nz_7,F0semitoneFrom27.5Hz_sma3nz_8,jitterLocal_sma3nz_1,jitterLocal_sma3nz_2,jitterLocal_sma3nz_3,jitterLocal_sma3nz_4,jitterLocal_sma3nz_5,jitterLocal_sma3nz_6,jitterLocal_sma3nz_7,jitterLocal_sma3nz_8
20.78208008333333,13.258397783333336,13.570480297222224,12.089722622222222,8.448233315555557,14.597960938888887,36.36616458333332,22.937945459459463,23.69086621388889,17.916340493055557,5.64758118175,25.25506694444444,22.757283808333337,24.69995540277777,17.961108399999997,29.037401000000003,15.067380819444445,14.39135579166667,0.2380936749999999,19.537572700833337,7.328478580222221,20.904682661666666,-7.103443045833333,12.931703105405408,9.074212488888886,7.156171227500001,6.524492154444444,-8.179110671666667,6.404678905555556,12.271425706111112,-14.26522625277778,13.107047135135137,7.998752555555555,12.72870013888889,11.120120611111112,22.699192111111117,9.931864222222224,6.561568805555555,16.683521694444444,0.0,0.0019245063888888,0.0019606094638888,0.0053689416277777,0.0081130369944444,0.0078416898333333,0.001089626,0.0096312378888888,0.0
