mfcc1_sma3_1,mfcc1_sma3_2,mfcc1_sma3_3,mfcc1_sma3_4,mfcc1_sma3_5,mfcc1_sma3_6,mfcc1_sma3_7,mfcc1_sma3_8,mfcc2_sma3_1,mfcc2_sma3_2,mfcc2_sma3_3,mfcc2_sma3_4,mfcc2_sma3_5,mfcc2_sma3_6,mfcc2_sma3_7,mfcc2_sma3_8,mfcc3_sma3_1,mfcc3_sma3_2,mfcc3_sma3_3,mfcc3_sma3_4,mfcc3_sma3_5,mfcc3_sma3_6,mfcc3_sma3_7,mfcc3_sma3_8,mfcc4_sma3_1,mfcc4_sma3_2,mfcc4_sma3_3,mfcc4_sma3_4,mfcc4_sma3_5,mfcc4_sma3_6,mfcc4_sma3_7,mfcc4_sma3_8,F0semitoneFrom27.5Hz_sma3nz_1,F0semitoneFrom27.5Hz_sma3nz_2,F0semitoneFrom27.5Hz_sma3nz_3,F0semitoneFrom27.5Hz_sma3nz_4,F0semitoneFrom27.5Hz_sma3nz_5,F0semitoneFrom27.5Hz_sma3nz_6,F0semitoneFrom27.5Hz_sma3nz_7,F0semitoneFrom27.5Hz_sma3nz_8,jitterLocal_sma3nz_1,jitterLocal_sma3nz_2,jitterLocal_sma3nz_3,jitterLocal_sma3nz_4,jitterLocal_sma3nz_5,jitterLocal_sma3nz_6,jitterLocal_sma3nz_7,jitterLocal_sma3nz_8
18.951330985185187,17.95728914074074,14.20122978777778,14.743788013333331,2.5156203481481487,14.261862637037035,5.132337324148149,23.18232588235294,28.522373370370367,8.602508694444444,7.552501192592593,-9.403635061481484,-12.33105893703704,-7.84391793925926,21.1556071,27.347126647058825,14.797339685185184,-1.3989435618518518,7.494323895555556,15.516608418518516,10.355791006666664,23.30472526296296,9.028986000000002,12.00628841764706,13.9341275,-22.03003761914815,2.306516651481482,-9.38932964814815,-3.253897386111112,-4.33565347037037,17.900804862962964,15.060262882352944,1.7693155555555553,21.604412074074077,14.490806925925927,11.803863555555552,21.61104340740741,0.0,0.0,0.0,0.0034144666666666,0.0062530579444444,0.0025862163407407,0.0014583277037037,0.0051605702407407,0.0,0.0,0.0
