mfcc1_sma3_1,mfcc1_sma3_2,mfcc1_sma3_3,mfcc1_sma3_4,mfcc1_sma3_5,mfcc1_sma3_6,mfcc1_sma3_7,mfcc1_sma3_8,mfcc2_sma3_1,mfcc2_sma3_2,mfcc2_sma3_3,mfcc2_sma3_4,mfcc2_sma3_5,mfcc2_sma3_6,mfcc2_sma3_7,mfcc2_sma3_8,mfcc3_sma3_1,mfcc3_sma3_2,mfcc3_sma3_3,mfcc3_sma3_4,mfcc3_sma3_5,mfcc3_sma3_6,mfcc3_sma3_7,mfcc3_sma3_8,mfcc4_sma3_1,mfcc4_sma3_2,mfcc4_sma3_3,mfcc4_sma3_4,mfcc4_sma3_5,mfcc4_sma3_6,mfcc4_sma3_7,mfcc4_sma3_8,F0semitoneFrom27.5Hz_sma3nz_1,F0semitoneFrom27.5Hz_sma3nz_2,F0semitoneFrom27.5Hz_sma3nz_3,F0semitoneFrom27.5Hz_sma3nz_4,F0semitoneFrom27.5Hz_sma3nz_5,F0semitoneFrom27.5Hz_sma3nz_6,F0semitoneFrom27.5Hz_sma3nz_7,F0semitoneFrom27.5Hz_sma3nz_8,jitterLocal_sma3nz_1,jitterLocal_sma3nz_2,jitterLocal_sma3nz_3,jitterLocal_sma3nz_4,jitterLocal_sma3nz_5,jitterLocal_sma3nz_6,jitterLocal_sma3nz_7,jitterLocal_sma3nz_8
22.05055317241379,6.298068867931035,24.78945775862069,25.465450431034483,31.12037686206897,20.154198913793103,-5.578007203448276,22.60993263888889,31.525216172413792,22.64788287586207,-7.785192744827587,7.587529918275862,9.253914571034482,10.90403987089655,25.425752482758615,23.47462133333333,15.439901913793102,1.5936201489655173,0.9505062193103444,8.502240496551721,14.211840662068967,12.87800881724138,6.767602272413794,14.590577638888892,15.555546051724138,-2.9093934741379304,-16.88743784137931,-7.5259312689655165,-8.888312973448278,8.118232669655173,22.060166103448275,18.89886530555556,0.0,11.574042862068966,27.62176358620689,18.840527965517243,32.3405804137931,21.31843575862069,0.0,1.7608545833333331,0.0,0.0108975707931034,0.0395174037793103,0.0087508080862068,0.0127582916241379,0.0080504763137931,0.0,0.0016289040833333
