mfcc1_sma3_1,mfcc1_sma3_2,mfcc1_sma3_3,mfcc1_sma3_4,mfcc1_sma3_5,mfcc1_sma3_6,mfcc1_sma3_7,mfcc1_sma3_8,mfcc2_sma3_1,mfcc2_sma3_2,mfcc2_sma3_3,mfcc2_sma3_4,mfcc2_sma3_5,mfcc2_sma3_6,mfcc2_sma3_7,mfcc2_sma3_8,mfcc3_sma3_1,mfcc3_sma3_2,mfcc3_sma3_3,mfcc3_sma3_4,mfcc3_sma3_5,mfcc3_sma3_6,mfcc3_sma3_7,mfcc3_sma3_8,mfcc4_sma3_1,mfcc4_sma3_2,mfcc4_sma3_3,mfcc4_sma3_4,mfcc4_sma3_5,mfcc4_sma3_6,mfcc4_sma3_7,mfcc4_sma3_8,F0semitoneFrom27.5Hz_sma3nz_1,F0semitoneFrom27.5Hz_sma3nz_2,F0semitoneFrom27.5Hz_sma3nz_3,F0semitoneFrom27.5Hz_sma3nz_4,F0semitoneFrom27.5Hz_sma3nz_5,F0semitoneFrom27.5Hz_sma3nz_6,F0semitoneFrom27.5Hz_sma3nz_7,F0semitoneFrom27.5Hz_sma3nz_8,jitterLocal_sma3nz_1,jitterLocal_sma3nz_2,jitterLocal_sma3nz_3,jitterLocal_sma3nz_4,jitterLocal_sma3nz_5,jitterLocal_sma3nz_6,jitterLocal_sma3nz_7,jitterLocal_sma3nz_8
23.11129605,8.996913275,1.81196958,16.7301132,8.634595645000001,8.890100395000001,17.598499450000002,6.3088111088181815,31.7598567,6.9236206010000005,-3.8278121,16.982222835,-16.277606839999997,-13.637395195,14.691624910000002,15.444082527272728,15.891957599999998,26.86711165,0.3533827104999996,-8.145234714999999,-1.6038768164999992,4.733593972,3.781016382,-13.649764359090907,15.086835224999998,-3.524882305,-6.769934585,-43.5250276,-27.601267749999995,-17.59706689,-46.1156759,-35.90445895454545,2.45432835,14.223022450000002,14.2157224,38.56160515,40.38052365,28.294590650000004,34.84032510000001,22.98873563636364,0.003361054,0.006305566075,0.0309577664,0.00864474835,0.0081324691499999,0.015150613065,0.0191353974149999,0.004471000490909
