mfcc1_sma3_1,mfcc1_sma3_2,mfcc1_sma3_3,mfcc1_sma3_4,mfcc1_sma3_5,mfcc1_sma3_6,mfcc1_sma3_7,mfcc1_sma3_8,mfcc2_sma3_1,mfcc2_sma3_2,mfcc2_sma3_3,mfcc2_sma3_4,mfcc2_sma3_5,mfcc2_sma3_6,mfcc2_sma3_7,mfcc2_sma3_8,mfcc3_sma3_1,mfcc3_sma3_2,mfcc3_sma3_3,mfcc3_sma3_4,mfcc3_sma3_5,mfcc3_sma3_6,mfcc3_sma3_7,mfcc3_sma3_8,mfcc4_sma3_1,mfcc4_sma3_2,mfcc4_sma3_3,mfcc4_sma3_4,mfcc4_sma3_5,mfcc4_sma3_6,mfcc4_sma3_7,mfcc4_sma3_8,F0semitoneFrom27.5Hz_sma3nz_1,F0semitoneFrom27.5Hz_sma3nz_2,F0semitoneFrom27.5Hz_sma3nz_3,F0semitoneFrom27.5Hz_sma3nz_4,F0semitoneFrom27.5Hz_sma3nz_5,F0semitoneFrom27.5Hz_sma3nz_6,F0semitoneFrom27.5Hz_sma3nz_7,F0semitoneFrom27.5Hz_sma3nz_8,jitterLocal_sma3nz_1,jitterLocal_sma3nz_2,jitterLocal_sma3nz_3,jitterLocal_sma3nz_4,jitterLocal_sma3nz_5,jitterLocal_sma3nz_6,jitterLocal_sma3nz_7,jitterLocal_sma3nz_8
23.513969769230773,18.55468615384616,10.36939893576923,-9.997573238461538,9.599732848846154,13.21376098576923,24.80326069230769,24.392468407407407,32.09101311538461,3.902825042307693,-3.64927614,12.911341103846157,8.19219061153846,16.178101011538462,-3.270886429615385,8.033513322222221,16.723485153846152,13.98144458653846,28.499100884615384,12.853978296153844,19.21321013352308,26.96038435,3.669563842307692,5.924675739629629,16.58421615384615,8.584619038846153,-10.242455934615382,5.02696972576923,0.9777485300000002,12.520946608923076,-24.66740422307692,14.497759770370372,5.969039615384616,6.705955711538461,25.773058730769232,16.670071115384616,18.44823515384616,12.615413423076925,16.422125923076923,0.0,0.0072573096538461,0.0073872082307692,0.0136216901615384,0.0039632097192307,0.0074377344961538,0.0085422423846153,0.0087450061230769,0.0
