mfcc1_sma3_1,mfcc1_sma3_2,mfcc1_sma3_3,mfcc1_sma3_4,mfcc1_sma3_5,mfcc1_sma3_6,mfcc1_sma3_7,mfcc1_sma3_8,mfcc2_sma3_1,mfcc2_sma3_2,mfcc2_sma3_3,mfcc2_sma3_4,mfcc2_sma3_5,mfcc2_sma3_6,mfcc2_sma3_7,mfcc2_sma3_8,mfcc3_sma3_1,mfcc3_sma3_2,mfcc3_sma3_3,mfcc3_sma3_4,mfcc3_sma3_5,mfcc3_sma3_6,mfcc3_sma3_7,mfcc3_sma3_8,mfcc4_sma3_1,mfcc4_sma3_2,mfcc4_sma3_3,mfcc4_sma3_4,mfcc4_sma3_5,mfcc4_sma3_6,mfcc4_sma3_7,mfcc4_sma3_8,F0semitoneFrom27.5Hz_sma3nz_1,F0semitoneFrom27.5Hz_sma3nz_2,F0semitoneFrom27.5Hz_sma3nz_3,F0semitoneFrom27.5Hz_sma3nz_4,F0semitoneFrom27.5Hz_sma3nz_5,F0semitoneFrom27.5Hz_sma3nz_6,F0semitoneFrom27.5Hz_sma3nz_7,F0semitoneFrom27.5Hz_sma3nz_8,jitterLocal_sma3nz_1,jitterLocal_sma3nz_2,jitterLocal_sma3nz_3,jitterLocal_sma3nz_4,jitterLocal_sma3nz_5,jitterLocal_sma3nz_6,jitterLocal_sma3nz_7,jitterLocal_sma3nz_8
24.098432875000004,23.348642041666665,25.29400083333333,21.456902083333333,21.30429564583333,15.816485854166666,17.388366727083334,28.22175441935484,28.59791770833333,28.400207000000005,1.9635408983333336,9.026512066666667,10.1951494125,20.368688479166668,9.692541045,31.42308203225807,16.738828645833333,23.160681666666665,18.74916848166667,17.06279442083333,6.313093079166667,7.142070141666667,-4.779957664166667,6.217715179451612,15.003339208333331,13.722414029166666,7.2131809125,-12.737992015416664,-28.66111533333333,-21.655699193333334,-36.49787599166666,-14.555562090322578,0.0,6.333383979166666,10.274877833333331,24.890122833333333,25.07397579166667,20.956956666666667,28.53854570833333,14.296688758064516,0.0,0.005372915,0.0103132985416666,0.0167994480708333,0.0104444432666666,0.0080131510208333,0.0111790263666666,0.0053709277903225
