mfcc1_sma3_1,mfcc1_sma3_2,mfcc1_sma3_3,mfcc1_sma3_4,mfcc1_sma3_5,mfcc1_sma3_6,mfcc1_sma3_7,mfcc1_sma3_8,mfcc2_sma3_1,mfcc2_sma3_2,mfcc2_sma3_3,mfcc2_sma3_4,mfcc2_sma3_5,mfcc2_sma3_6,mfcc2_sma3_7,mfcc2_sma3_8,mfcc3_sma3_1,mfcc3_sma3_2,mfcc3_sma3_3,mfcc3_sma3_4,mfcc3_sma3_5,mfcc3_sma3_6,mfcc3_sma3_7,mfcc3_sma3_8,mfcc4_sma3_1,mfcc4_sma3_2,mfcc4_sma3_3,mfcc4_sma3_4,mfcc4_sma3_5,mfcc4_sma3_6,mfcc4_sma3_7,mfcc4_sma3_8,F0semitoneFrom27.5Hz_sma3nz_1,F0semitoneFrom27.5Hz_sma3nz_2,F0semitoneFrom27.5Hz_sma3nz_3,F0semitoneFrom27.5Hz_sma3nz_4,F0semitoneFrom27.5Hz_sma3nz_5,F0semitoneFrom27.5Hz_sma3nz_6,F0semitoneFrom27.5Hz_sma3nz_7,F0semitoneFrom27.5Hz_sma3nz_8,jitterLocal_sma3nz_1,jitterLocal_sma3nz_2,jitterLocal_sma3nz_3,jitterLocal_sma3nz_4,jitterLocal_sma3nz_5,jitterLocal_sma3nz_6,jitterLocal_sma3nz_7,jitterLocal_sma3nz_8
24.524068533333327,11.10449463,9.581646480666668,26.15295908333333,29.993134300000005,18.8505135,11.195463857333332,24.05372771875,29.150223633333333,1.8852029633333331,-4.128984563333333,-5.185524597333333,13.4801365861,1.465615352333333,30.61369586666666,26.64969484375,13.976813921666665,-13.550085160000004,-7.098724406666666,3.649166091,-7.286761143666666,8.904597126666667,10.705040123333331,14.94486875,12.6023995,-17.305760137266667,-18.2234704714,-5.642084706666665,-30.672758479999995,5.127655570866666,13.385951703333332,15.4461855,6.145094,35.1911441,24.73905843333333,23.780723233333337,18.386356866666667,0.0,0.0,1.990091546875,0.0009061218666666,0.0074895020866666,0.00400003187,0.0116521599199999,0.0264553143666666,0.0,0.0,0.0
