mfcc1_sma3_1,mfcc1_sma3_2,mfcc1_sma3_3,mfcc1_sma3_4,mfcc1_sma3_5,mfcc1_sma3_6,mfcc1_sma3_7,mfcc1_sma3_8,mfcc2_sma3_1,mfcc2_sma3_2,mfcc2_sma3_3,mfcc2_sma3_4,mfcc2_sma3_5,mfcc2_sma3_6,mfcc2_sma3_7,mfcc2_sma3_8,mfcc3_sma3_1,mfcc3_sma3_2,mfcc3_sma3_3,mfcc3_sma3_4,mfcc3_sma3_5,mfcc3_sma3_6,mfcc3_sma3_7,mfcc3_sma3_8,mfcc4_sma3_1,mfcc4_sma3_2,mfcc4_sma3_3,mfcc4_sma3_4,mfcc4_sma3_5,mfcc4_sma3_6,mfcc4_sma3_7,mfcc4_sma3_8,F0semitoneFrom27.5Hz_sma3nz_1,F0semitoneFrom27.5Hz_sma3nz_2,F0semitoneFrom27.5Hz_sma3nz_3,F0semitoneFrom27.5Hz_sma3nz_4,F0semitoneFrom27.5Hz_sma3nz_5,F0semitoneFrom27.5Hz_sma3nz_6,F0semitoneFrom27.5Hz_sma3nz_7,F0semitoneFrom27.5Hz_sma3nz_8,jitterLocal_sma3nz_1,jitterLocal_sma3nz_2,jitterLocal_sma3nz_3,jitterLocal_sma3nz_4,jitterLocal_sma3nz_5,jitterLocal_sma3nz_6,jitterLocal_sma3nz_7,jitterLocal_sma3nz_8
20.71988823333333,13.705184806666663,6.458980176666668,14.415023493333337,25.250055866666663,25.424644133333334,16.967521323333333,23.277978625,22.969169689333334,4.92558201,24.540292066666662,-6.315933624000001,5.245815726666667,-2.155563803,26.0387041,28.37048596875,17.290395566666668,18.521369122,17.85435801506667,7.313653393333334,23.57986272333333,4.688805562,19.06127235,14.552631065625,12.205477226666664,-4.349454643333334,16.954186673333332,15.30492755,-0.8839898590000004,11.332818429999998,10.985557883333335,14.085022175,2.6864380000000003,6.6639558333333335,4.635688633333333,0.0,3.944218733333333,0.0,0.0,0.0,0.0,0.0081629988,0.0035550036333333,0.0,0.0060601777666666,0.0,0.0,0.0
