mfcc1_sma3_1,mfcc1_sma3_2,mfcc1_sma3_3,mfcc1_sma3_4,mfcc1_sma3_5,mfcc1_sma3_6,mfcc1_sma3_7,mfcc1_sma3_8,mfcc2_sma3_1,mfcc2_sma3_2,mfcc2_sma3_3,mfcc2_sma3_4,mfcc2_sma3_5,mfcc2_sma3_6,mfcc2_sma3_7,mfcc2_sma3_8,mfcc3_sma3_1,mfcc3_sma3_2,mfcc3_sma3_3,mfcc3_sma3_4,mfcc3_sma3_5,mfcc3_sma3_6,mfcc3_sma3_7,mfcc3_sma3_8,mfcc4_sma3_1,mfcc4_sma3_2,mfcc4_sma3_3,mfcc4_sma3_4,mfcc4_sma3_5,mfcc4_sma3_6,mfcc4_sma3_7,mfcc4_sma3_8,F0semitoneFrom27.5Hz_sma3nz_1,F0semitoneFrom27.5Hz_sma3nz_2,F0semitoneFrom27.5Hz_sma3nz_3,F0semitoneFrom27.5Hz_sma3nz_4,F0semitoneFrom27.5Hz_sma3nz_5,F0semitoneFrom27.5Hz_sma3nz_6,F0semitoneFrom27.5Hz_sma3nz_7,F0semitoneFrom27.5Hz_sma3nz_8,jitterLocal_sma3nz_1,jitterLocal_sma3nz_2,jitterLocal_sma3nz_3,jitterLocal_sma3nz_4,jitterLocal_sma3nz_5,jitterLocal_sma3nz_6,jitterLocal_sma3nz_7,jitterLocal_sma3nz_8
23.680684730769237,21.6153585,24.46981092307692,9.22434371923077,13.422740903846154,9.930876611538462,24.396093961538455,24.755214444444444,28.09166403846154,2.5930255861538467,-10.41597741192308,-15.255642446615385,-18.861945686153845,6.93273336923077,29.40281988461538,28.71047625925926,13.862514403846152,-6.633911069230768,4.990348732307693,8.893999529230769,8.157407953846155,10.891064523076922,16.33344921153846,13.784665685185182,14.272749519230768,-6.142230003846153,-1.680641056153846,-9.830438857692307,-6.4348636038461535,5.573307962307693,13.6551945,12.968877203703704,2.983258307692308,24.559443153846157,28.154658,26.97249565384615,14.037407653846154,0.0,0.0,0.0,0.0011522231923076,0.0133433726730769,0.0058350067307692,0.00406855335,0.0037667868692307,0.0,0.0,0.0
