mfcc1_sma3_1,mfcc1_sma3_2,mfcc1_sma3_3,mfcc1_sma3_4,mfcc1_sma3_5,mfcc1_sma3_6,mfcc1_sma3_7,mfcc1_sma3_8,mfcc2_sma3_1,mfcc2_sma3_2,mfcc2_sma3_3,mfcc2_sma3_4,mfcc2_sma3_5,mfcc2_sma3_6,mfcc2_sma3_7,mfcc2_sma3_8,mfcc3_sma3_1,mfcc3_sma3_2,mfcc3_sma3_3,mfcc3_sma3_4,mfcc3_sma3_5,mfcc3_sma3_6,mfcc3_sma3_7,mfcc3_sma3_8,mfcc4_sma3_1,mfcc4_sma3_2,mfcc4_sma3_3,mfcc4_sma3_4,mfcc4_sma3_5,mfcc4_sma3_6,mfcc4_sma3_7,mfcc4_sma3_8,F0semitoneFrom27.5Hz_sma3nz_1,F0semitoneFrom27.5Hz_sma3nz_2,F0semitoneFrom27.5Hz_sma3nz_3,F0semitoneFrom27.5Hz_sma3nz_4,F0semitoneFrom27.5Hz_sma3nz_5,F0semitoneFrom27.5Hz_sma3nz_6,F0semitoneFrom27.5Hz_sma3nz_7,F0semitoneFrom27.5Hz_sma3nz_8,jitterLocal_sma3nz_1,jitterLocal_sma3nz_2,jitterLocal_sma3nz_3,jitterLocal_sma3nz_4,jitterLocal_sma3nz_5,jitterLocal_sma3nz_6,jitterLocal_sma3nz_7,jitterLocal_sma3nz_8
20.36180637942857,-2.232893151428572,5.418230225714285,-1.7619204305714289,4.793204237142857,-5.421967195714285,13.680412602857142,24.47398375609756,28.36837351428572,13.88075519142857,9.597847902857144,24.336825942857143,21.60266755714285,10.113240365714285,0.6867980002857141,28.08319424390244,16.54603717142857,-1.9730720394285717,-11.951357282857142,3.4546360554285718,15.09403093005714,-9.308032531428571,15.869523242857143,15.153910780487804,12.449519942857142,8.212008960857142,-0.2121265814285712,15.970640785714282,10.074069659428572,-0.8784794771428567,-1.2408405885714286,11.919256146341464,1.0786353714285717,6.699995142857143,13.222366714285714,0.0,18.581622257142858,11.812531428571427,0.0,2.677449012195121,0.0003644325428571,0.0,0.002655679978,0.0,0.0119261340057142,0.0041421189742857,0.0,0.0
