mfcc1_sma3_1,mfcc1_sma3_2,mfcc1_sma3_3,mfcc1_sma3_4,mfcc1_sma3_5,mfcc1_sma3_6,mfcc1_sma3_7,mfcc1_sma3_8,mfcc2_sma3_1,mfcc2_sma3_2,mfcc2_sma3_3,mfcc2_sma3_4,mfcc2_sma3_5,mfcc2_sma3_6,mfcc2_sma3_7,mfcc2_sma3_8,mfcc3_sma3_1,mfcc3_sma3_2,mfcc3_sma3_3,mfcc3_sma3_4,mfcc3_sma3_5,mfcc3_sma3_6,mfcc3_sma3_7,mfcc3_sma3_8,mfcc4_sma3_1,mfcc4_sma3_2,mfcc4_sma3_3,mfcc4_sma3_4,mfcc4_sma3_5,mfcc4_sma3_6,mfcc4_sma3_7,mfcc4_sma3_8,F0semitoneFrom27.5Hz_sma3nz_1,F0semitoneFrom27.5Hz_sma3nz_2,F0semitoneFrom27.5Hz_sma3nz_3,F0semitoneFrom27.5Hz_sma3nz_4,F0semitoneFrom27.5Hz_sma3nz_5,F0semitoneFrom27.5Hz_sma3nz_6,F0semitoneFrom27.5Hz_sma3nz_7,F0semitoneFrom27.5Hz_sma3nz_8,jitterLocal_sma3nz_1,jitterLocal_sma3nz_2,jitterLocal_sma3nz_3,jitterLocal_sma3nz_4,jitterLocal_sma3nz_5,jitterLocal_sma3nz_6,jitterLocal_sma3nz_7,jitterLocal_sma3nz_8
20.946485513513515,26.24412149189189,24.366224783783785,15.513081324324324,29.916289721621624,-1.7075065305135133,27.02423765675676,24.48346137837838,28.348457621621627,6.063926564864866,18.546542291891893,27.569691148648648,26.83681883783784,23.564298864864863,35.069287864864854,26.471569945945944,18.60156912162162,-2.463208221621623,26.70473766513513,22.777074802972983,3.7999154556756753,13.940311686486488,6.79978872972973,15.983417094594596,18.804477175675675,0.5230958081081084,0.5263446205405407,7.269516978378375,-22.76916872729729,14.230587064864864,-17.81647313648649,14.527112924324324,0.0,11.06845918918919,13.828356648648649,1.978560297297297,9.530108189189187,0.0,2.8204311081081084,0.0,0.0,0.0039003883594594,0.0078641426378378,5.913452702702703e-05,0.0031652980459459,0.0,0.0024153329729729,0.0
