mfcc1_sma3_1,mfcc1_sma3_2,mfcc1_sma3_3,mfcc1_sma3_4,mfcc1_sma3_5,mfcc1_sma3_6,mfcc1_sma3_7,mfcc1_sma3_8,mfcc2_sma3_1,mfcc2_sma3_2,mfcc2_sma3_3,mfcc2_sma3_4,mfcc2_sma3_5,mfcc2_sma3_6,mfcc2_sma3_7,mfcc2_sma3_8,mfcc3_sma3_1,mfcc3_sma3_2,mfcc3_sma3_3,mfcc3_sma3_4,mfcc3_sma3_5,mfcc3_sma3_6,mfcc3_sma3_7,mfcc3_sma3_8,mfcc4_sma3_1,mfcc4_sma3_2,mfcc4_sma3_3,mfcc4_sma3_4,mfcc4_sma3_5,mfcc4_sma3_6,mfcc4_sma3_7,mfcc4_sma3_8,F0semitoneFrom27.5Hz_sma3nz_1,F0semitoneFrom27.5Hz_sma3nz_2,F0semitoneFrom27.5Hz_sma3nz_3,F0semitoneFrom27.5Hz_sma3nz_4,F0semitoneFrom27.5Hz_sma3nz_5,F0semitoneFrom27.5Hz_sma3nz_6,F0semitoneFrom27.5Hz_sma3nz_7,F0semitoneFrom27.5Hz_sma3nz_8,jitterLocal_sma3nz_1,jitterLocal_sma3nz_2,jitterLocal_sma3nz_3,jitterLocal_sma3nz_4,jitterLocal_sma3nz_5,jitterLocal_sma3nz_6,jitterLocal_sma3nz_7,jitterLocal_sma3nz_8
20.39473228275862,9.076066127586206,22.38256179310345,28.34565006896552,25.07311553310345,7.784105713448277,23.345724379310344,23.50809730555555,29.85877055172413,16.850873431034483,18.57449635862069,14.380332324137932,26.62355265517241,25.36612694827586,24.49189703448276,28.33936536111111,17.455355172413793,27.44788772413793,14.570815682758615,-0.0704402303448276,-1.7444615717241376,2.2213704220689663,1.2782553910344827,14.146657377777776,18.317925724137933,18.58983546551724,17.001470068965517,18.80855250344828,-4.881970631034482,-3.71647477,0.6565661217241379,14.52488974166667,1.8649654827586208,0.0,2.7815837241379318,13.023932551724137,4.985321862068965,0.0,0.0,1.4430806527777778,0.0,0.0,0.0001396356551724,0.0045108444896551,0.0013188585172413,0.0,0.0,0.0
