mfcc1_sma3_1,mfcc1_sma3_2,mfcc1_sma3_3,mfcc1_sma3_4,mfcc1_sma3_5,mfcc1_sma3_6,mfcc1_sma3_7,mfcc1_sma3_8,mfcc2_sma3_1,mfcc2_sma3_2,mfcc2_sma3_3,mfcc2_sma3_4,mfcc2_sma3_5,mfcc2_sma3_6,mfcc2_sma3_7,mfcc2_sma3_8,mfcc3_sma3_1,mfcc3_sma3_2,mfcc3_sma3_3,mfcc3_sma3_4,mfcc3_sma3_5,mfcc3_sma3_6,mfcc3_sma3_7,mfcc3_sma3_8,mfcc4_sma3_1,mfcc4_sma3_2,mfcc4_sma3_3,mfcc4_sma3_4,mfcc4_sma3_5,mfcc4_sma3_6,mfcc4_sma3_7,mfcc4_sma3_8,F0semitoneFrom27.5Hz_sma3nz_1,F0semitoneFrom27.5Hz_sma3nz_2,F0semitoneFrom27.5Hz_sma3nz_3,F0semitoneFrom27.5Hz_sma3nz_4,F0semitoneFrom27.5Hz_sma3nz_5,F0semitoneFrom27.5Hz_sma3nz_6,F0semitoneFrom27.5Hz_sma3nz_7,F0semitoneFrom27.5Hz_sma3nz_8,jitterLocal_sma3nz_1,jitterLocal_sma3nz_2,jitterLocal_sma3nz_3,jitterLocal_sma3nz_4,jitterLocal_sma3nz_5,jitterLocal_sma3nz_6,jitterLocal_sma3nz_7,jitterLocal_sma3nz_8
25.842205272727277,9.182408306060609,19.57230072121212,25.665807242424243,24.211149575757577,17.865037351515152,28.38859839393939,23.012052457142858,30.547213878787883,16.17284212727273,11.174445384848486,11.945977784848486,7.326471703030303,24.0419248030303,19.325760272727276,23.67749971428572,15.780691000000004,18.81373101515152,1.0025911557575755,-1.8190032909090907,-4.487011163636363,3.2843933624242427,3.2559516772727277,15.03553107142857,12.03338628181818,22.661545303030305,11.255155574545457,5.640535916969697,0.1637154757575756,2.710337466666666,18.25324878787879,15.041338657142855,0.0,0.0,7.284560606060606,16.159118333333332,0.0,0.0,0.0,0.0,0.0,0.0,0.0009002298181818,0.0098042425424242,0.0,0.0,0.0,0.0
