mfcc1_sma3_1,mfcc1_sma3_2,mfcc1_sma3_3,mfcc1_sma3_4,mfcc1_sma3_5,mfcc1_sma3_6,mfcc1_sma3_7,mfcc1_sma3_8,mfcc2_sma3_1,mfcc2_sma3_2,mfcc2_sma3_3,mfcc2_sma3_4,mfcc2_sma3_5,mfcc2_sma3_6,mfcc2_sma3_7,mfcc2_sma3_8,mfcc3_sma3_1,mfcc3_sma3_2,mfcc3_sma3_3,mfcc3_sma3_4,mfcc3_sma3_5,mfcc3_sma3_6,mfcc3_sma3_7,mfcc3_sma3_8,mfcc4_sma3_1,mfcc4_sma3_2,mfcc4_sma3_3,mfcc4_sma3_4,mfcc4_sma3_5,mfcc4_sma3_6,mfcc4_sma3_7,mfcc4_sma3_8,F0semitoneFrom27.5Hz_sma3nz_1,F0semitoneFrom27.5Hz_sma3nz_2,F0semitoneFrom27.5Hz_sma3nz_3,F0semitoneFrom27.5Hz_sma3nz_4,F0semitoneFrom27.5Hz_sma3nz_5,F0semitoneFrom27.5Hz_sma3nz_6,F0semitoneFrom27.5Hz_sma3nz_7,F0semitoneFrom27.5Hz_sma3nz_8,jitterLocal_sma3nz_1,jitterLocal_sma3nz_2,jitterLocal_sma3nz_3,jitterLocal_sma3nz_4,jitterLocal_sma3nz_5,jitterLocal_sma3nz_6,jitterLocal_sma3nz_7,jitterLocal_sma3nz_8
17.20075196756757,7.57545542027027,4.6521167353243245,7.515154000270271,13.86383654054054,10.255953705675672,10.910314365405409,19.873034648648648,24.94356516216216,-5.745360826756757,-14.75358903145946,-10.230524957027026,9.086415897837838,-6.12341798972973,-7.129139808648648,9.305258069189188,14.611994270270266,-6.947552702702703,-23.622937554054054,-3.789214608378378,3.5926828254054057,-28.54414525675676,-18.251417846794595,-5.064051344054055,12.610031220270267,0.1978675702702701,-15.867383716756756,-27.50642813783784,-26.43353624324324,-41.635343197297296,-9.765709668378378,14.510661827027022,1.854736324324324,22.16646002702703,40.25232427027028,31.075590459459463,42.93650802702703,42.304014621621626,18.66537789189189,0.0,0.0040259948648648,0.0120408723432432,0.0077690113027027,0.0180205149945945,0.0035409034837837,0.0117091417162162,0.0246707639594594,0.0
