mfcc1_sma3_1,mfcc1_sma3_2,mfcc1_sma3_3,mfcc1_sma3_4,mfcc1_sma3_5,mfcc1_sma3_6,mfcc1_sma3_7,mfcc1_sma3_8,mfcc2_sma3_1,mfcc2_sma3_2,mfcc2_sma3_3,mfcc2_sma3_4,mfcc2_sma3_5,mfcc2_sma3_6,mfcc2_sma3_7,mfcc2_sma3_8,mfcc3_sma3_1,mfcc3_sma3_2,mfcc3_sma3_3,mfcc3_sma3_4,mfcc3_sma3_5,mfcc3_sma3_6,mfcc3_sma3_7,mfcc3_sma3_8,mfcc4_sma3_1,mfcc4_sma3_2,mfcc4_sma3_3,mfcc4_sma3_4,mfcc4_sma3_5,mfcc4_sma3_6,mfcc4_sma3_7,mfcc4_sma3_8,F0semitoneFrom27.5Hz_sma3nz_1,F0semitoneFrom27.5Hz_sma3nz_2,F0semitoneFrom27.5Hz_sma3nz_3,F0semitoneFrom27.5Hz_sma3nz_4,F0semitoneFrom27.5Hz_sma3nz_5,F0semitoneFrom27.5Hz_sma3nz_6,F0semitoneFrom27.5Hz_sma3nz_7,F0semitoneFrom27.5Hz_sma3nz_8,jitterLocal_sma3nz_1,jitterLocal_sma3nz_2,jitterLocal_sma3nz_3,jitterLocal_sma3nz_4,jitterLocal_sma3nz_5,jitterLocal_sma3nz_6,jitterLocal_sma3nz_7,jitterLocal_sma3nz_8
17.983449035185185,10.234224526296297,-4.506765085185186,13.484608492592592,13.341833345925924,24.24929522222222,18.7814187037037,7.911676099999999,27.05266233333333,8.40104642037037,13.532732059259262,-12.874831406296291,-4.991133048148147,3.269509587407408,10.30106550074074,27.834522296296296,16.493001592592595,-6.03896544074074,-1.7854311623703705,-3.262093929629629,-0.1869842074074073,-13.198316107407406,17.34361645925926,9.158101722222224,13.268839537037035,-6.861972576666666,2.395459012222222,-8.087556154814816,0.1515427885185186,-17.287552362962963,-2.795408755555556,19.7007997037037,0.0,18.113668888888885,12.721486444444444,34.495410666666665,21.682645370370373,37.27119307407408,10.946776962962964,0.0,0.0,0.001720144037037,0.004229658,0.0072209499925925,0.0022936341666666,0.0070176913444444,0.0026260162962962,0.0
