mfcc1_sma3_1,mfcc1_sma3_2,mfcc1_sma3_3,mfcc1_sma3_4,mfcc1_sma3_5,mfcc1_sma3_6,mfcc1_sma3_7,mfcc1_sma3_8,mfcc2_sma3_1,mfcc2_sma3_2,mfcc2_sma3_3,mfcc2_sma3_4,mfcc2_sma3_5,mfcc2_sma3_6,mfcc2_sma3_7,mfcc2_sma3_8,mfcc3_sma3_1,mfcc3_sma3_2,mfcc3_sma3_3,mfcc3_sma3_4,mfcc3_sma3_5,mfcc3_sma3_6,mfcc3_sma3_7,mfcc3_sma3_8,mfcc4_sma3_1,mfcc4_sma3_2,mfcc4_sma3_3,mfcc4_sma3_4,mfcc4_sma3_5,mfcc4_sma3_6,mfcc4_sma3_7,mfcc4_sma3_8,F0semitoneFrom27.5Hz_sma3nz_1,F0semitoneFrom27.5Hz_sma3nz_2,F0semitoneFrom27.5Hz_sma3nz_3,F0semitoneFrom27.5Hz_sma3nz_4,F0semitoneFrom27.5Hz_sma3nz_5,F0semitoneFrom27.5Hz_sma3nz_6,F0semitoneFrom27.5Hz_sma3nz_7,F0semitoneFrom27.5Hz_sma3nz_8,jitterLocal_sma3nz_1,jitterLocal_sma3nz_2,jitterLocal_sma3nz_3,jitterLocal_sma3nz_4,jitterLocal_sma3nz_5,jitterLocal_sma3nz_6,jitterLocal_sma3nz_7,jitterLocal_sma3nz_8
22.620957416666663,10.43069071333333,9.991129702666663,1.301144535,16.4936445,1.4476149413333337,15.89175043333333,23.2881005,28.6196496,14.29635756,-20.70059786313333,-8.604609023333332,-11.775002025,7.957163813333333,-7.120965493333334,21.2008603125,11.063466,16.751259631666663,-13.37180903,2.12253828,-26.54750213333333,-8.040897653333333,-31.91847663333333,1.2000097210625,13.034299466666663,-10.397769426666663,-6.1533792353333325,-10.381083276666669,-29.42864763333334,-2.7448293191333333,-39.23053366666667,-8.917390651249999,0.0,16.068090266666665,43.52262393333333,45.596176766666666,51.17188726666666,25.699554766666665,42.37259066666665,0.0,0.0,0.0117357399233333,0.0070069528033333,0.0224051954766666,0.0434539976766666,0.0070994647866666,0.0089424589266666,0.0
