mfcc1_sma3_1,mfcc1_sma3_2,mfcc1_sma3_3,mfcc1_sma3_4,mfcc1_sma3_5,mfcc1_sma3_6,mfcc1_sma3_7,mfcc1_sma3_8,mfcc2_sma3_1,mfcc2_sma3_2,mfcc2_sma3_3,mfcc2_sma3_4,mfcc2_sma3_5,mfcc2_sma3_6,mfcc2_sma3_7,mfcc2_sma3_8,mfcc3_sma3_1,mfcc3_sma3_2,mfcc3_sma3_3,mfcc3_sma3_4,mfcc3_sma3_5,mfcc3_sma3_6,mfcc3_sma3_7,mfcc3_sma3_8,mfcc4_sma3_1,mfcc4_sma3_2,mfcc4_sma3_3,mfcc4_sma3_4,mfcc4_sma3_5,mfcc4_sma3_6,mfcc4_sma3_7,mfcc4_sma3_8,F0semitoneFrom27.5Hz_sma3nz_1,F0semitoneFrom27.5Hz_sma3nz_2,F0semitoneFrom27.5Hz_sma3nz_3,F0semitoneFrom27.5Hz_sma3nz_4,F0semitoneFrom27.5Hz_sma3nz_5,F0semitoneFrom27.5Hz_sma3nz_6,F0semitoneFrom27.5Hz_sma3nz_7,F0semitoneFrom27.5Hz_sma3nz_8,jitterLocal_sma3nz_1,jitterLocal_sma3nz_2,jitterLocal_sma3nz_3,jitterLocal_sma3nz_4,jitterLocal_sma3nz_5,jitterLocal_sma3nz_6,jitterLocal_sma3nz_7,jitterLocal_sma3nz_8
16.47748778192308,8.814677937692307,7.934967464038461,18.42177796923077,14.467490576923078,24.811735269230773,23.21853684615385,23.00771376666666,25.301046038461543,1.0315829007692303,-7.5519652820769245,-6.012649621153846,9.9904567,4.238971015,19.945057957692303,23.375318666666665,9.708093703846156,7.149399262307693,6.195309901923077,-6.4262922386153845,8.49717019423077,10.943811653846153,15.57894523076923,14.129537113333331,13.587914269230769,-12.735298559230769,-8.886813248076923,-1.3736974023076922,8.934100207692309,-6.209940406923076,6.410226065384616,13.310316366666664,3.2373703846153843,30.88557165384616,25.198678961538462,25.419010884615385,15.31645303846154,9.108909576923075,0.0,0.0,0.0,0.0118775222307692,0.0057810248884615,0.0060348553576923,0.00166126,0.0034950388461538,0.0,0.0
