mfcc1_sma3_1,mfcc1_sma3_2,mfcc1_sma3_3,mfcc1_sma3_4,mfcc1_sma3_5,mfcc1_sma3_6,mfcc1_sma3_7,mfcc1_sma3_8,mfcc2_sma3_1,mfcc2_sma3_2,mfcc2_sma3_3,mfcc2_sma3_4,mfcc2_sma3_5,mfcc2_sma3_6,mfcc2_sma3_7,mfcc2_sma3_8,mfcc3_sma3_1,mfcc3_sma3_2,mfcc3_sma3_3,mfcc3_sma3_4,mfcc3_sma3_5,mfcc3_sma3_6,mfcc3_sma3_7,mfcc3_sma3_8,mfcc4_sma3_1,mfcc4_sma3_2,mfcc4_sma3_3,mfcc4_sma3_4,mfcc4_sma3_5,mfcc4_sma3_6,mfcc4_sma3_7,mfcc4_sma3_8,F0semitoneFrom27.5Hz_sma3nz_1,F0semitoneFrom27.5Hz_sma3nz_2,F0semitoneFrom27.5Hz_sma3nz_3,F0semitoneFrom27.5Hz_sma3nz_4,F0semitoneFrom27.5Hz_sma3nz_5,F0semitoneFrom27.5Hz_sma3nz_6,F0semitoneFrom27.5Hz_sma3nz_7,F0semitoneFrom27.5Hz_sma3nz_8,jitterLocal_sma3nz_1,jitterLocal_sma3nz_2,jitterLocal_sma3nz_3,jitterLocal_sma3nz_4,jitterLocal_sma3nz_5,jitterLocal_sma3nz_6,jitterLocal_sma3nz_7,jitterLocal_sma3nz_8
20.298717867857142,6.271613157142857,16.170463532142858,12.90195298214286,20.64803125,24.6530965,24.329295785714287,22.621582166666663,26.207330678571424,10.687880508571428,-9.219551441428573,-4.831077112857143,3.9175763285714287,26.757210321428577,28.209279392857148,26.292346533333333,17.31779644642857,-0.2873853078571431,0.6042875725,-12.936588842857144,2.628890777142857,11.918736464285711,13.226625607142855,11.7920254,11.773177132142855,-12.514117469642857,-6.612638775,-7.952914472857143,18.979331710714288,14.181713139285716,14.310776839285715,13.852437326666664,1.3671257142857145,18.434265107142856,36.04386889285714,25.61039896428571,2.941860214285714,0.0,0.0,0.0,0.0,0.0027996109392857,0.0068491240321428,0.00816993625,0.0007391768392857,0.0,0.0,0.0
