mfcc1_sma3_1,mfcc1_sma3_2,mfcc1_sma3_3,mfcc1_sma3_4,mfcc1_sma3_5,mfcc1_sma3_6,mfcc1_sma3_7,mfcc1_sma3_8,mfcc2_sma3_1,mfcc2_sma3_2,mfcc2_sma3_3,mfcc2_sma3_4,mfcc2_sma3_5,mfcc2_sma3_6,mfcc2_sma3_7,mfcc2_sma3_8,mfcc3_sma3_1,mfcc3_sma3_2,mfcc3_sma3_3,mfcc3_sma3_4,mfcc3_sma3_5,mfcc3_sma3_6,mfcc3_sma3_7,mfcc3_sma3_8,mfcc4_sma3_1,mfcc4_sma3_2,mfcc4_sma3_3,mfcc4_sma3_4,mfcc4_sma3_5,mfcc4_sma3_6,mfcc4_sma3_7,mfcc4_sma3_8,F0semitoneFrom27.5Hz_sma3nz_1,F0semitoneFrom27.5Hz_sma3nz_2,F0semitoneFrom27.5Hz_sma3nz_3,F0semitoneFrom27.5Hz_sma3nz_4,F0semitoneFrom27.5Hz_sma3nz_5,F0semitoneFrom27.5Hz_sma3nz_6,F0semitoneFrom27.5Hz_sma3nz_7,F0semitoneFrom27.5Hz_sma3nz_8,jitterLocal_sma3nz_1,jitterLocal_sma3nz_2,jitterLocal_sma3nz_3,jitterLocal_sma3nz_4,jitterLocal_sma3nz_5,jitterLocal_sma3nz_6,jitterLocal_sma3nz_7,jitterLocal_sma3nz_8
23.70957765217391,23.12271847826087,30.647131178260867,27.06176318521739,24.321404785217386,27.23362730434782,28.051685,24.73006196,25.12000278260869,26.12789169565217,22.59096084782609,15.753250159565216,16.207738939130437,-3.949820872608696,22.7310852173913,26.79811148,13.848849065217392,13.996159826086954,-0.108727400869565,3.2931726219565216,5.253267763913043,-14.01977135217391,15.764797434782608,14.422662340000002,14.02596943478261,8.900541632173914,-16.820269717391305,-1.7338571991304348,-3.488244462000001,7.479668687826088,7.030399759130436,12.797928956,0.0,0.0,18.596036434782608,16.757458826086957,18.960623739130437,22.960885869565217,15.759361347826086,3.5941635999999995,0.0,0.0,0.0057223804826086,0.0031872927130434,0.0076521934347826,0.0047066890826086,0.0050532414826086,0.0016767728
