mfcc1_sma3_1,mfcc1_sma3_2,mfcc1_sma3_3,mfcc1_sma3_4,mfcc1_sma3_5,mfcc1_sma3_6,mfcc1_sma3_7,mfcc1_sma3_8,mfcc2_sma3_1,mfcc2_sma3_2,mfcc2_sma3_3,mfcc2_sma3_4,mfcc2_sma3_5,mfcc2_sma3_6,mfcc2_sma3_7,mfcc2_sma3_8,mfcc3_sma3_1,mfcc3_sma3_2,mfcc3_sma3_3,mfcc3_sma3_4,mfcc3_sma3_5,mfcc3_sma3_6,mfcc3_sma3_7,mfcc3_sma3_8,mfcc4_sma3_1,mfcc4_sma3_2,mfcc4_sma3_3,mfcc4_sma3_4,mfcc4_sma3_5,mfcc4_sma3_6,mfcc4_sma3_7,mfcc4_sma3_8,F0semitoneFrom27.5Hz_sma3nz_1,F0semitoneFrom27.5Hz_sma3nz_2,F0semitoneFrom27.5Hz_sma3nz_3,F0semitoneFrom27.5Hz_sma3nz_4,F0semitoneFrom27.5Hz_sma3nz_5,F0semitoneFrom27.5Hz_sma3nz_6,F0semitoneFrom27.5Hz_sma3nz_7,F0semitoneFrom27.5Hz_sma3nz_8,jitterLocal_sma3nz_1,jitterLocal_sma3nz_2,jitterLocal_sma3nz_3,jitterLocal_sma3nz_4,jitterLocal_sma3nz_5,jitterLocal_sma3nz_6,jitterLocal_sma3nz_7,jitterLocal_sma3nz_8
21.03282916666667,22.02077948333333,22.37231354,18.316730536666668,35.04451110000001,29.333737966666668,26.54290803333333,22.63098325,21.12590778333334,-0.6976438966666667,17.351104308666667,9.329155376666668,10.51572572,-2.616826736,17.942433719833332,26.257441375,17.52267123333333,-6.110190904333333,13.421908348,3.062071056666668,-1.302178363,-8.631896686666668,13.709072956666663,15.052488453125,15.277479700000002,12.89152115533333,11.24787743,9.59636699,-3.407567245333333,-3.2613589920000003,7.064735676666667,13.562678890625,0.4276390666666667,15.980814033333331,12.055988133333331,0.0,17.637569266666667,22.6426882,0.0,2.54992325,0.0,0.0111266343666666,0.0071288643266666,0.0,0.0092248344333333,0.0250321298633333,0.0,0.0
