mfcc1_sma3_1,mfcc1_sma3_2,mfcc1_sma3_3,mfcc1_sma3_4,mfcc1_sma3_5,mfcc1_sma3_6,mfcc1_sma3_7,mfcc1_sma3_8,mfcc2_sma3_1,mfcc2_sma3_2,mfcc2_sma3_3,mfcc2_sma3_4,mfcc2_sma3_5,mfcc2_sma3_6,mfcc2_sma3_7,mfcc2_sma3_8,mfcc3_sma3_1,mfcc3_sma3_2,mfcc3_sma3_3,mfcc3_sma3_4,mfcc3_sma3_5,mfcc3_sma3_6,mfcc3_sma3_7,mfcc3_sma3_8,mfcc4_sma3_1,mfcc4_sma3_2,mfcc4_sma3_3,mfcc4_sma3_4,mfcc4_sma3_5,mfcc4_sma3_6,mfcc4_sma3_7,mfcc4_sma3_8,F0semitoneFrom27.5Hz_sma3nz_1,F0semitoneFrom27.5Hz_sma3nz_2,F0semitoneFrom27.5Hz_sma3nz_3,F0semitoneFrom27.5Hz_sma3nz_4,F0semitoneFrom27.5Hz_sma3nz_5,F0semitoneFrom27.5Hz_sma3nz_6,F0semitoneFrom27.5Hz_sma3nz_7,F0semitoneFrom27.5Hz_sma3nz_8,jitterLocal_sma3nz_1,jitterLocal_sma3nz_2,jitterLocal_sma3nz_3,jitterLocal_sma3nz_4,jitterLocal_sma3nz_5,jitterLocal_sma3nz_6,jitterLocal_sma3nz_7,jitterLocal_sma3nz_8
20.212946115384614,-2.9357785730769232,6.483431965384614,-5.208524631538461,5.124553153846152,9.420396042307694,24.49151934615384,24.45602153333333,31.86661288461539,7.029419615384617,13.278139984615384,21.86518807692308,7.092746046153845,9.016408769230768,28.259765807692304,28.0457108,18.8128185,-4.356681654615384,-7.899966037307692,1.0544894192307694,-4.846979947307692,18.92729917307692,13.819498480769234,14.14580915,13.801436215384618,2.9891150630769228,-3.42484080173077,7.930874184615383,-12.368725403846152,9.939489857692308,14.404790023076922,14.995502066666663,4.228769461538461,22.590936615384614,25.073660807692303,10.027948423076923,14.64978276923077,0.0,0.0,0.0,0.0067877763461538,0.0075907705,0.0154938358730769,0.0069568853076923,0.0041473802230769,0.0,0.0,0.0
