mfcc1_sma3_1,mfcc1_sma3_2,mfcc1_sma3_3,mfcc1_sma3_4,mfcc1_sma3_5,mfcc1_sma3_6,mfcc1_sma3_7,mfcc1_sma3_8,mfcc2_sma3_1,mfcc2_sma3_2,mfcc2_sma3_3,mfcc2_sma3_4,mfcc2_sma3_5,mfcc2_sma3_6,mfcc2_sma3_7,mfcc2_sma3_8,mfcc3_sma3_1,mfcc3_sma3_2,mfcc3_sma3_3,mfcc3_sma3_4,mfcc3_sma3_5,mfcc3_sma3_6,mfcc3_sma3_7,mfcc3_sma3_8,mfcc4_sma3_1,mfcc4_sma3_2,mfcc4_sma3_3,mfcc4_sma3_4,mfcc4_sma3_5,mfcc4_sma3_6,mfcc4_sma3_7,mfcc4_sma3_8,F0semitoneFrom27.5Hz_sma3nz_1,F0semitoneFrom27.5Hz_sma3nz_2,F0semitoneFrom27.5Hz_sma3nz_3,F0semitoneFrom27.5Hz_sma3nz_4,F0semitoneFrom27.5Hz_sma3nz_5,F0semitoneFrom27.5Hz_sma3nz_6,F0semitoneFrom27.5Hz_sma3nz_7,F0semitoneFrom27.5Hz_sma3nz_8,jitterLocal_sma3nz_1,jitterLocal_sma3nz_2,jitterLocal_sma3nz_3,jitterLocal_sma3nz_4,jitterLocal_sma3nz_5,jitterLocal_sma3nz_6,jitterLocal_sma3nz_7,jitterLocal_sma3nz_8
20.631017142857143,20.794725214285712,25.28547532142857,22.586934220714287,8.32587299892857,31.69855303571429,22.09468903571428,24.565214606060607,24.09354042857143,25.861698964285715,11.0355425725,23.55629335714286,17.330187889285714,22.51765114285714,23.01531660714286,27.111070424242428,18.512702732142856,20.03868023214286,8.366959832857143,10.413516067857142,6.733770685714285,-2.301751475,12.944012414285712,13.066586,13.980458875,11.256692832142855,7.247904993928572,9.324836103571428,10.20123792125,-10.75437843475,15.232717607142856,15.240053909090909,0.0,0.0,19.62992535714286,32.122365071428575,5.764578321428571,22.860649892857143,0.0,3.378006727272727,0.0,0.0,0.00956752925,0.0172999481,0.0019911646785714,0.009692276875,0.0,0.0
