mfcc1_sma3_1,mfcc1_sma3_2,mfcc1_sma3_3,mfcc1_sma3_4,mfcc1_sma3_5,mfcc1_sma3_6,mfcc1_sma3_7,mfcc1_sma3_8,mfcc2_sma3_1,mfcc2_sma3_2,mfcc2_sma3_3,mfcc2_sma3_4,mfcc2_sma3_5,mfcc2_sma3_6,mfcc2_sma3_7,mfcc2_sma3_8,mfcc3_sma3_1,mfcc3_sma3_2,mfcc3_sma3_3,mfcc3_sma3_4,mfcc3_sma3_5,mfcc3_sma3_6,mfcc3_sma3_7,mfcc3_sma3_8,mfcc4_sma3_1,mfcc4_sma3_2,mfcc4_sma3_3,mfcc4_sma3_4,mfcc4_sma3_5,mfcc4_sma3_6,mfcc4_sma3_7,mfcc4_sma3_8,F0semitoneFrom27.5Hz_sma3nz_1,F0semitoneFrom27.5Hz_sma3nz_2,F0semitoneFrom27.5Hz_sma3nz_3,F0semitoneFrom27.5Hz_sma3nz_4,F0semitoneFrom27.5Hz_sma3nz_5,F0semitoneFrom27.5Hz_sma3nz_6,F0semitoneFrom27.5Hz_sma3nz_7,F0semitoneFrom27.5Hz_sma3nz_8,jitterLocal_sma3nz_1,jitterLocal_sma3nz_2,jitterLocal_sma3nz_3,jitterLocal_sma3nz_4,jitterLocal_sma3nz_5,jitterLocal_sma3nz_6,jitterLocal_sma3nz_7,jitterLocal_sma3nz_8
23.22392096875,11.728262096875,17.82545275,28.120222584375,20.3813822334375,27.73789484375,16.457330417500003,24.78230602631579,28.656265125,15.9874670125,-5.593173759375,0.39735253875,19.9398765609375,2.645880146875,27.37378340625,26.83174957894737,15.880545015625,10.5614752296875,-10.0038347103125,-11.9592372125,6.275060271875001,2.4539392609375,11.840411721875,14.252925394736844,14.6119909375,-1.471111873125,-7.948031831875,-7.9244671890625,-0.9807168188125,-0.27584906021875,11.330923571875,14.373046473684209,0.0,19.20943234375,25.10841684375,25.1883358125,13.2720531875,9.59962434375,0.0,0.0,0.0,0.002088513853125,0.0106001499875,0.0108875206312499,0.00558991071875,0.00782141859375,0.0,0.0
