mfcc1_sma3_1,mfcc1_sma3_2,mfcc1_sma3_3,mfcc1_sma3_4,mfcc1_sma3_5,mfcc1_sma3_6,mfcc1_sma3_7,mfcc1_sma3_8,mfcc2_sma3_1,mfcc2_sma3_2,mfcc2_sma3_3,mfcc2_sma3_4,mfcc2_sma3_5,mfcc2_sma3_6,mfcc2_sma3_7,mfcc2_sma3_8,mfcc3_sma3_1,mfcc3_sma3_2,mfcc3_sma3_3,mfcc3_sma3_4,mfcc3_sma3_5,mfcc3_sma3_6,mfcc3_sma3_7,mfcc3_sma3_8,mfcc4_sma3_1,mfcc4_sma3_2,mfcc4_sma3_3,mfcc4_sma3_4,mfcc4_sma3_5,mfcc4_sma3_6,mfcc4_sma3_7,mfcc4_sma3_8,F0semitoneFrom27.5Hz_sma3nz_1,F0semitoneFrom27.5Hz_sma3nz_2,F0semitoneFrom27.5Hz_sma3nz_3,F0semitoneFrom27.5Hz_sma3nz_4,F0semitoneFrom27.5Hz_sma3nz_5,F0semitoneFrom27.5Hz_sma3nz_6,F0semitoneFrom27.5Hz_sma3nz_7,F0semitoneFrom27.5Hz_sma3nz_8,jitterLocal_sma3nz_1,jitterLocal_sma3nz_2,jitterLocal_sma3nz_3,jitterLocal_sma3nz_4,jitterLocal_sma3nz_5,jitterLocal_sma3nz_6,jitterLocal_sma3nz_7,jitterLocal_sma3nz_8
20.08583196153846,8.164503545384616,1.6656076015384618,2.2404311653846154,5.517996457000001,8.33292138723077,25.281508961538464,24.67508533333334,24.669306269230766,11.168547967923075,-7.55222947,-16.429502103846154,-1.9333600211538455,-12.296953619461537,23.30294587307692,26.23661103333334,19.55766730769231,8.937261290384614,-20.647294779615383,-12.825646396153845,-17.715312648846155,-4.788974144615384,12.59019368076923,11.445491026666666,15.52770771153846,-6.822986493076924,-26.541411526923078,-26.518706115384614,-28.98819994230769,6.210728157692308,14.937705634615384,11.855331513333333,0.0,21.746425961538463,44.308191115384616,27.06871515384615,19.85831238461538,0.0,2.0479694615384614,0.0,0.0,0.005511955326923,0.0208370540192307,0.0039525840807692,0.0061299454961538,0.0,0.0,0.0
