mfcc1_sma3_1,mfcc1_sma3_2,mfcc1_sma3_3,mfcc1_sma3_4,mfcc1_sma3_5,mfcc1_sma3_6,mfcc1_sma3_7,mfcc1_sma3_8,mfcc2_sma3_1,mfcc2_sma3_2,mfcc2_sma3_3,mfcc2_sma3_4,mfcc2_sma3_5,mfcc2_sma3_6,mfcc2_sma3_7,mfcc2_sma3_8,mfcc3_sma3_1,mfcc3_sma3_2,mfcc3_sma3_3,mfcc3_sma3_4,mfcc3_sma3_5,mfcc3_sma3_6,mfcc3_sma3_7,mfcc3_sma3_8,mfcc4_sma3_1,mfcc4_sma3_2,mfcc4_sma3_3,mfcc4_sma3_4,mfcc4_sma3_5,mfcc4_sma3_6,mfcc4_sma3_7,mfcc4_sma3_8,F0semitoneFrom27.5Hz_sma3nz_1,F0semitoneFrom27.5Hz_sma3nz_2,F0semitoneFrom27.5Hz_sma3nz_3,F0semitoneFrom27.5Hz_sma3nz_4,F0semitoneFrom27.5Hz_sma3nz_5,F0semitoneFrom27.5Hz_sma3nz_6,F0semitoneFrom27.5Hz_sma3nz_7,F0semitoneFrom27.5Hz_sma3nz_8,jitterLocal_sma3nz_1,jitterLocal_sma3nz_2,jitterLocal_sma3nz_3,jitterLocal_sma3nz_4,jitterLocal_sma3nz_5,jitterLocal_sma3nz_6,jitterLocal_sma3nz_7,jitterLocal_sma3nz_8
22.836404833333333,23.63347002083333,20.60248077083333,14.959050175000002,20.104676345833337,20.077753729166663,29.938977500000004,24.080174571428568,28.249815541666667,-2.4760087050000004,-12.304921570833336,12.611957779166667,18.24679772083333,17.700560166666666,23.50873375,28.04470525,15.744927333333331,-2.661730249166667,-2.5747215075,8.753285425,20.1577345625,19.06280570833333,10.452919845833334,14.625757492857144,13.475776395833334,-8.360537191666667,-14.921224116666666,-12.756920025,1.3491897666666663,-22.684852791666668,6.5790263,13.533032375,0.0,30.09617695833333,33.72329383333334,26.467108166666662,28.20902025,12.677211666666665,0.0,4.657489446428571,0.0,0.0126709646374999,0.0153470641,0.0084541513041666,0.0075057876541666,0.0050710040541666,0.0,0.0049315585714285
