mfcc1_sma3,mfcc2_sma3,mfcc3_sma3,mfcc4_sma3,F0semitoneFrom27.5Hz_sma3nz,jitterLocal_sma3nz
17.241378518518516,8.607505001481483,24.434813851851853,12.285996337037037,0.0,0.0
15.518528385185185,-0.5814070166666667,11.089525541222223,2.437790162962963,9.881305407407407,0.0032958427777777777
7.077609229629631,0.973383688888889,13.395920712592593,-1.989636587648148,6.898173518518519,0.0009844061296296297
9.825873319259259,9.958822858,19.43929560740741,4.761401042962962,5.71411325925926,0.0016192422222222223
20.66275062962963,5.893362397777778,3.778077422222223,-14.473899725925927,21.368129074074073,0.029006027925925926
27.63053503703704,-1.2671839925925923,-12.866840677777775,-0.7096206000000008,0.0,0.0
24.584240407407403,16.025603944444445,12.714455970370368,16.13098051851852,0.0,0.0
25.096262259259262,17.778235074074075,14.415101185185186,14.22417848148148,0.0,0.0
