mfcc1_sma3,mfcc2_sma3,mfcc3_sma3,mfcc4_sma3,F0semitoneFrom27.5Hz_sma3nz,jitterLocal_sma3nz
24.355884249999995,20.189394214285716,13.281336142857146,13.847403375,0.0,0.0
16.74870870714286,10.785174674571428,24.699753960714286,10.667258602857142,11.095527607142857,0.0038424002949999994
22.419653160714287,-7.260828929642856,5.4879358346428555,-2.579015154285714,14.176439642857144,0.006342739892857142
20.250004178571427,3.2968917725000004,17.36018306535714,-10.374422019285715,22.427030892857147,0.012935003742857146
14.910571922642857,14.171695192857143,7.1720577542857145,-31.642829507142856,13.382715750000001,0.006112257846428572
10.155200098928571,10.47436422,12.244341301785713,-10.135924675,7.054142357142857,0.0021494305
29.60134392857143,21.576610749999993,15.990209535714287,-19.371905907142857,0.0,0.0
25.148516242424243,17.947019393939392,11.781871236363637,15.104583666666668,0.0,0.0
