mfcc1_sma3,mfcc2_sma3,mfcc3_sma3,mfcc4_sma3,F0semitoneFrom27.5Hz_sma3nz,jitterLocal_sma3nz
23.733224687499998,19.16680409375,13.189379625,11.94900283125,0.0,0.0
16.330381775,-3.9118592460625,-0.9466628624999998,0.27581429374999966,16.93936290625,0.007116716134374999
14.138883894375,-6.708446009375,9.48497986875,-14.117095412500001,36.71789265625,0.014310248253125001
22.379180359375,8.143964889375,2.468802164375,-19.268989080624998,36.6760818125,0.015157042409375
28.21611271875,-1.7332790565624996,-11.457072349999999,-21.5972139671875,24.91079775,0.007621384578125001
23.088818968749997,6.028622421874999,-13.005048378749999,-10.17076081,0.0,0.0
21.628380749999998,11.891880321875,4.79044521896875,16.007797765625,0.0,0.0
24.7310828125,19.288390031250003,14.17528384375,13.900524171874999,0.0,0.0
