mfcc1_sma3,mfcc2_sma3,mfcc3_sma3,mfcc4_sma3,F0semitoneFrom27.5Hz_sma3nz,jitterLocal_sma3nz
23.111302799999994,19.051439416666664,14.060189963333334,8.427533373333334,0.0,0.0
11.907251599999999,4.186640171666666,32.755443166666666,7.041031695333333,0.0,0.0
16.131787678333335,9.4370292629,19.63353717633333,7.449279353333333,7.543289966666666,0.0027705302000000003
17.43125885333333,-10.539668773333336,-0.3315756793333335,-31.2520882,29.65630056666667,0.00954304928
16.620467746666666,-14.156640830000002,-1.757509983333333,-23.547226474333335,17.226975266666667,0.009990833433333334
10.608540118666669,-14.703486349999999,-6.463750004533333,5.051021463,4.2608888,0.0013940464666666666
14.257950126666668,-1.441550045333333,11.989431130000002,17.7192432,0.0,0.0
23.469289305555552,15.683295363888893,12.927794902777777,13.225093569444446,0.0,0.0
