mfcc1_sma3,mfcc2_sma3,mfcc3_sma3,mfcc4_sma3,F0semitoneFrom27.5Hz_sma3nz,jitterLocal_sma3nz
19.392943586206897,14.598004487931034,19.36047453448276,10.810190234482757,0.0,0.0
8.222108907586207,9.402196772413792,4.448718765517241,4.29542170551724,15.713259413793104,0.00995751572413793
5.851124431034483,5.474095463103447,-9.445755172413797,0.4401619072413792,21.886027827586204,0.007835963113793103
-10.309168028965516,17.721742189655174,-1.5527156555172417,6.0413706896551735,5.022270344827586,0.0005205860000000001
14.202817220689655,-4.3580702465517245,4.612840437586207,-16.060117068965518,11.273259896551723,0.006155545827586207
16.421343255172413,7.88351461137931,5.290704453448275,18.024407,0.0,0.0
24.01514182758621,18.353756758620687,11.906292048275862,11.094531527586204,0.0,0.0
23.94195058333333,17.760202805555558,11.903403083333334,12.088872475,0.0,0.0
