mfcc1_sma3,mfcc2_sma3,mfcc3_sma3,mfcc4_sma3,F0semitoneFrom27.5Hz_sma3nz,jitterLocal_sma3nz
23.39661175,18.909033041666664,13.137567554166665,10.888876779166665,0.0,0.0
4.942459820833334,6.8791722333333345,-0.16973516666666702,10.071875240416666,21.89150008333333,0.005798937916666666
3.5307470441666666,3.0533886833333335,-6.090954060833333,3.3737662366666665,33.035739416666665,0.02324988725
-10.49153337375,17.893490687499998,1.6229273120833332,7.846764754166666,0.0,0.0
12.867378804166668,-8.54182846375,-0.7234179327083332,-18.84515317083333,14.613991208333331,0.0038945530625
18.3344415,7.300924365833333,13.404344208333333,14.625655583333334,0.0,0.0
23.874483041666668,18.16498925,11.203022108333334,10.498822320833332,0.0,0.0
24.303772064516135,18.307377806451615,12.426177461290322,10.989369945161288,0.0,0.0
