mfcc1_sma3,mfcc2_sma3,mfcc3_sma3,mfcc4_sma3,F0semitoneFrom27.5Hz_sma3nz,jitterLocal_sma3nz
23.504505534883723,17.35841327906977,12.25897754883721,14.794936432558139,0.0,0.0
22.215371790697674,8.731812355813952,9.300652345465116,6.210537632558139,8.32083988372093,0.002341104418604651
25.93232390697674,-5.534881627906976,4.762347280604651,-11.624047053953486,29.595123372093017,0.016451884055813954
25.098172872093027,-3.092250254418605,3.6128956206976746,-3.351256251162791,19.96652139534884,0.010956947220930232
13.897195569534883,3.4896015216279075,-0.4451419863953488,3.495480909069767,11.466986093023255,0.004184816239534883
15.098677286046511,-7.973020962790697,-3.4442192511627905,-2.0674407651162783,19.086534581395348,0.02763266149534884
19.231321922906975,15.4448281,16.272982906976743,9.960616197674419,0.0,0.0
24.198725222222226,18.814844366666662,12.66028972888889,13.211812733333336,0.0,0.0
