mfcc1_sma3,mfcc2_sma3,mfcc3_sma3,mfcc4_sma3,F0semitoneFrom27.5Hz_sma3nz,jitterLocal_sma3nz
21.715750925925924,20.76202948148148,13.357156759259258,11.46249893703704,0.0,0.0
17.586614366666666,6.352548048888889,7.888879333333334,-9.340653155555557,15.589539333333335,0.002365825888888889
28.200790259259254,-5.003677316851851,1.0301832692592594,-10.777117867259259,19.17704125925926,0.009084045433333333
25.630287666666668,-2.384027758518519,-3.6560778581481483,-10.293635764444446,6.3582758888888895,0.0024797527407407404
23.35624359259259,-4.345650686296296,4.722311514814814,3.672430813703704,5.86915,0.012161868370370373
21.361023555555555,17.2163815,16.957545962962964,10.018538588888887,0.0,0.0
22.79617848148148,19.857530814814815,14.109204796296298,13.290794203703705,0.0,0.0
24.316676333333334,17.680321370370372,12.28516501851852,11.948187211111112,0.0,0.0
