mfcc1_sma3,mfcc2_sma3,mfcc3_sma3,mfcc4_sma3,F0semitoneFrom27.5Hz_sma3nz,jitterLocal_sma3nz
21.888449878787878,15.873946060606059,10.432687348484848,10.995062045454546,2.2678519696969697,0.0
10.682858415151514,-27.387429969696967,-18.574660230303028,-8.022388480606061,36.13255981818182,0.022059826499999997
6.819409794,-28.81664981818182,-8.674436604848484,-18.920478151515155,49.76195212121212,0.012225015387878789
2.668659863030303,-11.163457845454543,4.3964739775757575,-17.60519404848485,41.455270484848484,0.00751233702
2.459222278787879,-9.07518216090909,13.530656196969696,-33.6352091,48.29464275757576,0.01433067676969697
7.2647930793939395,-6.825393053030303,18.489428166666666,-29.709801038484848,20.618903666666668,0.00873970233939394
20.56662887878788,1.8699302484848483,12.208274496969695,3.6408655809090904,3.7032129393939397,0.0014444965757575755
24.158068342105263,15.427148513157896,11.81871910263158,13.071532092105263,0.0,0.0
