mfcc1_sma3,mfcc2_sma3,mfcc3_sma3,mfcc4_sma3,F0semitoneFrom27.5Hz_sma3nz,jitterLocal_sma3nz
23.542078684210527,18.119320526315793,13.68363822631579,14.472292044736845,0.0,0.0
17.768762507894735,4.816557407894736,1.6372166394736845,-0.7989245315789472,17.015914236842107,0.010163026668421055
12.929738620263159,-7.181372997368422,-8.996008436842104,-9.08340955263158,30.19301652631579,0.017946608255263157
-1.7172228815789474,-17.243459731578945,2.948759677710526,-17.637186181578947,28.99527671052632,0.015565116705263159
-5.0096689036842115,-31.74951083157895,1.8652651969736842,-12.163220871052632,37.094876710526314,0.009931811155263157
-2.809180213157894,5.702202417894737,10.112527575526315,-12.190177481578942,0.0,0.0
22.94264194736842,17.68987634210526,12.61452127894737,14.516053126315787,0.0,0.0
24.07623793023256,19.175843790697677,10.819341358139535,11.870410720930234,0.0,0.0
