mfcc1_sma3,mfcc2_sma3,mfcc3_sma3,mfcc4_sma3,F0semitoneFrom27.5Hz_sma3nz,jitterLocal_sma3nz
16.434797758620686,16.926268810344826,5.960242772413792,7.491242404965518,6.777824379310346,0.000688814151724138
9.095627231034484,-2.3890827379310338,-7.911457513793103,-0.8160087703103448,30.05064548275862,0.012955006555172415
-1.7054527555172412,17.71026554551724,1.832789482413793,-4.414645602413794,4.937559172413793,0.00038914549655172414
0.20158425862068932,10.192877334482759,-5.773868089655172,-6.983158676206897,18.03235306896552,0.004960431344827586
10.680567539310342,-8.571204842068967,7.05783195862069,-2.680638282758621,5.801121103448275,0.0037344487586206897
21.60061324137931,14.231296831034483,15.977668224137929,11.3394440862069,1.8413242413793105,0.0
22.5374398275862,15.667602465517241,10.876069058620693,10.678484954137932,0.0,0.0
23.793484896551725,18.31771372413793,12.690524086206896,12.473595755172413,0.0,0.0
