mfcc1_sma3,mfcc2_sma3,mfcc3_sma3,mfcc4_sma3,F0semitoneFrom27.5Hz_sma3nz,jitterLocal_sma3nz
20.78962029268293,10.135837301634146,15.697095170731705,9.732192227853657,3.552928463414634,0.002782069219512195
17.71549644073171,2.7227347380487807,9.806785442682926,-3.341673273170732,21.42603175609756,0.011001045751219515
-1.1885352178048783,8.445656584146342,-0.20953916585365814,-5.791177349756097,17.459458926829267,0.007486475553658537
13.273731685365853,13.879063912439022,5.704567626097561,-2.9945315631707317,13.173130170731708,0.0029833772682926825
16.01682107097561,16.742859153658536,2.42336523902439,3.166023707073171,6.96745756097561,0.0011671451707317073
30.883194146341467,7.9558260278048785,-7.044718238682927,-5.161122509268291,3.5612351951219514,0.0007888698780487805
23.165481682926828,18.255246902439026,12.332917963414634,11.607509024390245,0.0,0.0
23.48069269565217,18.961465239130437,12.749064478260868,12.748714439130435,0.0,0.0
