mfcc1_sma3,mfcc2_sma3,mfcc3_sma3,mfcc4_sma3,F0semitoneFrom27.5Hz_sma3nz,jitterLocal_sma3nz
17.915827052272725,12.053443925,21.897503386363635,12.58167779090909,10.635164249999999,0.008304065931818183
20.585784942045454,-6.113770051590908,-4.349243356818182,-5.194069203863636,32.38546370454546,0.008334671779545456
16.177975887045456,8.618978803636365,4.141647870454545,-0.5786083090909094,17.8340445,0.006606860586363636
22.07596040090909,21.927437931818186,1.556198356818182,-17.631911304545454,27.344696204545457,0.007894956220454545
7.148062739227272,16.52074517045455,0.4834845265909093,-10.317288461363635,20.017647113636368,0.007644602495454547
24.673493863636363,19.41046454545455,1.9796425863636367,-29.29823443068182,2.4087287045454544,0.0006184811590909091
23.68753709090909,18.371498193181818,13.756236681818184,12.331718445454545,0.0,0.0
22.838558729166664,16.914331479166666,12.231408770833333,13.064747439583334,0.0,0.0
