mfcc1_sma3,mfcc2_sma3,mfcc3_sma3,mfcc4_sma3,F0semitoneFrom27.5Hz_sma3nz,jitterLocal_sma3nz
22.217379,16.748074262162167,13.998764710810814,14.048227051351352,0.0,0.0
-2.0450319837837836,4.426367511891892,-9.398132202432434,1.0407773502702702,17.56855118918919,0.010358233886486486
9.256580575405406,-6.8899707810810815,-17.525253877297303,3.6826103894594597,32.11811972972973,0.006852897427027027
-4.45244762891892,13.481112527027028,-0.854482374054054,10.674103802702701,10.333922216216216,0.0036475944162162165
10.604393351351353,0.17566942432432422,5.085787694324325,-6.386166335135132,17.652914864864865,0.0033887537054054047
13.262292508108107,1.944432727810811,22.087038756756755,13.8142105,0.0,0.0
24.596962027027033,18.65876404054054,14.37868562162162,11.73719127027027,0.0,0.0
24.067960945945945,15.985165810810818,12.324747840540542,14.359248121621624,0.0,0.0
