mfcc1_sma3,mfcc2_sma3,mfcc3_sma3,mfcc4_sma3,F0semitoneFrom27.5Hz_sma3nz,jitterLocal_sma3nz
23.11029359090909,16.28390934090909,14.201471863636362,13.135652449999997,0.0,0.0
14.232829647727272,-10.845722154318182,-2.651195968181818,1.8502153763636364,24.83243645454545,0.01231048540909091
-0.8117488045454543,1.237603320909091,-0.22532756590909087,3.100886547045455,24.817741749999996,0.00849662921590909
9.052077434090908,15.904842543,11.024840282500001,1.2417880770454544,14.306904045454546,0.006865253840909091
20.308148766136362,16.940634104545452,1.01015046,-10.889004988636362,10.86804090909091,0.002517865997727273
28.711079295454546,6.171951297272727,-10.941604772727272,5.8191319454545445,1.0201763636363637,0.00025898373636363636
24.42270431818182,17.48150034090909,13.091368102272726,14.724603556818181,0.0,0.0
23.938902399999996,17.334122200000003,11.301725395555554,14.2502924,0.0,0.0
