mfcc1_sma3,mfcc2_sma3,mfcc3_sma3,mfcc4_sma3,F0semitoneFrom27.5Hz_sma3nz,jitterLocal_sma3nz
21.828738678571426,30.23940017857143,17.04708435714286,9.421190528571428,0.0,0.0
17.832103615714285,21.718397196428572,17.799524060714287,5.484853503571429,6.530583178571429,0.002604550678571429
25.483012571428567,7.261880835714286,6.792766365357143,-4.177459850714286,22.472366285714287,0.004074890792857143
17.71265597857143,-1.0030777035714287,12.639268323928572,-15.759100692857146,32.378148071428576,0.00957265759285714
15.581752396428573,-12.294613867857143,-0.7442099035714281,-12.252505898214283,26.36721764285714,0.005852956092857143
21.444166071428572,15.485386764285716,13.116188710714287,-2.8023399071428576,15.931480857142857,0.005336498860714287
21.778958392857138,27.702677285714284,16.685551999999998,11.495877578571429,0.0,0.0
22.90923796666667,27.67715363333333,15.368360666666666,10.051940949999999,0.0,0.0
