mfcc1_sma3,mfcc2_sma3,mfcc3_sma3,mfcc4_sma3,F0semitoneFrom27.5Hz_sma3nz,jitterLocal_sma3nz
21.292711444444443,28.016722,17.410385666666663,8.278408144444443,0.0,0.0
22.21453177777778,26.697402333333336,15.426555907407407,9.922699614814817,0.0,0.0
20.259381,28.374783962962965,17.16987188888889,10.956616007407408,3.1465788888888886,0.0026526707407407406
3.7306133944444437,-23.37858957407408,-18.488444403703706,-14.056029259259256,46.01343685185185,0.023745408266666667
18.65747764814815,-2.4247379692592594,-14.743324566666665,-28.75546577777778,41.32816466666667,0.019944035648148145
14.615594803703702,-13.862326707407407,-2.275595135925926,-21.825835000000005,41.92357625925927,0.01589586384814815
21.69127203703704,-1.6895834540740742,-14.074193265185183,-59.16188785185186,40.590801407407405,0.0037788343703703707
21.120995133333334,-6.7382373300000005,-7.149112796333333,-22.74711755,26.729453233333334,0.0023461477999999997
