mfcc1_sma3,mfcc2_sma3,mfcc3_sma3,mfcc4_sma3,F0semitoneFrom27.5Hz_sma3nz,jitterLocal_sma3nz
20.805221090909093,28.247093818181813,17.85860112121212,9.534321403030305,0.0,0.0
19.214563227272727,17.298181606060606,12.01666967909091,3.03037913939394,7.189212272727273,0.0056860670303030296
31.571137393939395,-4.022409215151515,0.15413241575757586,-12.56550259060606,35.648279757575764,0.013191472942424242
17.751089782727274,9.611645306212123,0.552857488621212,-2.6107333416969696,25.40483915151515,0.005986161460606061
26.64555143939394,2.4446128121212123,-13.380237669696971,0.25136924484848494,6.427755484848484,0.0036890820606060607
21.296868443030302,17.126755245454547,9.911319360606061,-5.045163178787879,0.0,0.0
20.953865757575763,27.179346030303027,15.983329439393941,12.41957640909091,0.0,0.0
21.540927763157896,28.01809728947368,16.003485157894733,10.92211595,0.0,0.0
