mfcc1_sma3,mfcc2_sma3,mfcc3_sma3,mfcc4_sma3,F0semitoneFrom27.5Hz_sma3nz,jitterLocal_sma3nz
21.52737574074074,29.20787262962963,15.505636074074074,8.774414414814816,0.0,0.0
27.667764111111115,24.791077962962962,8.723518440000001,-3.3512327324444438,0.0,0.0
29.08115777777778,20.082565851851854,19.13129980740741,-2.3634030204444447,26.110593148148148,0.014690774440740741
21.731661222222222,17.00374063333333,16.792117925925925,-7.330656060740741,21.024163814814816,0.012866214740740742
26.03882096296297,9.887952851851852,11.40770872185185,-6.911035645185184,15.71269137037037,0.003934616222222222
25.211592333333332,17.278919333333334,18.51152548148148,-13.922923666666668,22.577914481481482,0.009834643399999999
23.01253137037037,29.112969592592595,16.923501129629628,10.082878562962962,0.0,0.0
22.410106333333335,28.143596111111112,14.573846203703704,8.84089188888889,0.0,0.0
