mfcc1_sma3,mfcc2_sma3,mfcc3_sma3,mfcc4_sma3,F0semitoneFrom27.5Hz_sma3nz,jitterLocal_sma3nz
21.19858027272727,27.94344848484848,17.689553106060604,9.43502907878788,0.0,0.0
20.992381696969698,28.242515696969697,17.76406281818182,8.384022990909092,0.0,0.0
20.466248333333336,26.403643212121214,17.71420503030303,10.511223027272727,0.0,0.0
20.438526479696968,23.372169939393938,10.642357206060607,1.7038158575757576,15.338648272727273,0.007346526545454545
29.42337006060606,19.475968696969698,7.490271369696969,-17.944350463636365,21.636667454545453,0.009702608727272726
25.395896696969697,18.51678049090909,8.093815943939394,-3.406078496969697,3.013705393939394,0.0011030126363636365
22.316984272727275,24.355493272727273,14.572753972727272,9.067234566666666,0.0,0.0
20.869897428571427,27.753827257142856,19.39613014285714,10.795483891428573,0.0,0.0
