mfcc1_sma3,mfcc2_sma3,mfcc3_sma3,mfcc4_sma3,F0semitoneFrom27.5Hz_sma3nz,jitterLocal_sma3nz
20.99876330952381,29.1699455,18.52234107142857,10.492711702380953,0.0,0.0
25.63791421428571,9.365003061904762,18.146095808904764,-4.365919241428572,0.0,0.0
27.221692619047616,19.227184316666666,19.139736871666667,-0.8066688664285715,10.400168952380952,0.0029656776
26.062206664285718,25.921104190476193,2.798679071428572,-22.9785945547619,11.547799714285716,0.008528945354761905
22.435910011904763,29.48336730952381,10.332634961904763,-4.908906530238094,7.274837857142857,0.0021232272071428572
31.138066309523815,30.793861523809525,14.400681297619046,-27.828245090476187,8.797375357142856,0.008400386021428572
22.544081309523808,30.16516102380952,18.60181530952381,11.499494835714286,2.3177429523809523,0.0029511108095238094
22.128530976190476,30.247853023809522,18.175659047619046,11.386853964285713,0.0,0.0
