mfcc1_sma3,mfcc2_sma3,mfcc3_sma3,mfcc4_sma3,F0semitoneFrom27.5Hz_sma3nz,jitterLocal_sma3nz
18.881748615384616,24.598464512820517,17.509222820512825,13.183331525641028,0.0,0.0
20.94627453846154,24.294470897435897,19.16346219230769,10.62695775128205,0.0,0.0
18.641402316153844,13.78372785051282,30.61568851282051,-14.886182141435894,28.870704846153842,0.042739706292307694
23.871536106666667,3.35211735025641,-8.276008943589744,-15.364252808461542,32.81810676923077,0.07851231087435898
30.90488184615384,6.077424635897435,5.421599519230769,-13.984107776923079,31.17465256410257,0.017549633064102562
25.992537282051284,11.034242422051284,5.336468150764105,-21.17906104128205,22.755767102564107,0.01658837601025641
27.276009925641027,27.43463396153846,6.481488297435897,-39.26338857948718,5.803192538461539,0.0026841349487179487
19.287905919565215,28.343033739130433,18.473977173913042,9.132797676086955,2.1251511304347828,0.0028433951086956526
