mfcc1_sma3,mfcc2_sma3,mfcc3_sma3,mfcc4_sma3,F0semitoneFrom27.5Hz_sma3nz,jitterLocal_sma3nz
17.37522975,24.727853035714286,23.832665035714285,12.345656860714286,0.0,0.0
18.46517957142857,22.12853017499999,32.582979464285714,-1.5881967714285712,14.008152964285713,0.018748395425
17.943496625714285,16.643375550000002,8.316015250357143,-12.967074560714286,19.118390642857143,0.021731899439285718
30.166509464285713,-2.462030328571429,-2.174114373928571,-24.229628775000005,36.34065846428571,0.009382157639285713
27.052044303571424,6.1284519785714275,-1.4979488828571428,-10.590742726785711,22.15182353571429,0.005304040003571429
29.143214214285713,-19.839958198571427,-5.659050193571429,-33.29393553571428,18.23995607142857,0.0045662707499999995
22.14628139285714,9.717791013214285,12.428658299999999,10.223989558214283,0.0,0.0
19.116838066666663,27.111068900000003,19.8582643,12.597481483333333,0.0,0.0
