mfcc1_sma3,mfcc2_sma3,mfcc3_sma3,mfcc4_sma3,F0semitoneFrom27.5Hz_sma3nz,jitterLocal_sma3nz
20.42598508333334,30.104150694444442,19.19086258333333,10.16973335277778,0.0,0.0
19.74799591666667,26.88561494444444,17.249747236111112,11.355626841666666,0.0,0.0
4.924490027777777,15.208120163888891,0.7287064402777778,-5.227780090555555,19.420953194444447,0.005566319622222222
15.104645800000002,-5.243090227083333,-8.962236957833333,-10.135102749444444,35.49146558333333,0.007104147741666668
3.742634405,12.445624720555553,13.314472179780557,-6.914329490277777,10.22898877777778,0.0011117945055555557
2.740045647222222,10.901206252777778,-1.3971620683333341,-11.18382257222222,28.970089472222224,0.028836548019444446
7.752530943055555,-5.881487480555556,16.133569769444446,-15.265621703611114,6.153773083333333,0.006234568611111112
18.730514,22.88446302175,21.013410450000002,10.754773745,0.0,0.0
