mfcc1_sma3,mfcc2_sma3,mfcc3_sma3,mfcc4_sma3,F0semitoneFrom27.5Hz_sma3nz,jitterLocal_sma3nz
17.99727516842105,24.881600071052635,17.529501118421056,13.903613068421054,0.0,0.0
18.487982934210525,19.073588815789474,18.03735197368421,12.445125,0.0,0.0
26.357259026315788,12.105236516578946,3.976324478157894,-3.095532642105263,16.854016552631577,0.020221088431578948
29.873314657894728,7.764394166473686,0.29264502157894745,-19.859633735526312,38.370679789473684,0.012808885423684212
24.138274236842108,1.3113540578947365,-4.318608044736842,-21.54011826210526,36.146313026315795,0.01690074306842105
23.00094533157895,9.954465721052633,-1.1947251855263163,-7.542200463105263,21.403426447368425,0.012062866681578948
24.93838334210526,-9.600480481578945,-5.458793122631579,-23.108109815789472,19.984929710526316,0.014411037407894739
10.898172010749999,18.764615302499998,14.039404784250001,9.77770708825,0.0,0.0
