mfcc1_sma3,mfcc2_sma3,mfcc3_sma3,mfcc4_sma3,F0semitoneFrom27.5Hz_sma3nz,jitterLocal_sma3nz
20.234312034482766,26.43756275862069,20.61863817241379,11.142295141379309,0.0,0.0
16.74044951724138,25.422437517241377,23.134329068965513,10.066975396551722,0.0,0.0
19.144637655172414,28.85200972413793,18.847905413793104,12.406236482758622,2.3963120344827584,0.0012185416551724138
16.39797036689655,17.54623490241379,8.151931800000002,-3.9682821000000006,24.91431779310345,0.004928313220689656
27.39682431034483,-2.894703277586207,-14.289853734482756,-13.776079841379312,39.724996206896556,0.008552409503448277
25.363043965517242,-3.4099756468965516,-12.802161144827586,-11.593553504482754,8.720249344827586,0.008767024034482759
18.266736241379313,3.6549895757241386,13.064115179310345,7.620241534482758,0.0,0.0
19.519559111111114,24.938213972222222,17.292964008333332,11.743982816666668,0.0,0.0
