mfcc1_sma3,mfcc2_sma3,mfcc3_sma3,mfcc4_sma3,F0semitoneFrom27.5Hz_sma3nz,jitterLocal_sma3nz
19.13418469117647,22.164116655882353,10.895207035294117,6.766810514705883,8.118067235294117,0.0016959253941176472
16.350887172941178,-19.635875911764707,-17.83330984882353,-29.76947894117647,42.31403461764705,0.022603396352941174
13.97141012352941,-25.25038132352941,-20.990688247058824,-17.35604295294118,46.228010294117645,0.0115783953
11.364609593676471,-12.276153832941176,4.347068614705883,-25.255029564705882,31.313800294117648,0.006282037917647058
11.867242812764704,2.664324035294117,7.269185061764706,-11.923116767647057,20.561695264705886,0.018552918811764706
17.59303967352941,5.284710367058824,16.702144855882356,-34.3896579117647,24.639746882352945,0.011892159944117646
23.746437294117644,22.67753947058824,12.652395094117646,-2.364810382352941,0.0,0.0
19.27956356097561,30.26578951219512,20.431710085365854,12.067433836585366,0.0,0.0
