mfcc1_sma3,mfcc2_sma3,mfcc3_sma3,mfcc4_sma3,F0semitoneFrom27.5Hz_sma3nz,jitterLocal_sma3nz
11.506279013448273,14.270476710344825,21.747804170896554,-25.667646668965517,31.458226724137933,0.00840825726551724
15.847670193103447,-17.584796990344827,-16.087320103448274,-5.186718555172413,38.58356224137931,0.0105072367
8.564336972758621,-7.476626505310344,0.720155924137931,-27.264286600000002,44.905188586206904,0.015420041844827585
18.49652781034483,-1.680092571724138,-27.89132877586207,-38.004302413793106,36.6733274137931,0.037019651882758624
13.28476668689655,7.005391796921379,-23.576378273448274,-28.47269551379311,40.74548620689655,0.020297330596551724
0.8888443896551721,0.4847452655172417,-6.720952310344827,-13.784402774137934,23.722089275862068,0.0035700670310344824
24.41422203448276,6.248154734482759,-29.96717468275862,-48.14952400000001,11.512536482758621,0.00479721805862069
20.917613583333335,26.723022527777783,14.259059333333333,6.785975252777778,0.0,0.0
