mfcc1_sma3,mfcc2_sma3,mfcc3_sma3,mfcc4_sma3,F0semitoneFrom27.5Hz_sma3nz,jitterLocal_sma3nz
17.10879514864865,2.3101416351351354,3.915677113513514,-10.923579731351351,22.09393754054054,0.009397807851351352
18.79855901351351,-5.8933291759459445,-8.462390337837837,-33.878162081081086,28.492514297297298,0.009947231605405407
21.060479348648652,-1.2079148981081085,10.301224251351352,-23.47957041081081,30.84027570270271,0.012591171256756756
19.240914159459464,2.300709553243243,10.939223503513514,-29.821367445945953,41.82938002702702,0.010795442756756759
25.676890135135135,11.670466974864866,-22.094411043243248,-47.89591675675676,33.503106081081086,0.018867239635135136
25.329333540540542,-1.5957221162162163,-12.89127618054054,-13.563849951351353,31.05906259459459,0.011404252954054055
20.657834540540538,-3.1282147069189206,-5.244731631621622,-7.1169659864864885,1.741757054054054,0.0007605075675675675
18.409930054054055,26.027985513513514,21.014519432432433,14.972197405405403,0.0,0.0
