mfcc1_sma3,mfcc2_sma3,mfcc3_sma3,mfcc4_sma3,F0semitoneFrom27.5Hz_sma3nz,jitterLocal_sma3nz
18.172935925,28.00357785,20.53496695,12.701704549999999,0.0,0.0
13.535028595,2.72660226975,15.559011774000002,-14.0171634475,19.1007284,0.009439259299999999
19.438090087499997,-9.3379076025,4.5951283225,-15.165328772499999,35.31711265,0.023837109895000003
18.6310492025,-4.7371997725,-4.2105863625,-13.677831665500003,24.30245,0.015167319475000001
22.4713490775,10.278049575,4.42249859525,-9.501934319825,12.409698124999998,0.012356754875
17.555222190000002,15.10735586205,20.222159749999996,5.9575552205,3.6249004749999996,0.02084050825
19.202689825,29.482238500000005,20.856596974999995,14.4305016375,0.0,0.0
18.66076077173913,30.43115123913044,21.123006673913043,13.819250293478262,0.0,0.0
