mfcc1_sma3,mfcc2_sma3,mfcc3_sma3,mfcc4_sma3,F0semitoneFrom27.5Hz_sma3nz,jitterLocal_sma3nz
19.011405171428574,31.070081371428568,22.020317685714286,14.310271422857143,0.0,0.0
18.3581552,28.5585764,20.76235805714286,15.372813971428572,0.0,0.0
18.631856485714284,29.318879942857148,21.74781611428572,15.154885942857144,0.0,0.0
27.10452517142857,0.831265124657143,-3.7789416374285714,-24.05591411714286,35.83521628571429,0.019436297068571428
26.334849142857145,3.305069109428571,-1.7188030709714286,-18.009844562857143,33.76807697142858,0.023265092328571425
11.669188213714284,12.50664665,3.9323788919999996,3.8467797371428576,25.574971628571426,0.009116112217142857
27.230099628571434,-6.599251868571429,0.3812280951428575,-17.100173137914286,18.44770437142857,0.013249993500000001
21.282448027027026,28.702332729729733,18.17867324054054,9.730749872972972,0.0,0.0
