mfcc1_sma3,mfcc2_sma3,mfcc3_sma3,mfcc4_sma3,F0semitoneFrom27.5Hz_sma3nz,jitterLocal_sma3nz
18.586369933333334,28.727868400000002,22.215100700000004,14.667325566666667,0.0,0.0
13.314425563333335,15.790887508666664,24.814383836666668,-5.199165539999999,5.4149308666666665,0.0008488378
19.715034576666667,7.635989938590001,-10.166313383333337,-36.82636669666667,29.72094863333333,0.010233709916666663
19.583795700000003,-15.539314899999997,4.577947164999999,-43.152835233333334,40.7372753,0.025975069433333338
18.261475049999998,-9.84039539,-1.9889291033333332,-25.29031821366666,20.404647033333333,0.00845375283
22.217411733333332,-12.024156816666668,-8.772238064333333,-32.47318146666667,20.435037899999998,0.009217691436666668
18.78048444666667,-3.2879738333333335,5.835933706666667,2.520475456666666,0.0,0.0
24.41046415625,20.832349625,15.630013828125001,8.203543816875001,0.0,0.0
