mfcc1_sma3,mfcc2_sma3,mfcc3_sma3,mfcc4_sma3,F0semitoneFrom27.5Hz_sma3nz,jitterLocal_sma3nz
21.78621846875,29.76701678125,19.6954406875,11.588994862499998,0.0,0.0
23.256394031249997,-1.5831969643750001,4.415989745312499,-8.437366918750001,13.430128999999999,0.012396954374999998
18.64297296875,-2.5058081146875004,9.9902681446875,-19.7988224125,20.72154896875,0.0122276135
23.808527828125,9.883516322499998,23.328897301562503,-0.07902970937500005,29.5660235,0.01704302184375
24.994936187500002,11.86630354375,4.057601170625,-55.623970281249996,28.997677656249998,0.031319965828125
27.190946312499996,2.373788505,-5.5081762220625,-15.623794893,13.007051125,0.037853727884375
20.28634946875,0.15086720531249997,5.1848969875,4.805488559375,0.0,0.0
21.218660600000003,26.83603342857143,16.728161828571427,11.923951582857141,0.0,0.0
