mfcc1_sma3,mfcc2_sma3,mfcc3_sma3,mfcc4_sma3,F0semitoneFrom27.5Hz_sma3nz,jitterLocal_sma3nz
23.74593335714286,31.548068880952385,15.228864428571429,6.177231835714286,0.0,0.0
21.221739238095235,5.94010014047619,20.987867354761903,-6.93685956904762,18.433838666666666,0.008338517780952381
6.430668357380951,15.950983416666666,5.533762206904761,-11.903233418809524,12.127144095238096,0.0026601478523809526
14.233692311904761,-11.787831478571428,6.524789736428572,-23.155284416666667,39.27669916666666,0.022418478473809525
15.659044371428571,-8.130013122857141,-3.3575708150000003,-30.146159738095246,34.8473700952381,0.013411277300952382
15.249334602380952,-9.83282757952381,-14.663357326190473,-35.10306379761904,31.053446190476194,0.005626030080952381
17.34502094809524,-16.777334133333333,1.912813079142857,-0.2870004761904762,0.0,0.0
20.77104677111111,22.09577276222222,13.294996555555556,8.525264960444446,0.0,0.0
