mfcc1_sma3,mfcc2_sma3,mfcc3_sma3,mfcc4_sma3,F0semitoneFrom27.5Hz_sma3nz,jitterLocal_sma3nz
20.84389264516129,25.866297129032258,18.22438393548387,10.920997054838713,0.0,0.0
16.047649677419354,13.004713996774194,20.640290112903227,11.383375641935483,0.0,0.0
22.549207870967745,7.492731517419354,18.07776059354839,4.360613970967743,4.687895645161291,0.004912453580645161
26.814066999999998,-1.710975216129033,10.235559103225807,-0.1298335229032258,7.927677903225806,0.0057358300645161285
24.42683348387097,0.6892543964516128,4.4416481645161285,-3.6000219483870963,4.664535580645161,0.0038840035483870966
25.472453806451615,18.412294812903227,12.367039408064517,-3.7722103977419352,0.0,0.0
23.742591516129032,23.697163451612905,13.843619009677418,6.554970177419355,0.0,0.0
20.06502446875,26.578852249999997,17.493934953125,11.7485955,0.0,0.0
