mfcc1_sma3,mfcc2_sma3,mfcc3_sma3,mfcc4_sma3,F0semitoneFrom27.5Hz_sma3nz,jitterLocal_sma3nz
22.351532111111116,31.570663,17.694112518518516,12.117951555555555,0.0,0.0
25.697859137037035,19.82524292222222,9.530544229629632,-4.601372348148148,12.941310555555553,0.00843245645185185
33.55941196296297,-6.262683986666666,-5.084609915555556,-33.83575577777778,39.071788814814816,0.007946539892592593
30.840065259259262,-3.058557955555556,3.8074422777777777,-15.476935375555557,27.72634022222222,0.011135426681481483
29.508752074074078,-9.365017872222221,-10.045096176666664,-21.824944344444447,19.56184851851852,0.010785111148148148
21.339304814814817,13.396740137407408,10.24042101851852,13.0208372,0.0,0.0
22.553901111111113,30.714833037037035,18.358901666666668,13.116500166666667,0.0,0.0
22.676553484848487,30.952793272727273,18.70531445454545,13.577412318181818,0.0,0.0
