mfcc1_sma3,mfcc2_sma3,mfcc3_sma3,mfcc4_sma3,F0semitoneFrom27.5Hz_sma3nz,jitterLocal_sma3nz
22.2800215,30.6495565,17.573370384615387,12.413489226923076,0.0,0.0
23.356382307692307,17.692370434615384,18.520162065384618,-3.7530459884615386,22.760436615384613,0.019564628615384612
18.20148335,-3.5652247261538457,-2.0873027715384613,-36.53670006153846,42.111477076923066,0.02213142588846154
19.646220092307694,-28.27754680769231,7.473101109615385,-30.25807911538461,43.52026280769231,0.02172045103846154
21.29272123076923,-5.638229347692308,-7.861976657692308,-25.67038189615385,24.59260596153846,0.007259938326923078
16.0847663,-29.22192675769231,-3.9018625058076926,-37.82978717307692,13.957371192307694,0.0019711072615384616
23.12523878846154,10.14405655923077,5.229660569230769,8.432333792307691,0.0,0.0
23.39754548148148,30.567549962962957,17.489673055555556,11.763072544444444,0.0,0.0
