mfcc1_sma3,mfcc2_sma3,mfcc3_sma3,mfcc4_sma3,F0semitoneFrom27.5Hz_sma3nz,jitterLocal_sma3nz
21.4803836,29.325170114285715,17.69739317142857,12.149953548571428,0.0,0.0
21.641034467142855,25.0760972,4.910722654285714,-1.7511070571428569,11.190836714285716,0.0022250700257142857
19.967884199999997,1.7052186857142855,-12.943509705714286,-3.5391687188571432,25.670098914285713,0.0025481122314285716
29.57337211428571,2.4754466737428573,-2.316238831428571,-6.00467977142857,27.472774314285715,0.017550387488571427
29.046011399999998,10.739618548571428,-1.690547133714286,-22.89979525142857,37.808558514285714,0.01778122223428572
18.148986385714284,14.873108962857142,9.60515964285714,-1.455737596,12.500793285714288,0.003620108228571429
11.467504922285713,28.441096714285717,12.442614122857142,18.162182114285713,0.0,0.0
21.21406127027027,27.57881135135135,19.027503513513516,11.044943972972971,0.0,0.0
