mfcc1_sma3,mfcc2_sma3,mfcc3_sma3,mfcc4_sma3,F0semitoneFrom27.5Hz_sma3nz,jitterLocal_sma3nz
9.109166351724138,24.142736896551725,9.308273853793104,3.3418062633103447,8.305534241379311,0.005108174827586207
1.9503973344827583,-9.64713960689655,-10.892537482931035,-6.28109601724138,34.990732620689656,0.013898506220689654
9.736023668965517,0.9158198631034483,-4.2444450845517245,-15.313471658620688,27.28566075862069,0.011276429286206898
0.5862011031034484,13.249491564827586,12.660082013793103,-20.31012925172414,21.263065620689655,0.009695741751724139
-2.736081435862068,5.048964944827587,-7.248994027586206,-18.499965255172416,29.290223034482764,0.011606221586206895
11.601299079310346,-4.2371555392068965,7.157822848275862,-10.531854452551723,0.0,0.0
21.32926572413793,25.0175491724138,19.065567896551723,11.714856237931032,0.0,0.0
20.48970220689655,27.446207137931037,15.427485913793102,10.847715372413795,0.0,0.0
