mfcc1_sma3,mfcc2_sma3,mfcc3_sma3,mfcc4_sma3,F0semitoneFrom27.5Hz_sma3nz,jitterLocal_sma3nz
20.325285107142857,29.06151096428571,16.78590410714285,11.48439380357143,0.0,0.0
21.847166964285716,30.08683032142857,17.70348232142857,11.374905028571428,0.0,0.0
22.226291278571427,20.32338584892857,11.081049428571427,5.697124946428572,15.902610607142856,0.008345657071428573
34.36680896428572,4.335378256071428,-5.378477035357143,-3.577757789285715,24.90004132142857,0.007596362060714286
24.216274964285713,-10.404632646428572,-7.420396444285715,8.052386496428571,11.572418035714284,0.004219674892857143
21.626161035714286,20.533140699999997,16.9731505,15.079117749999998,0.0,0.0
21.409505142857142,28.40227803571429,18.048575124999996,12.330185046428571,0.0,0.0
21.76552386666667,29.89498666666667,16.425310666666668,10.920423910000002,0.0,0.0
