mfcc1_sma3,mfcc2_sma3,mfcc3_sma3,mfcc4_sma3,F0semitoneFrom27.5Hz_sma3nz,jitterLocal_sma3nz
20.332357124999998,29.99684835,18.774254850000002,10.79973891,0.0,0.0
13.168171265000002,10.043655715000002,8.800251015000002,-16.755917023499997,35.61594905,0.012679692949999998
25.87252885,-4.94519759,-21.3296111,-23.410720050000002,44.6738963,0.01375647039
23.278066399999997,-14.962436965700002,-4.568764484000001,-10.045600140849999,22.21570865,0.008213417274999999
18.218994549999998,-3.890364563,-15.57171271,-11.49920536095,21.677616300000004,0.001455167285
20.083962475,-25.032484665,-24.966182,1.037540385,6.50555325,0.000251918475
16.134943525,1.9008575815,12.501134780000001,10.02051665,0.0,0.0
21.66957440909091,28.303093954545453,15.800406704545457,10.463025018181819,0.0,0.0
