mfcc1_sma3,mfcc2_sma3,mfcc3_sma3,mfcc4_sma3,F0semitoneFrom27.5Hz_sma3nz,jitterLocal_sma3nz
22.98978388,30.41957624,18.8933458,10.637934236,0.0,0.0
28.146860960000005,4.483675248,-3.6247917039999997,-14.924979556000004,31.869572320000003,0.0054646383239999995
17.647872380000003,-8.365910568,11.29588874,-13.344391004000002,41.908413679999995,0.013416822892
9.066691679999998,-11.702865751999997,3.9135351303999992,-9.551630229999999,36.66658552,0.007456836112
16.060628996,1.455856136,16.5203478108,-16.778097137200003,25.8457726,0.002686233164
22.29839124,27.49369764,15.837196859999999,9.6358284348,0.0,0.0
22.1049474,28.302940720000002,14.2889781,11.234866699999998,0.0,0.0
22.229781925925927,28.771002222222222,16.074381222222218,10.666247400000005,0.0,0.0
