mfcc1_sma3,mfcc2_sma3,mfcc3_sma3,mfcc4_sma3,F0semitoneFrom27.5Hz_sma3nz,jitterLocal_sma3nz
21.340343000000004,29.372916315789475,17.939728105263157,10.22743674736842,0.0,0.0
20.69964805263158,28.283623631578944,17.5383585,11.60701204736842,0.0,0.0
20.258371263157894,26.60551994736842,18.10071752631579,12.534012368421054,0.0,0.0
13.820999400000002,30.017040578947366,6.943770384210525,2.318718905263158,11.213505736842103,0.016579995631578942
30.416115631578947,1.3549328247368417,-1.3656085010526318,-29.990604236842113,30.65616942105263,0.01351133297368421
28.05806852631579,1.7214771826315785,-8.931837998947367,-29.995367105263156,20.953090684210526,0.002820621647368421
22.56382642105263,-13.755219298421052,-3.5632057660526315,-8.896375121578945,3.466318578947368,0.00022027198947368424
19.020702423076923,19.640098480769232,16.481312749999997,5.76552481923077,0.0,0.0
