mfcc1_sma3,mfcc2_sma3,mfcc3_sma3,mfcc4_sma3,F0semitoneFrom27.5Hz_sma3nz,jitterLocal_sma3nz
20.151580172413787,21.29814,20.93190375862069,9.58681263448276,0.0,0.0
20.71912363793104,18.993680189655176,14.052623303448275,4.75760465862069,8.242386103448275,0.002073090655172414
19.963032844827584,4.768211236551724,-3.5359820317241377,-20.20478442793104,24.48214693103448,0.014461082103448276
18.849916310344828,-11.320208032413792,8.402919151724136,-9.799440900689657,33.24686755172414,0.012002118379310343
6.555362258620689,-13.615569468965518,8.268545910344828,-5.66641456724138,29.342059344827586,0.008360329427586206
11.49690884724138,-8.762796241551724,22.912460708620685,-6.850582564482759,12.483397862068966,0.009067425344827585
-0.3579494241379305,17.40662217241379,5.050664048275862,5.610294548275863,0.0,0.0
21.586688896551724,26.888085413793107,17.79946125862069,12.53433666206897,0.0,0.0
