mfcc1_sma3,mfcc2_sma3,mfcc3_sma3,mfcc4_sma3,F0semitoneFrom27.5Hz_sma3nz,jitterLocal_sma3nz
22.49307226923077,30.15907473076923,17.311213961538463,9.569959546153846,0.0,0.0
21.214433000000003,29.149997615384613,16.92627896153846,12.804867442307692,0.0,0.0
17.069721538461536,26.890668538461544,12.056035246153847,12.013701088461538,0.0,0.0
16.397616265384613,17.143217526923078,3.0022125269230773,-11.058961876923076,17.79496934615385,0.0069702314615384614
28.35161446153846,-0.10949659961538466,8.300531303846155,-11.40847676923077,23.123469807692306,0.015256251242307691
18.223412576923078,-15.680302678076924,-5.67748239076923,-19.34173861153846,10.858077269230769,0.020955208596153848
19.772251384615384,18.544246092307695,17.97597125,2.007471233719231,0.0,0.0
21.256852066666664,28.025302899999996,16.768736699999994,11.038953426666668,0.0,0.0
