mfcc1_sma3,mfcc2_sma3,mfcc3_sma3,mfcc4_sma3,F0semitoneFrom27.5Hz_sma3nz,jitterLocal_sma3nz
20.964644,29.676684230769233,18.506327173076922,9.928191276923076,0.0,0.0
22.123242923076923,26.78262023076923,11.527313426923076,7.267975376923077,0.0,0.0
10.995338138461536,23.437907192307698,0.861207586923077,-4.009605853846154,11.868849153846154,0.01291951953846154
20.451919461538463,-12.463141530769231,-5.865026826923076,-15.914304003846155,26.22887446153846,0.010666675311538464
25.18584819230769,-4.705138871923078,-1.5725870538461542,-16.001836168076924,18.53749092307692,0.01256062371923077
27.77887730769231,8.484759146153847,8.622259115384615,-24.523094657692305,27.717388500000002,0.008310964723076924
4.598727934615384,9.98224905,13.780849821153847,-1.5189740923076918,0.0,0.0
12.684561363333335,27.941021,14.062586213333333,12.566345456666665,0.0,0.0
