mfcc1_sma3,mfcc2_sma3,mfcc3_sma3,mfcc4_sma3,F0semitoneFrom27.5Hz_sma3nz,jitterLocal_sma3nz
21.33431311111111,27.187255055555553,15.191710277777775,8.460360805555556,0.0,0.0
23.188961944444443,29.96499777777778,16.935754277777775,9.001263049999999,0.0,0.0
14.105074372222221,23.834614722222224,23.008686500000003,5.134492713333334,0.0,0.0
13.787227419444445,23.92123283333333,3.2747043666666666,-1.3935641888888883,19.40490833333333,0.008429763555555556
31.486714055555556,10.600851566666668,6.074933338888889,-1.4071964666666668,26.087544611111113,0.009655845361111111
28.902573,13.820664833333332,-11.797487337222224,-22.078859233333333,17.536083555555553,0.004608234327777778
26.65395572222222,14.874006844444445,1.3575543333333335,4.195543372222222,0.0,0.0
21.805454565217392,25.36011943478261,15.922173043478265,8.752189904347826,0.0,0.0
