mfcc1_sma3,mfcc2_sma3,mfcc3_sma3,mfcc4_sma3,F0semitoneFrom27.5Hz_sma3nz,jitterLocal_sma3nz
18.393578000000005,13.047969755555554,15.68844435388889,12.399816122222223,0.0,0.0
22.70987525,10.212489666666665,2.251939283333334,8.03803405,16.00925711111111,0.01013115213888889
17.708179833333332,0.6861224500000002,12.585137383333334,3.7574803166666664,33.338723833333326,0.028772135699999996
2.9386177944444443,17.12985515,8.577740337777776,-6.0671860888888896,11.739835222222222,0.0010935854444444446
16.432182688888886,10.454512738888887,18.603273350000002,-1.9912647591666672,28.368175611111113,0.026101109722222224
13.757062722222221,28.05684477777778,12.772664527777778,4.315235728888889,0.0,0.0
24.952446,23.293738166666667,11.513041744444443,-0.3787665833333331,0.0,0.0
27.143224049999997,22.681308899999998,4.579801295,5.0164801985,0.0,0.0
