mfcc1_sma3,mfcc2_sma3,mfcc3_sma3,mfcc4_sma3,F0semitoneFrom27.5Hz_sma3nz,jitterLocal_sma3nz
24.66572522727273,22.04021291818182,19.997867772727275,9.97693656818182,5.448013818181818,0.0
23.31015928636364,18.26359784090909,22.63972295454546,2.2029295831818185,12.831203227272727,0.005913554363636364
29.084930409090905,1.254296890909091,-16.43386516818182,-33.18725495454545,15.971356136363635,0.004359142090909091
30.755344863636367,17.43933683181819,12.159812749999999,-5.720059253636364,12.626276681818183,0.004489392613636364
29.025293545454545,19.282250353181816,-5.771443781818184,-37.31866830909091,17.87263009090909,0.003157800109090909
27.611510090909096,27.988244045454543,15.426926704545453,-5.727704991818184,0.0,0.0
22.928023999999997,29.55975136363636,16.52304881818182,8.37378861818182,0.0,0.0
22.518616399999996,29.2987626,14.780542260000002,8.775793628,0.0,0.0
