mfcc1_sma3,mfcc2_sma3,mfcc3_sma3,mfcc4_sma3,F0semitoneFrom27.5Hz_sma3nz,jitterLocal_sma3nz
18.4902180945946,25.257566081081084,19.637241486486484,10.235077002702702,0.0,0.0
26.781922081081085,11.955581684918917,-1.673354402702703,2.0208001594594593,7.978315378378379,0.003005877954054054
21.796866513513514,3.179708594324324,12.398045295945945,-9.705659650270269,18.74031551351351,0.009705393870270269
27.004382108108107,14.880285852864864,18.089509402702703,4.212263879270271,22.651742945945944,0.011763826964864865
29.43675197297297,27.05907564864865,6.27721652972973,-30.107273720540537,22.920160351351353,0.023193149937837842
26.308455162162158,6.520003868378378,-2.0199066559459453,-17.62679770405406,21.856284837837837,0.007573045243243243
22.26608327027027,8.51634222918919,-2.6340787729729738,-6.193855551351353,0.0,0.0
22.27956053488372,26.37396288372093,14.284282674418604,10.174811002325582,0.0,0.0
