mfcc1_sma3,mfcc2_sma3,mfcc3_sma3,mfcc4_sma3,F0semitoneFrom27.5Hz_sma3nz,jitterLocal_sma3nz
21.825254548387093,30.665088580645165,17.76745893548387,10.463857796774194,0.0,0.0
25.067040838709676,28.82263791935484,18.16875701612903,10.239292348387098,8.192497193548387,0.004291057725806451
32.22054719354839,11.092459389032259,25.149238229032257,9.159442983870973,16.73275690322581,0.011767464703225806
32.22605341935484,-4.377051008387096,-17.71414531387097,-15.352637020967743,0.0,0.0
30.258908096774196,23.462249641935482,9.867892890322583,-11.686786375483871,4.457030677419356,0.002762979209677419
29.282484322580647,21.698977741935483,18.240126397096777,4.125564470967742,6.5190875483870965,0.003254115222580645
31.70324251612903,24.774689249903222,5.393980476129031,-20.76490621161291,0.0,0.0
24.12325421875,22.172625090625004,13.00856686875,7.420317583125,0.0,0.0
