mfcc1_sma3,mfcc2_sma3,mfcc3_sma3,mfcc4_sma3,F0semitoneFrom27.5Hz_sma3nz,jitterLocal_sma3nz
22.89039221875,27.9768219375,16.391992593750004,10.69188213125,0.0,0.0
23.7308575,4.672709275,9.814791700187499,1.4031628776250002,16.21781953125,0.01180933025
4.963733187499999,10.666108703125,4.22955104928125,0.41130899906250007,28.200616937499998,0.01269389625
17.0580205275,22.015654403124998,14.7376252,-1.9963037553125003,12.45477428125,0.0035375142187499997
25.415859578125,17.0979838,16.086888524687502,5.9733258750000005,7.895926749999999,0.0039821989375000005
30.6360965,10.410119490625,-5.720400740625,3.236796053125,0.0,0.0
21.41813671875,26.966419125,15.577068609375,11.523766865625,0.0,0.0
21.727549812499998,29.331511281250002,16.627914515625,11.599877384374999,0.0,0.0
