mfcc1_sma3,mfcc2_sma3,mfcc3_sma3,mfcc4_sma3,F0semitoneFrom27.5Hz_sma3nz,jitterLocal_sma3nz
19.994060435897435,27.445676884615384,18.28768388205128,8.291617966666669,0.0,0.0
28.831208487179484,9.271416638461538,8.898764334615384,6.673883592051284,17.752304846153844,0.010776654407692307
28.172623615384616,14.854124666153847,10.319918263076923,2.6500620671794874,14.422121974358975,0.00503709371025641
30.56188315384615,24.129234251282053,17.98096777948718,9.91792080648718,14.204458999999998,0.01671243953846154
29.629368410256404,30.02206948717949,5.1997073802564096,-8.467452549076922,11.287989692307692,0.01182123976923077
30.234531576923075,16.760511079487184,-3.4814893930769224,1.511767263076923,10.801889076923077,0.005492990230769231
26.28260182051282,9.108454433076924,-3.338747802564102,0.5448865166666667,0.0,0.0
21.690590325581397,27.921227906976746,17.13202334883721,10.376252841860463,0.0,0.0
