mfcc1_sma3,mfcc2_sma3,mfcc3_sma3,mfcc4_sma3,F0semitoneFrom27.5Hz_sma3nz,jitterLocal_sma3nz
17.1700955027027,17.131953064864863,15.321709345945944,6.798299427027029,1.9229974054054053,0.0
23.970426216216214,-7.9464365383783795,-1.3057315702702708,-21.453611078918915,28.73511243243243,0.011402581586486486
21.32375189189189,-7.554459365945945,5.988309772324325,-17.990826445135134,36.87100908108108,0.014046477029729729
20.274605797297298,-1.6238332162162161,1.7560279964864873,-24.354805579459466,39.52894656756756,0.03401380868918919
19.338012783783785,-7.477908831621623,-15.26140676216216,-34.921904118918924,38.12853208108108,0.011872291594594596
23.885049845945947,0.48307680108108103,-5.733979595675676,-11.252444747675673,13.050513297297298,0.009990821343243243
22.050378021621626,5.71182181081081,-0.7333313891891887,11.197200535135133,0.0,0.0
21.029190891891894,28.0597887027027,16.273578702702704,10.848426051351352,0.0,0.0
