mfcc1_sma3,mfcc2_sma3,mfcc3_sma3,mfcc4_sma3,F0semitoneFrom27.5Hz_sma3nz,jitterLocal_sma3nz
22.53358412,27.2308734,17.849392719999997,8.816450168,0.0,0.0
23.77157364,17.5340946064,20.583651439999997,8.70227468,10.480974759999999,0.00397061704
21.9448670896,12.915934796000002,22.597580479999998,3.5437074879999995,16.71095732,0.013103320679999999
34.92767436,0.3976183802400001,-17.91158108,-20.743957346800002,35.69993772,0.046905296508
32.90874992,12.481196244,8.2098194404,-11.0698685024,19.912560080000002,0.017753478412000003
31.462956440000003,21.224293239999998,20.256881233199998,-9.26810714,10.70741348,0.009607876492
23.330354039999996,13.873536445600001,-0.40655622791999974,-24.452055196,12.90362244,0.0069085902
28.16846780645162,27.84539748387096,14.175427496774196,-14.1492986,0.0,0.0
