mfcc1_sma3,mfcc2_sma3,mfcc3_sma3,mfcc4_sma3,F0semitoneFrom27.5Hz_sma3nz,jitterLocal_sma3nz
22.598753037037042,28.961898851851853,15.230373055555553,7.725271903703704,0.0,0.0
29.197761481481482,9.818738366666667,3.565955874074074,5.312682841851852,12.409507592592593,0.010649316762962964
18.291883459259257,25.805611481481485,15.101408037037036,11.188918297037038,1.8341923703703704,0.0004150574074074074
27.72066485185185,-2.3303975718518517,-5.2471094259259266,4.399471225925926,14.796649629629629,0.006058629666666668
32.18379788888889,9.680882977777777,1.9809114629629634,-2.624106466666667,18.678210777777778,0.006864010562962963
28.476865370370366,16.708634929629632,4.0432316037037035,4.7023139899999995,0.0,0.0
22.92648466666667,26.756281370370374,18.00335640740741,10.403168062962962,0.0,0.0
22.056710185185185,28.023442777777777,15.616542277777775,10.796180196296294,0.0,0.0
