mfcc1_sma3,mfcc2_sma3,mfcc3_sma3,mfcc4_sma3,F0semitoneFrom27.5Hz_sma3nz,jitterLocal_sma3nz
23.514553800000005,26.780199933333332,12.8509396,6.931544451899999,2.221942,0.0
12.24715526,19.914333576666667,6.361928053333331,4.835586857666668,11.188353966666666,0.0015336943566666668
21.965041449666668,18.498423969999997,7.805686034333334,4.571133629333334,0.0,0.0
12.072583016666666,29.569795300000003,19.246069999999996,9.132220166666666,0.0,0.0
24.670485733333333,20.04291091,22.6637709,14.630457496666669,10.727590566666667,0.0026148583633333333
5.259085791000001,30.124539433333332,14.846715216666666,9.790803140000003,0.0,0.0
13.0427915328,16.41580039,11.213265105666666,-1.3114301329999998,5.2727105666666665,0.0011649910366666669
19.41442425625,16.064658718125,17.76739529375,4.31125837125,0.0,0.0
