mfcc1_sma3,mfcc2_sma3,mfcc3_sma3,mfcc4_sma3,F0semitoneFrom27.5Hz_sma3nz,jitterLocal_sma3nz
22.914611258064514,27.897454903225803,14.713129354838712,9.916037132258063,0.0,0.0
21.807964806451615,26.90695161290322,13.619725435483872,8.83602663548387,0.0,0.0
32.89208467741936,16.48298414387097,-4.728006491612904,-10.793534395806452,12.689443258064516,0.01934600060645161
34.91143493548387,0.74364912483871,-10.673536061290323,-13.027092774193546,25.01624529032258,0.018623186232258056
28.36132569032258,8.043494912903226,12.930556902580644,2.221293834193548,7.365896322580645,0.003130164787096774
20.95031432709677,16.071496329032257,19.252404841935483,8.74980364064516,6.33782164516129,0.0018697665806451612
25.079518451612905,22.223207290322577,22.88257412903226,4.104239846129032,3.084596741935484,0.0034873369677419354
22.677225685714284,28.150272914285715,16.06202082857143,11.456265639999998,0.0,0.0
