mfcc1_sma3,mfcc2_sma3,mfcc3_sma3,mfcc4_sma3,F0semitoneFrom27.5Hz_sma3nz,jitterLocal_sma3nz
7.337960791578948,24.465287105263158,10.769005031578946,-16.551015518105263,3.725411894736842,0.0
21.29670578,-2.3128804789473687,-12.502440305263157,-29.232461752105266,31.77391589473684,0.0168212518
30.04989042105263,-0.5268337889473683,1.8643547368421054,-6.348180239999999,13.589216105263159,0.004478920410526315
28.497338368421048,0.03038337894736867,-9.368653952631579,-22.603622186736843,29.663155526315784,0.01144655642631579
33.755382210526314,15.448766710526312,-1.3624076557894744,-31.49148445789474,23.033030526315788,0.007714660942105263
27.733170052631575,-1.1854632635789475,6.881558189473684,-8.485213936842108,30.636261421052634,0.02300949905263158
15.175916057894737,22.475796857894736,6.829749084210526,9.774599036842107,0.0,0.0
16.39655635521053,26.46624147368421,11.223108036842104,7.129541805263157,0.0,0.0
