mfcc1_sma3,mfcc2_sma3,mfcc3_sma3,mfcc4_sma3,F0semitoneFrom27.5Hz_sma3nz,jitterLocal_sma3nz
22.101167103448276,28.503884448275862,16.449483672413795,11.45750445172414,0.0,0.0
22.185348517241387,27.93328079310345,17.14693048275862,9.70430363448276,0.0,0.0
26.548489482758622,15.465687857586207,10.740320586206899,7.741976579310346,6.839357827586207,0.002808595655172414
12.194134571034486,20.053130662068966,14.740333434482762,8.065703403448277,7.5709751034482755,0.0059981687793103445
23.437329089655172,23.811379965517244,13.212161663793104,8.493759960689655,2.4793355862068966,0.0006755280448275863
24.958755310344827,17.08110644827586,7.717886242413792,0.4375278443103452,0.0,0.0
25.73303496551724,21.212536793103446,6.0025419558620685,6.481190437931034,0.0,0.0
23.03960533333333,28.537799060606062,17.28147625757576,10.81903707878788,0.0,0.0
