mfcc1_sma3,mfcc2_sma3,mfcc3_sma3,mfcc4_sma3,F0semitoneFrom27.5Hz_sma3nz,jitterLocal_sma3nz
20.647111680000002,25.77571242,13.930048916,10.654124896,0.0,0.0
31.81047912,1.5593542143999997,-1.019802452,-7.950558930800001,35.9207254,0.033487556352
22.590343280000003,-7.405892107200001,1.1042757868,-17.86403704,42.45703028,0.021541396
21.92253852,-7.063790387200002,-9.897586356,-16.435675348,36.798192160000006,0.009352506692
29.893076599999993,-3.9902351719999998,-15.677031992000002,-14.087854592800001,38.873339279999996,0.012908569680000002
26.712596040000005,7.510482972000001,-7.013269920000002,-6.194576827199999,2.8876918000000003,0.00261773668
21.87737904,8.2565557,6.342048528,15.601482228,0.0,0.0
22.84697738709678,25.705446354838713,14.121158725806449,10.183173374193549,0.0,0.0
