mfcc1_sma3,mfcc2_sma3,mfcc3_sma3,mfcc4_sma3,F0semitoneFrom27.5Hz_sma3nz,jitterLocal_sma3nz
19.2404655,27.34905311538461,16.871561461538462,11.073605238461537,0.0,0.0
24.932564576923077,24.66777253846154,12.435105250000003,-1.526556607692308,9.129405538461539,0.016676368846153845
7.972608905769231,4.603096011538462,-7.848679765384616,-11.84277282253846,27.498568653846153,0.03150697738461539
26.485312538461535,-2.1504993603846154,-3.905189861538462,-8.915934938461536,26.756753576923078,0.060487888384615385
30.137451230769233,6.489250244615383,0.3603699819230771,-23.341090426923078,18.332397384615383,0.008053509776923077
31.670213730769227,10.698259538461539,9.09327094330769,-14.110020742307691,26.705954000000002,0.010024193342307693
17.839072502692307,18.72610840384615,13.930267738461538,10.613661973076924,0.0,0.0
5.103641804074074,24.35868672222222,5.472222527777778,16.783234003703704,0.0,0.0
