mfcc1_sma3,mfcc2_sma3,mfcc3_sma3,mfcc4_sma3,F0semitoneFrom27.5Hz_sma3nz,jitterLocal_sma3nz
21.29233815625,28.953754625,15.0798233125,9.876009803125,0.0,0.0
20.520926312500002,28.04322871875,16.288204531250003,12.327949034375,0.0,0.0
31.361864687500002,14.532325690625001,3.6270050284375,-4.8190202200000005,5.51825103125,0.006163638875
33.00526965625,5.512615248546875,4.7605267640625,-11.594096300624999,21.4450866875,0.012027590453125
19.214983096875,20.124011275,11.521158553125,4.3679744896875,10.805555031250002,0.005926871
24.88810915625,8.3278108584375,2.150753596875,-11.72223595625,19.0751866875,0.01488443444375
26.683196249999998,11.566161536875,-5.038141309375,-16.01289141340625,0.0,0.0
20.56567646875,28.458195625000002,16.338008671875002,11.2270384125,0.0,0.0
