mfcc1_sma3,mfcc2_sma3,mfcc3_sma3,mfcc4_sma3,F0semitoneFrom27.5Hz_sma3nz,jitterLocal_sma3nz
18.48400540740741,8.490846177777778,11.097269464074076,3.5392267844444443,4.750482370370371,0.0
17.94628612962963,9.26155899203704,10.872913577777776,-11.485345574074076,37.57531281481481,0.022938440222222224
11.987137597555554,11.845708285185186,2.6031510951851855,-3.236146037037037,21.177121703703705,0.024267510481481482
27.07245898148148,12.984713738518519,-6.128218706666667,-21.43941144444445,36.448323888888886,0.023278870037037037
20.121855333333333,20.462620092592594,15.104467307407406,0.28668035111111106,13.238210703703704,0.0029455586555555556
38.454376777777775,20.0752325,-7.362219692592594,-21.90537985925927,31.863775962962958,0.016734488055555555
42.87370348148148,10.03173142962963,-17.515643431481482,3.2263795925925924,24.151866407407404,0.012193378903703703
23.06292662962963,26.78698751851852,17.148407814814817,9.87294536296296,0.0,0.0
