mfcc1_sma3,mfcc2_sma3,mfcc3_sma3,mfcc4_sma3,F0semitoneFrom27.5Hz_sma3nz,jitterLocal_sma3nz
37.35513470000001,15.499617884999997,5.6122903200000005,-4.0497074165,23.94975285,0.02465645697
38.9270616,17.597179475,2.2055301400000005,-3.4502127400000004,19.319957199999997,0.006274057000000001
28.191558000000004,21.2806798,15.183279078000002,7.770413445,16.74325675,0.00426969525
12.657902264999999,24.5133469,5.92552629,3.1630188829999994,17.97916215,0.010085236350000002
24.661108679999998,18.924085514,-5.2246599400000004,-4.79025102,15.467255799999998,0.008592220926999999
36.1337299,10.978201420000001,-12.32270547,-10.183389949999999,6.93483775,0.0056852094
31.621763650000002,20.58047125,-2.666175702,-6.980904761000001,0.0,0.0
9.727614019230769,21.651240499999997,18.155739384615384,3.999102108846154,0.0,0.0
