mfcc1_sma3,mfcc2_sma3,mfcc3_sma3,mfcc4_sma3,F0semitoneFrom27.5Hz_sma3nz,jitterLocal_sma3nz
18.92233790625,21.110152734375,18.443635,9.530194140625,5.972568000000001,0.00062903309375
28.4213745625,-11.688122629062502,2.649576128125,-30.85640234375,33.547875843750006,0.01174691139375
27.269133781249998,-10.490840461249999,4.684108654609375,-24.39818856875,38.61842240625,0.00808067825
27.24133646875,9.583806628125,15.906541540115624,-26.80578391375,24.691557625,0.00886591923125
13.6412095125,20.110631696875,29.833623390625,-19.885742796875,15.24010559375,0.01913324846875
26.906883578124997,22.19883875,29.827832625000003,-13.704071053125,33.2452251875,0.012189164646875
22.741507421875,15.4455311,31.440564062499995,-22.81130662125,10.64887234375,0.01022510955
21.637033406249998,27.406499062500004,16.3415498125,9.80816473125,0.0,0.0
