mfcc1_sma3,mfcc2_sma3,mfcc3_sma3,mfcc4_sma3,F0semitoneFrom27.5Hz_sma3nz,jitterLocal_sma3nz
22.085681435897435,20.651434184615386,13.406087753846155,3.6774841256410267,6.182168,0.006091440205128205
17.625167269230772,17.544735707948714,16.509196058974357,-6.502283428205129,16.107843025641028,0.009546673146153846
22.301878179487183,-5.541984188717948,5.890232675897436,-11.759963079487179,27.551754230769237,0.011878457205128205
22.930991589743588,3.134908066666667,5.22927374102564,-16.62665522333333,15.589223487179485,0.0014824785974358978
19.492106797179492,14.825119409846153,4.658275294615385,0.8625050728974362,10.642265333333334,0.0029047129871794873
24.835241858974364,12.60937318717949,7.171356336923076,-13.512304864102562,15.18121248717949,0.00415612898974359
21.498433676923074,20.153751659179484,15.708657474358974,1.2500897860512823,0.0,0.0
20.086508023255817,25.565275255813958,14.20181615116279,9.802801904651163,0.0,0.0
