mfcc1_sma3,mfcc2_sma3,mfcc3_sma3,mfcc4_sma3,F0semitoneFrom27.5Hz_sma3nz,jitterLocal_sma3nz
17.9406487898,26.383561885714283,13.66613606857143,11.275475399999998,0.0,0.0
27.215548714285713,11.153022276285713,18.9246828,4.283858177942856,0.0,0.0
30.29313137142857,-17.565595463142856,12.72957277142857,-8.353106168000002,10.200596914285715,0.0019574326914285714
33.45209322857142,-15.451008391428575,7.356099582857145,-10.998588429714284,18.319643771428574,0.016371008628571423
22.94406822285714,16.021150994285712,18.870039571428567,-4.849081580571429,6.999283428571428,0.005975901299999999
29.84119545714286,4.901411692,13.582206353428573,-13.551455260000001,2.665720942857143,0.0
19.73559308571428,22.125559271428568,20.40014328571429,10.122790850285712,0.0,0.0
20.890296162162166,21.554305837837834,19.503458459459456,9.399095451351352,0.0,0.0
