mfcc1_sma3,mfcc2_sma3,mfcc3_sma3,mfcc4_sma3,F0semitoneFrom27.5Hz_sma3nz,jitterLocal_sma3nz
16.95114742142857,19.96897555,18.490349392857144,10.075594153571428,0.0,0.0
23.187758464285714,18.870928325,19.402757964285712,7.66522705,8.09977567857143,0.013385569
21.68699066428572,6.187305758214285,27.3971213,1.283501572142857,5.977048750000001,0.008054060464285714
18.440093189285715,11.523425516428572,35.967194857142864,-4.949083654642857,23.323579285714285,0.022102463114285712
19.060998835714283,19.502993708928567,9.280020762142858,-6.80547917857143,0.0,0.0
29.556026428571432,12.80373507857143,8.314200965357143,-30.246317047500003,3.122236892857143,0.0006628780714285715
30.676304321428574,17.402164669285714,4.1793081346428576,4.1271124892857145,8.476722107142857,0.005998508678571428
22.045181454545457,26.21983303030303,17.153504742424243,8.661466568484848,0.0,0.0
