mfcc1_sma3,mfcc2_sma3,mfcc3_sma3,mfcc4_sma3,F0semitoneFrom27.5Hz_sma3nz,jitterLocal_sma3nz
22.18645684375,28.8595218125,15.429018265625,10.469602850000001,0.0,0.0
17.71909471875,10.94431849375,24.247337615625,-0.1644784337499997,13.00707959375,0.0016585238906249998
24.8489479375,-0.9691778984375002,-17.523726063749997,-20.34592871875,26.08150984375,0.010588802646875001
17.47129809375,1.678759379375,6.156597001250001,-0.2813499093749999,29.47562396875,0.007101072631249999
23.5660741875,10.31965709375,-14.2386433140625,-51.80257134375,31.878023156250002,0.030154451378125002
12.936852141875,19.0156015625,-6.0219370303125,-27.065938125000002,18.23660375,0.0039074884053125
22.258188896874998,12.145606990625001,-13.268573403125,-44.566100728125,19.271670562500002,0.002892950615625
27.744600562499997,27.0368295,3.905408421875,-16.304379675,0.0,0.0
