mfcc1_sma3,mfcc2_sma3,mfcc3_sma3,mfcc4_sma3,F0semitoneFrom27.5Hz_sma3nz,jitterLocal_sma3nz
23.250290500000002,25.882695545454553,15.765896663636363,7.758210877272727,0.0,0.0
21.25172972727273,25.781297318181817,18.243780113636365,15.303168740909092,0.0,0.0
16.214595986363637,24.97221696363636,11.152949009090907,8.40387805909091,16.978195681818182,0.0026865078545454547
26.774209958181817,2.7392742863636372,3.6670572286363634,6.8649110818181835,28.523049363636368,0.003944838440909091
10.492531951818183,23.438516998636363,2.4533061125454547,12.352450809090907,15.73672281818182,0.008952512227272726
9.673894981818181,16.166404108181816,-7.567682350909092,0.9068472818181827,22.434046136363637,0.012203183636363635
24.347687704545457,-0.38001049090909084,7.660918327272728,1.022681642727273,0.0,0.0
19.49384782142857,20.55232588214286,17.960791517857142,10.979637704260714,0.0,0.0
