mfcc1_sma3,mfcc2_sma3,mfcc3_sma3,mfcc4_sma3,F0semitoneFrom27.5Hz_sma3nz,jitterLocal_sma3nz
20.83080888888889,26.88238544444445,21.11270768518519,11.406506055555555,0.0,0.0
20.06534577777778,-0.6784153048148146,2.63627413037037,-0.09022864592592583,0.0,0.0
28.25569411111111,5.454486490740742,6.514777494444444,-13.123774629629631,23.419388851851856,0.002860266085185185
27.610827740740742,2.0986926385185187,-4.105487507777777,-11.683521066666666,23.487752,0.01056306174074074
24.086913037037036,11.851876384074073,3.9409806888888887,-2.9166496218518514,9.21953637037037,0.007181349259259258
31.38286,15.15299898888889,0.3721024922222223,3.971313818518518,3.398201777777778,0.0024636177777777775
25.06669888888889,24.18706285185185,10.868139914814813,8.338772376666666,0.0,0.0
21.306922,26.89758490909091,13.453283969696969,7.875258993939395,0.0,0.0
