mfcc1_sma3,mfcc2_sma3,mfcc3_sma3,mfcc4_sma3,F0semitoneFrom27.5Hz_sma3nz,jitterLocal_sma3nz
17.910456240000002,22.175720308,18.725843700000002,4.455837971999999,10.515374280000001,0.00341159228
12.201679899999998,15.747772662399997,6.9300779288,-1.926899884,13.624449239999999,0.006902744400000001
29.90547972,13.652216871999999,-3.522436730000001,-26.535617620000004,40.34103804,0.02236973214
27.698991440000004,3.5333604879999996,-3.357297882,-9.1741279444,33.88758408,0.017592407560000002
25.195829500000006,9.21027016,1.0481070384000004,-2.614634948,12.40723428,0.00576462836
30.38179504,2.78966003868,-9.648542212,-14.216852855720001,10.405195999999998,0.00387194752
23.032016080000002,20.642103332,12.892835832000001,12.44650248,0.0,0.0
22.271392074074075,28.56650981481482,14.977729666666669,10.048383955555554,0.0,0.0
