mfcc1_sma3,mfcc2_sma3,mfcc3_sma3,mfcc4_sma3,F0semitoneFrom27.5Hz_sma3nz,jitterLocal_sma3nz
20.902144307692307,19.72601648076923,18.863178742307692,7.171094521538462,0.0,0.0
32.286345807692314,-1.406994784615385,-1.4851635667307694,-12.36165738076923,35.67069026923077,0.021154722076923076
31.578171307692312,12.309794542307692,9.901822988269231,-5.868491736153846,33.21948303846154,0.014886345473076924
32.5322215,13.366476815384614,1.669577211538461,-11.393198848846156,21.906309115384616,0.055747319653846154
37.80824611538462,2.720350069230769,-11.30367183076923,-21.159601992307692,32.277400269230775,0.040511649134615385
30.246110153846153,8.353333663461537,-8.396123285384615,-12.731148399615385,0.0,0.0
22.91922896153846,21.482954538461538,11.470807888461538,9.758095452692308,0.0,0.0
21.57877766666667,27.510490666666666,17.957174296296298,9.875016714814816,0.0,0.0
