mfcc1_sma3,mfcc2_sma3,mfcc3_sma3,mfcc4_sma3,F0semitoneFrom27.5Hz_sma3nz,jitterLocal_sma3nz
19.7470306,29.561725374999998,19.879097062499998,7.742183262499999,0.0,0.0
30.108109583333334,12.477148195416667,3.5173691312499997,-9.845371058333333,20.718240375,0.006458995083333333
33.265544999999996,8.8914224075,9.322453587500002,-1.5058347958333334,35.768121875,0.0272477247875
27.552387666666665,8.857063583333334,0.5200461875,-15.455570470833335,23.44742545833333,0.006831538037499999
12.239881941666667,27.2764924375,-0.41820200329166674,0.11303706750000005,11.742018083333335,0.008177091083333332
24.477668166666664,-7.793455091666666,4.893483445833334,-8.344328779166666,6.632805375,0.010600588125
24.38599583333333,11.739433483333334,3.9417052691666665,-7.720895635416667,0.0,0.0
21.890928,28.25069457142857,15.252489607142858,11.084926071428571,0.0,0.0
