mfcc1_sma3,mfcc2_sma3,mfcc3_sma3,mfcc4_sma3,F0semitoneFrom27.5Hz_sma3nz,jitterLocal_sma3nz
17.537197968085103,19.60220062680851,17.11146321276596,-2.4717180914893615,14.886726574468089,0.00327983274680851
17.051765123404255,6.113096856808508,-11.934750399999999,-24.694220338297875,25.87985338297872,0.014696324708510638
25.95064065957447,14.926144685957446,-13.282542140425534,-45.93042304255318,39.50425240425532,0.010626566757446809
24.36988395744681,2.753385050425533,-8.901949519574467,-31.548144987234043,35.540386000000005,0.01740493468723404
22.292714063829784,9.328813529787235,-7.338653803702127,-35.777959151063826,22.885352787234044,0.005079091012765958
16.75007010638298,-13.321413957446808,-16.944737015744685,-37.474173446808514,35.571252,0.018346901368085106
17.90173645106383,8.953108002765958,8.04807630425532,13.065100308936172,0.0,0.0
21.688004722222225,28.460341740740745,16.068936759259262,11.426042266666665,0.0,0.0
