mfcc1_sma3,mfcc2_sma3,mfcc3_sma3,mfcc4_sma3,F0semitoneFrom27.5Hz_sma3nz,jitterLocal_sma3nz
21.4956678,27.04453028,16.0019043,7.614369174399999,3.9195840399999997,0.0
3.33247498428,23.664325727999998,7.597526276,11.682305433600002,11.105322280000001,0.00413314716
21.11664996,10.8687361892,-1.2341743408,-4.1255589712,23.49273468,0.0108405772
13.2921099824,26.679966959999998,15.1540352544,10.6681137048,7.07330516,0.00933618724
-1.9989480669600002,24.875807999999996,7.404109752,20.847292192,3.2362800400000005,0.0
21.301323736,-0.30983180640000013,4.111233104,-19.288105408000003,11.97577964,0.0085291914
17.121925244,14.124594592,17.976905040000002,13.962062404000001,0.0,0.0
21.828450629629632,27.546187185185182,17.02228416666667,11.192480703703707,0.0,0.0
