mfcc1_sma3,mfcc2_sma3,mfcc3_sma3,mfcc4_sma3,F0semitoneFrom27.5Hz_sma3nz,jitterLocal_sma3nz
22.24711993939394,29.904892696969696,18.24387225757576,12.657345912121212,0.0,0.0
21.25835246969697,21.205133454545454,25.69929615757576,-1.3933434403636362,15.191227818181819,0.007671914393939395
29.575108363636364,15.34930319259091,0.016768511515151772,-1.3510803696969695,11.433472606060608,0.009384903393939393
33.10575366666667,16.535374881818186,-1.6115205836363637,-11.735078437878789,6.151803000000001,0.0022633127575757577
28.899415606060607,26.0372186,15.947941823242424,-1.0091327909090908,17.03908096969697,0.016124597203030302
31.88506627272728,20.711588277848485,-2.785374433666667,-31.951455173484852,20.57281454545454,0.007009696263636364
24.222697909090908,28.15223996969697,12.297242124242425,0.1803120939393939,0.0,0.0
21.557747315789477,26.747418210526316,16.81711994736842,10.15969505263158,0.0,0.0
