mfcc1_sma3,mfcc2_sma3,mfcc3_sma3,mfcc4_sma3,F0semitoneFrom27.5Hz_sma3nz,jitterLocal_sma3nz
21.53622687096774,29.981564645161285,16.984426129032258,12.135450419354841,0.0,0.0
15.590222374193548,15.777391719354839,21.72058816129032,9.029142648387099,14.096451967741933,0.008980837796774192
2.0888558419354846,10.400566503225805,14.610810476451613,-1.982864392580645,17.831325806451613,0.012137296999999998
12.589441632258065,-5.441317709677419,10.924192048387098,-9.676749522580645,35.53956541935484,0.03989483685483871
16.611197216129035,-15.160882887096772,-3.5094535703225804,-17.01921954516129,30.077125709677418,0.0070618217645161295
21.585924732258064,-2.20839328916129,-11.568930401612901,-27.17050207419355,25.286563967741934,0.013548400332258063
20.750636506451613,-6.007046505806451,-4.993058584516128,-12.865619067741935,0.0,0.0
22.04719871428572,26.13417374285714,13.579860345714287,11.873841474285715,0.0,0.0
