mfcc1_sma3,mfcc2_sma3,mfcc3_sma3,mfcc4_sma3,F0semitoneFrom27.5Hz_sma3nz,jitterLocal_sma3nz
21.043638782608696,29.576245826086964,17.991146826086958,9.285223326086953,0.0,0.0
24.756024869565216,3.867691447826087,7.126279865217391,-3.460839883913043,29.537066086956518,0.01133562915652174
21.801920478260868,-5.015874065217392,8.999844997826084,-4.52593205478261,25.03030682608696,0.004496583913043479
32.7905885652174,2.9029342604347828,10.101251591304347,5.787449775217393,21.552748434782607,0.011241849565217392
24.283824173913043,-9.662871632608693,-12.581827984347823,-20.033248969565214,22.033383782608695,0.02957624614347826
22.349624043478265,27.483104978260865,15.455598404347825,-11.629178265217394,7.376844304347826,0.0053173896521739135
31.569478913043476,10.44714095521739,4.5537891434782605,-16.900550413043476,13.055946304347826,0.006592088391304347
27.88788303571429,13.868180735714285,17.666165214285716,6.1470121042857135,4.94872575,0.005763255964285714
