mfcc1_sma3,mfcc2_sma3,mfcc3_sma3,mfcc4_sma3,F0semitoneFrom27.5Hz_sma3nz,jitterLocal_sma3nz
20.727095045454544,25.56876293181818,17.265171159090908,12.063606652272728,0.0,0.0
21.335860954545456,19.83217295681818,22.30049598863636,14.751767840909089,10.175461681818181,0.019714158768181816
24.095045318181818,-1.7015664105454542,6.506102459090909,0.2462327236363632,17.498920272727272,0.011970651172727274
20.908242456818183,13.944318313636364,9.730393440909092,14.335661656818187,19.351296250000004,0.010776998070454544
26.12802884090909,5.581461136363636,13.137154659999998,-0.1937024964999998,15.669449545454546,0.006855886874999998
31.188620318181822,0.8785610045454547,-6.012241902727274,-14.42198840909091,10.266090931818182,0.011827997927272727
19.992069852272728,17.580527236363633,17.981573165909094,5.4681695988636365,0.0,0.0
18.55851268627451,24.38735570784314,19.795839588235292,12.916808290196077,0.0,0.0
