mfcc1_sma3,mfcc2_sma3,mfcc3_sma3,mfcc4_sma3,F0semitoneFrom27.5Hz_sma3nz,jitterLocal_sma3nz
21.134147269230773,27.632108846153848,14.684685192307692,9.241616515384615,0.0,0.0
16.11562865423077,29.94058496153846,9.72584559230769,-3.877924619230769,15.959683346153847,0.010550778692307692
22.026559923076924,-4.036959058461538,-9.637311420000001,-19.70063856153846,37.044451384615385,0.02165279506153846
27.960153153846157,3.6476704942307694,-6.427254295384616,-11.633540025769232,25.45285307692308,0.009815885026923078
30.9692575,14.1640737,-0.48659777519230774,-25.11374532846154,38.27310996153846,0.07064181712692308
19.486460200307697,6.811793932615386,11.039925776923077,-7.21654443923077,7.8190205769230765,0.005912518692307692
13.181567956153845,27.101920000000003,12.787958288461539,11.162687042307692,0.0,0.0
21.72392040740741,27.268308333333337,14.904860337037034,9.274544899999999,0.0,0.0
