mfcc1_sma3,mfcc2_sma3,mfcc3_sma3,mfcc4_sma3,F0semitoneFrom27.5Hz_sma3nz,jitterLocal_sma3nz
20.17424342307692,27.210490115384616,14.763657823076924,7.634818970769231,0.0,0.0
34.83545853846154,18.32591076923077,-7.514273731538461,-16.09924303846154,17.263867615384616,0.010157681446153847
28.61688246153846,9.635968600769232,2.529653346153846,-9.144123516538462,24.89457746153846,0.009747035115384616
13.513384949999999,28.010587730769235,3.1221344476923076,-1.9162356526923077,9.106686499999999,0.007380720538461538
26.841326807692308,0.6683976292692306,-7.150130723076923,-12.760886768461539,0.0,0.0
23.46736615384615,18.50716640769231,3.1472802096153845,0.6296340792307691,0.0,0.0
20.197330615384615,25.980992923076922,14.213000576923076,9.42395181923077,0.0,0.0
21.436763814814817,26.881313407407404,14.50011874074074,8.71934035925926,0.0,0.0
