mfcc1_sma3,mfcc2_sma3,mfcc3_sma3,mfcc4_sma3,F0semitoneFrom27.5Hz_sma3nz,jitterLocal_sma3nz
22.38114427083333,13.703674739166667,21.834525854166667,8.843627320833333,17.61664970833333,0.013608298125000001
22.9985085,2.396463785416667,12.208982391666666,7.9660775374999995,35.857487875000004,0.014316808383333332
19.47945245833333,-6.828983988333333,-25.729532333333335,-38.395410375,37.734811083333334,0.018691494208333333
25.356545416666666,6.035052357916666,8.065997812500001,-14.561916541666667,33.11804179166666,0.023247406083333328
19.744276708333334,8.160434200000001,7.129063470833334,-6.196663408333333,15.325462333333332,0.004904723583333334
16.160767250000003,15.598658025,-4.3371698125,-62.802152,30.722855666666664,0.007933441758333335
27.737246916666667,29.16344275,16.583835625000003,-41.888196125,0.0,0.0
22.089768677419357,27.37592835483871,16.670511112903228,6.2334069645161305,0.0,0.0
