mfcc1_sma3,mfcc2_sma3,mfcc3_sma3,mfcc4_sma3,F0semitoneFrom27.5Hz_sma3nz,jitterLocal_sma3nz
20.803635035714283,19.371488324999998,11.029447615357142,5.696696542857142,0.0,0.0
29.015131285714286,-2.216618140714286,-1.610716347142857,-14.454443714285713,13.83567610714286,0.0038343238428571427
28.28211896428572,4.942074596428571,14.838847314285713,1.1791576428571424,16.6404665,0.005175946867857142
33.474176321428565,12.38303980357143,-5.1405241607142855,-24.368536028571434,8.352055142857143,0.004429563464285714
31.197441535714283,17.330975691785714,-6.4392648125,-6.303791256785714,0.0,0.0
25.483000607142856,2.5262236857142857,-8.399721189285716,-3.372804817857141,0.0,0.0
21.582008964285713,26.458322035714282,16.163861821428572,10.875831417857142,0.0,0.0
19.661907300000003,24.08974973333333,17.806780066666665,9.588908630000002,0.0,0.0
