mfcc1_sma3,mfcc2_sma3,mfcc3_sma3,mfcc4_sma3,F0semitoneFrom27.5Hz_sma3nz,jitterLocal_sma3nz
16.543775494285715,6.384686185714286,9.24770718,0.9094997445714282,7.7739144571428564,0.004816717399999999
19.13046672,8.379196207714287,18.338049671428568,-6.467077757142858,26.441952685714288,0.009994467342857144
16.531803511428574,-12.5877383,2.1376869,-18.945548008571432,25.268141399999998,0.033994302559999995
22.98845913142857,3.0604108742857137,11.925708894285712,-4.637343174,13.583916342857142,0.028419841694285713
20.597869908571425,-15.365561145714283,-6.181467048571428,-1.2612389662857144,24.641791828571428,0.023309379828571432
25.274025599999998,10.820882518285714,5.8952894665714295,-11.926714222857141,21.12645031428571,0.010628811737142857
25.166254342857144,-7.818327167142858,15.215590729714288,9.398407880857144,12.7497136,0.01614520531428571
22.253897634146337,20.24889946585366,15.164704007317075,9.98344402195122,0.0,0.0
