mfcc1_sma3,mfcc2_sma3,mfcc3_sma3,mfcc4_sma3,F0semitoneFrom27.5Hz_sma3nz,jitterLocal_sma3nz
21.02408417241379,27.67506965517241,17.683860310344826,9.361569344827585,0.0,0.0
20.841721586206894,26.315647189655174,20.547654413793104,6.2577527551724135,3.825876413793103,0.0
26.834121068965516,6.311813343793103,3.504588867241379,1.720287201724138,26.255419827586206,0.011993836810344827
24.177864941379305,17.077932510344827,6.433992368965516,-9.229238608275862,32.19462465517241,0.019917614855172416
18.007372951724136,26.625651896551723,2.1421080206896557,-12.649912299310346,13.069539793103448,0.005968855410344828
24.47701565517242,22.368014241379306,-10.54186853448276,-53.969426999999996,27.998211034482757,0.008548844327586206
26.779134724137933,27.970502689655174,6.29063878689655,-19.03211051034483,0.0,0.0
21.231775137931034,27.358392310344822,14.357225310344825,10.088353696551724,0.0,0.0
