mfcc1_sma3,mfcc2_sma3,mfcc3_sma3,mfcc4_sma3,F0semitoneFrom27.5Hz_sma3nz,jitterLocal_sma3nz
21.95147623076923,29.49155676923077,16.02728803846154,8.65866681923077,0.0,0.0
20.002468500000003,27.279918538461537,16.113723557692307,6.6157573273076915,0.0,0.0
23.323461307692313,-5.151170125384615,-15.044025103846154,-20.29258072153846,40.46312723076923,0.011855352126923076
23.426701807692307,-3.95429263923077,-0.5504181461538462,-18.336068873076922,49.22015003846153,0.020086218711538463
21.05426151923077,9.28446512,9.260181838076923,-6.163134042307691,21.359235153846154,0.030566477350000003
18.082140365384614,19.241880638461538,4.411971423076923,-2.829429080769231,18.949935461538463,0.006176277961538462
30.859664692307685,-3.254872396153846,-3.5588707565384614,-8.535482571153846,25.42003223076923,0.011723413315384614
22.894515576666663,22.902913,10.649345553333335,-0.972204339,0.0,0.0
