mfcc1_sma3,mfcc2_sma3,mfcc3_sma3,mfcc4_sma3,F0semitoneFrom27.5Hz_sma3nz,jitterLocal_sma3nz
20.565950875,27.427618833333337,19.439307875,4.56576389625,0.0,0.0
13.4659872625,16.40684122916667,20.023978104166666,-15.084891095833333,7.780707875,0.009201651875000001
4.672863909166667,-7.617982165000001,-8.650178029166666,-28.068411408333333,46.6902245,0.02418568717083333
4.9438236020833335,-32.729103375,-13.19352259166667,-26.833988708333333,50.12112316666667,0.0070884174625
10.314396691666667,-12.697470154166666,-13.276498916666668,-13.72353658125,15.453330124999999,0.025705384900000003
7.776968578333334,-20.18171750708333,-26.206531666666667,-31.8746708625,27.95844070833333,0.013971969041666666
13.767446983333334,-6.826012259583334,-4.70269487125,5.111948716666667,0.0,0.0
23.96123532142857,25.35393871428571,10.348759339285712,7.794363185714286,0.0,0.0
