mfcc1_sma3,mfcc2_sma3,mfcc3_sma3,mfcc4_sma3,F0semitoneFrom27.5Hz_sma3nz,jitterLocal_sma3nz
20.176440217391306,28.088132652173915,14.567874652173916,9.452380852173913,0.0,0.0
19.164161782608694,19.799475652173914,24.94443217391304,3.6670257891304345,0.0,0.0
13.008692047826086,16.061403752173913,16.32129113043478,-15.57724277826087,15.545287999999998,0.004408909695652174
19.908881304347823,-12.880597521739128,-17.977969065217394,-29.71471173913044,47.1876655652174,0.009599475113043477
23.583069521739134,-3.9081839565217393,-10.149157143478261,-12.636430998695653,22.319830652173916,0.003593304304347826
26.950452739130434,-8.294783157391304,-32.37279169565217,-18.307306717391306,14.124167260869564,0.007097929765217391
22.704050913043478,13.851645410869564,1.6742855758695652,10.565320299565215,0.0,0.0
22.03550039285714,25.09812139285714,10.971718985714286,7.808316512857142,0.0,0.0
