mfcc1_sma3,mfcc2_sma3,mfcc3_sma3,mfcc4_sma3,F0semitoneFrom27.5Hz_sma3nz,jitterLocal_sma3nz
15.035842710370373,20.58853269259259,17.446620327777776,5.7672230311111115,0.0,0.0
16.020946777777777,14.452624111111108,23.83025703703704,9.67515742962963,0.0,0.0
26.336361962962958,7.1407182333333346,-4.299420388888889,-8.941346988888888,24.05253007407407,0.016985245851851852
30.30246577777778,4.5412686027037035,-7.29098409037037,-18.609787455555555,35.01469507407407,0.014865446803703703
14.150491784074074,17.251463807407408,-5.0695541282962955,-2.1423823495555556,19.334568370370373,0.00912763537037037
28.18831447037037,6.730953562962963,-4.155335757777778,1.372426862962963,6.336856222222223,0.001742241444444444
19.585101948148147,15.4943377,7.031703777777778,-1.0501400140740742,0.0,0.0
19.618371029411765,26.53209961764706,14.846002170588234,9.065528744117648,0.0,0.0
