mfcc1_sma3,mfcc2_sma3,mfcc3_sma3,mfcc4_sma3,F0semitoneFrom27.5Hz_sma3nz,jitterLocal_sma3nz
20.52263929411765,26.78009297058824,14.838390205882353,9.08104042264706,0.0,0.0
18.43716294117647,22.284906823529415,15.207396220588237,4.905031939705882,0.0,0.0
24.005908794117644,11.95653684117647,6.486063876470588,-15.137383779411763,12.332857352941177,0.005460946802941177
29.37003711764706,-0.2654455539705883,8.436600958823528,-15.524275914705884,25.049533147058824,0.00949890826764706
14.768513005882353,12.457194704117645,2.410461436470588,-3.8265250676470584,13.769576441176469,0.011375075264705882
23.474928794117645,-7.7072061076470595,-8.191624129411764,-29.82269976470588,5.190900294117647,0.0012394209852941175
18.332924520588236,24.922609558823527,9.454272094117648,2.175633623529412,0.0,0.0
21.162293499999997,27.769782999999997,15.256944691176473,7.456837950000001,0.0,0.0
