mfcc1_sma3,mfcc2_sma3,mfcc3_sma3,mfcc4_sma3,F0semitoneFrom27.5Hz_sma3nz,jitterLocal_sma3nz
17.23342810714286,16.9432795,12.931859489285715,3.285885667857143,7.7172126785714275,0.003944082024999999
15.455665100000001,-0.2172909178571428,10.277259421428571,-20.864660428571426,36.74049471428572,0.01163000145
14.126988457142856,2.7100218485714285,-4.849656076785714,-16.034730685714287,27.578610571428573,0.01271619282142857
6.409969330714285,11.971360082142857,20.74148482142857,-21.762220711285718,35.07590396428571,0.007912922246428573
13.195621000000001,14.899947245357142,11.441878960714288,-7.315484324999999,7.311239821428572,0.0019568718928571426
19.45064051071429,15.186757285714284,12.358126945714288,-18.247659780000003,25.25304332142857,0.014163174342857144
32.911846607142856,4.661668060714286,-22.102428014285714,-37.45176392857143,11.69433582142857,0.005500909346428571
25.470787666666666,20.463684484848486,0.15234198000000013,-3.797450928090909,1.5783070606060607,0.0011047407272727274
