mfcc1_sma3,mfcc2_sma3,mfcc3_sma3,mfcc4_sma3,F0semitoneFrom27.5Hz_sma3nz,jitterLocal_sma3nz
10.700688304347826,19.412950652173915,14.955644304347825,6.25651756347826,0.0,0.0
13.263943021739129,8.157381695652175,12.930031192608693,-0.8232715317391301,23.223519782608694,0.009589147130434784
12.819146943478263,5.135367830434783,-18.81068074347826,-30.885716760869563,39.868950869565225,0.008794371908695652
9.27387289130435,-21.670540760869564,-13.188650026086957,-33.41112039130435,43.795606391304354,0.004734653891304348
11.692367495652173,-14.469972334782609,-21.063663182608696,-26.886137043478264,39.61141534782609,0.010807077613043477
0.12103315695652184,-29.598822695652174,-26.578580978260874,-16.801261686956522,32.63089891304348,0.03210660905217391
17.12689195652174,-5.19386342,-1.9687066995652172,1.7368000126086953,0.0,0.0
20.57213772,24.02610928,11.677802152,3.7314950920000003,0.0,0.0
