mfcc1_sma3,mfcc2_sma3,mfcc3_sma3,mfcc4_sma3,F0semitoneFrom27.5Hz_sma3nz,jitterLocal_sma3nz
19.923068999999998,25.7796623125,19.10161096875,7.4742756078124994,0.0,0.0
17.061794515625003,19.7678145625,19.14993496875,6.5659741,0.0,0.0
23.318463671874998,8.780204517375001,7.533925,-22.2884995948125,14.102334062499999,0.0042053116375000005
22.557593968750002,-5.453235145000001,5.239897551875,-9.071758509375,30.829437281249998,0.0078610754125
18.023596634375,-3.73627821875,-1.376179128125,-11.018337954375,36.34313175,0.012208652415625
19.9031088125,-6.280334471875,8.3128109015625,-10.551167451187501,38.0849096875,0.008917443675
21.942221124999996,15.31892555625,15.592016140624999,-6.1080205315625005,6.911110781250001,0.0008621924156249999
20.485595285714286,27.409666857142856,14.541402828571428,8.003741471428572,0.0,0.0
