mfcc1_sma3,mfcc2_sma3,mfcc3_sma3,mfcc4_sma3,F0semitoneFrom27.5Hz_sma3nz,jitterLocal_sma3nz
21.331182571428574,20.792842935714283,19.381692757142854,-2.7301839791428577,9.418729514285713,0.005797571139999999
14.315253914285716,12.905297757142858,26.833803579999994,-10.089981451428569,23.918534171428572,0.012381538688571427
25.173470085714285,-13.206566437142857,-13.329715314285714,-23.055872614285715,31.652622200000003,0.012782108785714286
33.775778714285714,13.936069327714286,-4.592285908571429,-33.06469631428571,29.97272222857143,0.02079832235142857
24.785808542857144,13.585799268571428,12.966653305714289,-20.53798973714286,26.451338257142858,0.019870576208571425
27.575673114285713,14.695384325714286,-10.674078840000002,-52.75008608571429,23.13020602857143,0.019208391857142855
28.119298485714285,27.647947,12.643928202857142,-24.24266749571429,11.3027044,0.007068655219999999
21.259587,24.198505594594593,11.75275254054054,5.623198021621621,0.0,0.0
