mfcc1_sma3,mfcc2_sma3,mfcc3_sma3,mfcc4_sma3,F0semitoneFrom27.5Hz_sma3nz,jitterLocal_sma3nz
21.17432084848485,26.48121181818182,13.417212212121212,6.640576424242424,0.0,0.0
17.67761433333333,18.839114363636366,17.654028954545456,10.74035853939394,0.0,0.0
23.95406381818182,10.635563736666667,11.843960884848485,-10.610379007272728,31.273766727272736,0.01885569105151515
15.646871633939396,13.075024681818181,4.68811625090909,-6.680565287878789,26.40753666666666,0.014144527424242423
21.02090501606061,15.558351066363636,11.319463627878786,-5.229434119090909,14.011746454545454,0.0077106631272727275
24.765160484848487,22.73483403030303,13.621246678787879,-1.0018252545454545,13.225538999999998,0.011485134666666666
33.49599306060607,4.696287456666667,-8.392996221212123,1.5215806490909092,12.284414454545454,0.003282769639393939
20.686164114285717,25.778533628571424,13.835031885714287,9.894651037142856,0.0,0.0
