mfcc1_sma3,mfcc2_sma3,mfcc3_sma3,mfcc4_sma3,F0semitoneFrom27.5Hz_sma3nz,jitterLocal_sma3nz
19.23786344,27.26456552,11.871103872,4.5783347296,0.0,0.0
20.373648507999995,15.417320784000001,4.078501108,-6.105018568,18.196272959999998,0.01317506804
28.65548552,2.0958633308000003,-18.416157464,-34.938961639999995,36.28350492,0.014600873995999998
26.366129919999995,-9.167716804000001,-9.185918255999999,-19.92296202284,32.80322744,0.0056449366680000005
28.05171132,6.94584072,-17.3633830896,-17.660894644000003,11.2103588,0.0042839564
29.210116680000006,-11.811159196,-30.32886704,-5.4338743404,15.87885248,0.009651340699999999
23.282844,10.9376673104,-3.8326053879999993,6.404227043999999,0.0,0.0
19.883375,26.488714444444447,14.533771796296296,8.581078988888889,0.0,0.0
