mfcc1_sma3,mfcc2_sma3,mfcc3_sma3,mfcc4_sma3,F0semitoneFrom27.5Hz_sma3nz,jitterLocal_sma3nz
21.132330729729727,16.755346090270272,12.431183608108107,8.28611380810811,0.0,0.0
22.313930108108103,21.53814470810811,14.60853014864865,7.777433958918919,0.0,0.0
19.207355691891895,20.472021,25.910107737837837,-4.432056956756757,15.566304783783783,0.013820783786486485
29.1612202972973,-11.30072460891892,-17.11881479459459,-6.389429383783784,24.172993405405407,0.007673582905405405
32.78989927027028,20.06133835135135,-0.6595558275675675,-25.55425854054054,13.598221810810811,0.003972609056756757
28.11285764864865,16.347505062162163,6.619476170270271,-13.131524720540542,20.82816408108108,0.010622647905405404
30.939630351351354,27.147141729729732,0.19035155313513505,-30.567677664864867,3.9492620000000005,0.0034130746486486494
19.122123674418603,18.629898430232554,10.580950861860465,8.649523277674419,0.0,0.0
