mfcc1_sma3,mfcc2_sma3,mfcc3_sma3,mfcc4_sma3,F0semitoneFrom27.5Hz_sma3nz,jitterLocal_sma3nz
20.88082565625,26.717269375,15.92219715625,6.13609580625,0.0,0.0
27.723189500000004,12.594665484375,11.86073761375,-7.76167460625,10.174411687500001,0.012619986640624999
26.31755703125,-0.10021390737500002,22.794910359375002,-27.34542795,17.30708928125,0.013869165531250002
28.62405125,7.8609190125,31.117918234375,-25.595702021875,25.353048781250003,0.014885915268750001
30.30401840625,-0.12184770531250033,2.437031685625,-27.721278010312496,21.2272306875,0.006087407825
28.981185625000002,1.3521424612499997,-9.08101035125,-25.20880374675,0.0,0.0
20.19813421875,18.723711909374998,9.880425765625,6.319229776875,0.0,0.0
20.708848375000002,25.2028910625,12.897316153125,5.44570886125,0.0,0.0
