mfcc1_sma3,mfcc2_sma3,mfcc3_sma3,mfcc4_sma3,F0semitoneFrom27.5Hz_sma3nz,jitterLocal_sma3nz
23.559200750000002,22.02089284375,13.327219434375,6.5985777609375,0.0,0.0
23.7406975625,20.13389765625,9.9253350625,3.5994959678125005,0.0,0.0
24.22088778125,-1.74334634875,28.407948690625002,-9.622613281562499,18.51185384375,0.0091286689375
21.88130701875,2.4928329812500003,25.652376646875,-18.70238678625,18.74203365625,0.01825376078125
29.98115496875,9.26799955625,6.45964987625,-44.0223611875,10.8027850625,0.0050779448125000005
20.239380609374997,17.26257018125,12.83669583125,-31.0057866,8.4165824375,0.0012122367406250001
26.2256109375,22.945485125,10.552865139375001,-16.879161421875,0.0,0.0
22.445419842105263,24.366954763157896,11.63801553421053,2.9063277852631573,0.0,0.0
