mfcc1_sma3,mfcc2_sma3,mfcc3_sma3,mfcc4_sma3,F0semitoneFrom27.5Hz_sma3nz,jitterLocal_sma3nz
20.22906625925926,26.768837259259254,14.385604537037038,5.693193544444444,0.0,0.0
21.882534407407405,20.347052029629626,18.01443151111111,5.50541615925926,5.221253925925925,0.0028799727407407406
7.914425198518519,16.537670970370375,12.944791968148149,-6.3792192,16.29788774074074,0.0030647906629629627
18.353918676666666,15.485391362962961,10.591707330740743,3.5010611925555555,5.740088740740741,0.0018845101481481483
1.9300410781481483,32.07303644444444,10.41159234185185,10.073816762962963,2.753671111111111,0.00527361037037037
24.613215629629625,6.806653714814815,17.051962048148148,-16.629751138148148,10.408162074074074,0.006350618611111112
17.41226177777778,19.997398092592594,18.56053533333333,7.689179381481481,0.0,0.0
19.29509611111111,25.38553322222222,15.706228962962962,6.186350548148148,0.0,0.0
