mfcc1_sma3,mfcc2_sma3,mfcc3_sma3,mfcc4_sma3,F0semitoneFrom27.5Hz_sma3nz,jitterLocal_sma3nz
20.17768555172414,25.656420793103443,16.165800344827584,7.872296234482759,0.0,0.0
19.622742379310345,23.040521068965518,15.10349151724138,9.658634368965517,0.0,0.0
33.37275886206896,12.276415927586207,9.157167795517239,-20.320726572413786,7.262200103448276,0.0018103478965517243
26.24195537931034,15.87207270413793,8.734194027586208,-4.280751083448275,8.909361586206897,0.006813962379310345
20.721001634482757,23.520657713793103,13.082502317241378,0.42093143931034444,0.0,0.0
26.26905344827586,13.630882000000003,0.310109044827586,-5.476193119310345,0.0,0.0
20.193151862068966,26.134486275862066,15.850026931034485,7.274394362068966,0.0,0.0
20.35097975757576,26.083637727272727,15.005138045454546,5.9336045696969695,0.0,0.0
