mfcc1_sma3,mfcc2_sma3,mfcc3_sma3,mfcc4_sma3,F0semitoneFrom27.5Hz_sma3nz,jitterLocal_sma3nz
20.240290696428566,24.97233539285714,15.451087107142856,8.076456417857143,0.0,0.0
20.70063232142857,18.05027982142857,16.891221571428574,6.942240182142856,0.0,0.0
25.895959285714287,5.34775800857143,20.356519892857143,-17.949921635000003,23.969955964285713,0.015226337428571426
15.414154494642858,19.021926732142862,24.049870917857145,-11.887876513571427,6.9522597500000005,0.002112242107142857
20.898839264285716,21.881013142857146,13.613460996428572,-3.1532703696428572,0.0,0.0
25.982268107142854,19.135146035714286,2.4568527296428573,-4.907312418214286,0.0,0.0
20.585731285714285,23.39445160714286,14.805806107142855,7.021690578571428,0.0,0.0
20.075903424242426,26.29645912121212,15.834699393939394,6.621072171212121,0.0,0.0
