mfcc1_sma3,mfcc2_sma3,mfcc3_sma3,mfcc4_sma3,F0semitoneFrom27.5Hz_sma3nz,jitterLocal_sma3nz
21.5289989,26.65130663333333,14.935723099999997,5.230933989999999,0.0,0.0
24.890103899999996,16.41847134,25.27843237,-3.9250494170000008,5.927275699999999,0.005789608933333333
23.667824380000003,18.089018666666668,28.50728223,-2.779779941,12.7505751,0.008121819783333333
36.92693843333334,-0.08111616033333414,-3.9874872733333344,-28.67717731666667,21.989007033333333,0.010641368709999996
26.6597721,20.40706568,28.541529266666668,-6.326115021866666,6.054270766666667,0.0022004160733333335
31.848577066666664,17.367991823333334,1.9802569999999997,-34.12475421,13.140187766666665,0.005916616103333333
24.140835133333333,27.034361533333332,13.087298516666667,-4.690510618666667,0.0,0.0
19.66726002777778,26.174081555555556,15.417960805555554,5.7398044375,0.0,0.0
