mfcc1_sma3,mfcc2_sma3,mfcc3_sma3,mfcc4_sma3,F0semitoneFrom27.5Hz_sma3nz,jitterLocal_sma3nz
20.3317841875,25.131002875,15.734161359375,6.014210121875,0.0,0.0
20.08492078125,7.238607509375,9.27191223125,5.940335496875001,3.47265678125,0.0
29.4369821875,-1.0095983312499999,1.499878114375,-23.245642959375,11.585273375,0.0073719235937499995
29.97153659375,1.0101271012500002,9.602289537499999,-5.279968934687501,13.72636615625,0.0195425229375
39.8611341875,17.332189778125,13.38980045,-22.963576775,22.30001559375,0.015725958040625
31.77346971875,7.0036199268749995,3.368715810625,-15.82139709375,16.694077999999998,0.008547331903125
26.778294281249998,12.410965471874999,1.4026996875000002,-9.626370315625,1.59017928125,0.00067483271875
20.893131228571427,23.5788137,13.100081888571431,7.401305417142857,0.0,0.0
