mfcc1_sma3,mfcc2_sma3,mfcc3_sma3,mfcc4_sma3,F0semitoneFrom27.5Hz_sma3nz,jitterLocal_sma3nz
20.54285214814815,25.993166,12.886999690000001,7.494045303703705,0.0,0.0
13.411108911111112,17.20569698888889,12.224017540740741,5.393514184074075,0.0,0.0
32.728215418518516,20.090640894444444,4.660769720740741,-32.60154784074074,24.102103074074076,0.01141679102962963
29.15314088888889,-2.425421766666667,-8.525468114814814,-23.44964351851852,31.306403407407405,0.006943381255555555
27.128016111111112,11.579910420000001,2.8352481114814814,-10.329732398518518,14.99673414814815,0.01013595988888889
23.761622777777777,4.610834496296296,-16.748696581481482,-45.77371281481482,20.882399666666668,0.04549450721111112
23.069538148148148,6.918983803333333,-1.6423914933333332,-14.167833957037036,0.0,0.0
20.717220037037038,21.993679944444448,11.279000370370373,5.576658025925925,0.0,0.0
