mfcc1_sma3,mfcc2_sma3,mfcc3_sma3,mfcc4_sma3,F0semitoneFrom27.5Hz_sma3nz,jitterLocal_sma3nz
19.908458625,24.015039041666668,12.420968833333333,3.360093540416667,0.0,0.0
18.0005525,24.782711333333328,15.342474083333334,4.31972366,0.0,0.0
24.84588558333333,17.39156471041667,10.538122015416668,3.7851785291666666,5.979667541666667,0.0038168773125
31.895466875,14.693510158333334,4.591464234416667,-0.4386986719583336,19.826418291666666,0.004834565349999999
25.808058958333334,1.6973393020833332,24.858339125,6.341686779166666,29.949285291666666,0.02298396241666667
27.13047845833333,-3.8655844489166675,-2.8437948825000006,-4.0008598025,26.72500925,0.009382570283333332
21.490331375,20.341115083333335,13.089583466666667,3.8038997073750003,0.0,0.0
20.60169496774193,26.052635903225806,15.795405645161289,5.685864271612902,0.0,0.0
