mfcc1_sma3,mfcc2_sma3,mfcc3_sma3,mfcc4_sma3,F0semitoneFrom27.5Hz_sma3nz,jitterLocal_sma3nz
20.277808935483876,23.87820558064516,15.994231451612904,8.112017883870966,0.0,0.0
17.128217338709675,21.079218290322583,18.57221608064516,8.019693872903227,0.9344147741935483,0.0
5.5708157225806465,24.832504043225804,6.076633348387097,0.9112138074193545,11.372328451612905,0.00263981735483871
23.18584615032258,10.242499262903225,-3.718280811935484,-5.667749377419356,15.434045225806452,0.01527186071935484
-0.01721636774193534,29.411504580645165,10.13884986451613,3.6600168574193543,0.0,0.0
21.339105451612898,12.590517136774194,4.8066996829032265,-24.067871996774198,39.94255054838709,0.07416771222580644
22.39724187096774,15.64934660967742,10.931720232258064,1.9478943887096776,6.496151387096774,0.005385004258064516
20.120568625,25.2755571875,13.1655216875,6.1214385625,0.0,0.0
