mfcc1_sma3,mfcc2_sma3,mfcc3_sma3,mfcc4_sma3,F0semitoneFrom27.5Hz_sma3nz,jitterLocal_sma3nz
20.69078929411765,26.354062147058823,12.221463561764708,7.661664879411766,0.0,0.0
20.697177235294113,25.74806067647059,11.677816382352942,8.599152294117646,0.0,0.0
21.598896029411765,26.160639235294116,12.64202509117647,7.304823195588235,0.0,0.0
24.37557352941176,7.074320461764707,6.913794752941176,-8.439842676470587,14.538672764705883,0.009339192797058823
17.63608544117647,-5.026114905882354,22.898706179411768,-9.949579662941176,25.381838558823528,0.014458739605882355
23.42077267647059,-1.5118557314705878,12.534798834382354,-0.10289945882352956,13.877411911764705,0.006945509020588235
20.765235911764705,27.522806499999998,13.230020014705884,7.280995979411765,0.0,0.0
21.176361536585368,26.731764268292686,12.64426175609756,7.4550182414634145,0.0,0.0
