mfcc1_sma3,mfcc2_sma3,mfcc3_sma3,mfcc4_sma3,F0semitoneFrom27.5Hz_sma3nz,jitterLocal_sma3nz
20.15111371428572,27.57968385714285,11.18590072857143,6.043694517619048,0.0,0.0
15.913084348095234,22.026451952380956,17.591512257142856,-8.671079109523811,2.6349800952380953,0.0
27.354491142857146,-1.142157923809524,7.784383517619047,-20.611174528571432,21.16670442857143,0.006665566480952381
24.627234428571427,10.41331809142857,-3.0959892476190474,-17.947441947619048,10.299350619047619,0.004480566571428571
26.224752761904764,-10.56363230952381,-17.784104966666668,-23.840059797142857,6.253670476190476,0.0014930899904761906
21.56436114285714,10.83467347142857,6.214521859047618,9.702611361904761,0.0,0.0
21.095169285714285,26.0148390952381,12.976785642857143,6.656003328571429,0.0,0.0
20.703153681818183,26.488898045454548,12.590380113636364,6.900988304545455,0.0,0.0
