mfcc1_sma3,mfcc2_sma3,mfcc3_sma3,mfcc4_sma3,F0semitoneFrom27.5Hz_sma3nz,jitterLocal_sma3nz
21.44312786666666,25.26498663333334,10.679065113333333,6.226270908,0.0,0.0
21.445268300000002,13.250761661666669,12.09461804733333,-2.140336896666667,14.578671233333331,0.024788478133333333
10.03761813,19.211219126666663,14.19627107,9.439493673333335,12.732621666666667,0.010423364746666667
12.554360616666665,-12.366353731800002,-11.837079496666664,-17.091923859999998,32.5222652,0.00955252658
18.023600016666663,-20.301793456666665,-12.408836253333332,-4.413687600333333,35.21291403333333,0.015027920350000001
23.90209627666667,1.0054804566666669,15.980772776666669,10.389072186666663,0.0,0.0
14.85948722,20.42885503333333,10.962201716666668,6.13969461,0.0,0.0
21.274047305555555,25.219791999999998,11.263141572222224,9.037213861111113,0.0,0.0
