mfcc1_sma3,mfcc2_sma3,mfcc3_sma3,mfcc4_sma3,F0semitoneFrom27.5Hz_sma3nz,jitterLocal_sma3nz
21.59372,26.819757481481478,11.551097037037039,5.031750604444444,0.0,0.0
22.609153000000006,11.945731398148146,13.835805170370373,-9.895198576666669,13.261978666666666,0.010371491703703705
21.732355688888884,12.015969264074075,19.356299481481482,-0.07905225740740726,8.545471518518518,0.006705888114814816
25.186206814814813,-9.614310242962963,4.9998186259259265,-8.035481437037038,14.71391425925926,0.03177812062962963
34.487127370370374,10.016855292592593,2.984955498148148,-19.8903957962963,15.970510074074074,0.016740026085185183
29.51219977777778,-4.085651871851852,-5.838752561481482,-7.778575408518519,0.0,0.0
22.97742455555556,24.671501370370372,12.312454,6.876232693703703,0.0,0.0
20.59540637037037,25.605967999999994,12.864795081481482,5.820488077777778,0.0,0.0
