mfcc1_sma3,mfcc2_sma3,mfcc3_sma3,mfcc4_sma3,F0semitoneFrom27.5Hz_sma3nz,jitterLocal_sma3nz
20.78742677142857,25.40957385714286,15.769037399999998,6.3611305571428565,0.0,0.0
22.06447288571429,11.631317897142857,19.647584827142857,2.663832512857143,0.0,0.0
34.99728494285715,1.4944504655428572,1.599111714285714,-16.143153491428574,19.9157714,0.008064530454285714
28.7573306,10.538736691428571,23.00018076,-10.878387892285714,18.958254114285715,0.02139418767142857
37.93192965714286,11.520972525142856,3.3686119960000003,-40.428885628571415,19.208861085714286,0.0047126952828571425
20.042637825714287,24.289626085714286,14.733538345714285,-18.518744859428573,0.9492327142857143,0.00017572947428571428
24.274141457142857,23.665204342857145,5.889506396857143,-5.564124082857143,0.0,0.0
20.767965729729724,26.270183405405408,14.953917837837837,6.641506791891891,0.0,0.0
