mfcc1_sma3,mfcc2_sma3,mfcc3_sma3,mfcc4_sma3,F0semitoneFrom27.5Hz_sma3nz,jitterLocal_sma3nz
18.548326707317074,14.600995912195122,19.009868106341465,6.178137721951219,0.0,0.0
26.15749958536586,-3.577124278292683,18.849547551219512,-9.658779811463415,21.44339575609756,0.017951405587804878
32.986988170731706,-11.384800994804877,8.18950646195122,-19.97467977804878,19.31435317073171,0.0071723406487804895
29.76213024390244,-10.006492162682926,5.80546665902439,-6.197508873414634,18.169970146341466,0.007891821490243903
28.54392712926829,12.04940583414634,10.10209192487805,-13.863065631463414,15.350312317073174,0.004481515002439023
27.956492414634145,6.6072248095121955,8.825035614634148,-3.8995794643902437,4.375539536585366,0.000626213512195122
19.95571331707317,22.91287668292683,14.571671475609758,4.756591801707318,0.0,0.0
20.66480356521739,25.89088289130435,14.757539663043481,6.61418903695652,0.0,0.0
