mfcc1_sma3,mfcc2_sma3,mfcc3_sma3,mfcc4_sma3,F0semitoneFrom27.5Hz_sma3nz,jitterLocal_sma3nz
22.050273400000002,28.503834649999998,12.273204949999998,8.481339229999998,0.0,0.0
19.897974625,22.199659745,20.485432299999996,8.685931075,0.0,0.0
17.40449045,13.587360420000001,14.355042444999999,-12.783587377500002,17.559747949999995,0.0065959073
22.044171399999996,-10.34808569,1.47664549025,-18.094428869999994,29.34290595,0.01758773459
19.212582850000004,-0.402964837,-2.9678661340000003,-21.219594227199998,22.4256825,0.004544795225
25.224990150000004,-9.77853783,-19.633237150000003,-22.000673195000005,3.68347225,0.00035375022
17.732941399999998,5.637420335,8.761505495,9.1118857,0.0,0.0
21.223042692307693,24.98809253846154,11.829443692307693,7.45423222576923,0.0,0.0
