mfcc1_sma3,mfcc2_sma3,mfcc3_sma3,mfcc4_sma3,F0semitoneFrom27.5Hz_sma3nz,jitterLocal_sma3nz
20.802353794117646,25.797604294117644,15.212632911764706,7.264461879411764,0.0,0.0
29.463599088235288,5.356003477647059,31.929279176470587,13.028247867647059,30.537337499999996,0.013179907552941177
29.946487720588237,16.894859467647063,13.582830380294117,-10.670142740294118,24.330602205882354,0.015780996697058822
42.72526464705883,2.592633050294117,-0.4565289034411766,-29.335383523529416,31.908887558823533,0.02186523625
36.35063126470589,17.679020682352938,21.370354702941174,0.1529212070588238,11.994908117647057,0.011725164117647058
32.4931975882353,6.254451867647059,2.0569641767647058,-29.147934108823534,19.032334970588234,0.004759239564705883
28.989136794117645,29.432803441176468,12.325693352941176,-5.663174582352942,0.0,0.0
19.860739048780484,23.970174646341466,14.486347378048785,6.033412190731707,0.0,0.0
