mfcc1_sma3,mfcc2_sma3,mfcc3_sma3,mfcc4_sma3,F0semitoneFrom27.5Hz_sma3nz,jitterLocal_sma3nz
19.40777003030303,27.998522545454545,13.221932615151516,6.988245547272728,0.0,0.0
22.014752666666666,-0.935483855757576,0.0083610484848483,-12.917277266969696,26.756578242424244,0.010236989739393939
20.527287630303025,26.021330409090908,12.736043180000001,3.5264400021212126,15.546894303030307,0.004001126878787879
26.86708627272727,2.3341350848484854,-9.52138341212121,-14.787639233333334,34.68980051515152,0.011397345451515151
26.167124303030302,-1.9902957463636366,1.1646230303030303,-17.43223295151515,25.026972606060607,0.01428213559090909
21.08744072727273,-14.59996846181818,-15.79458614242424,-20.639065957575756,35.97492133333333,0.015817047972727274
28.567109818181816,22.991099615151516,16.19333905757576,-4.334535480121212,7.675000484848485,0.009557221242424243
20.91811225714285,27.600777742857144,13.022056599999999,7.182541354285715,0.0,0.0
