mfcc1_sma3,mfcc2_sma3,mfcc3_sma3,mfcc4_sma3,F0semitoneFrom27.5Hz_sma3nz,jitterLocal_sma3nz
19.324130800000002,7.106477504285715,2.6304548142857147,-3.521213113714286,14.444375657142857,0.004526493285714285
31.584338942857144,-10.647907035428574,-16.147751564857142,-28.63144856,36.694705742857145,0.025957136194285715
39.19477034285715,7.473967045714286,-6.321840673714286,-12.2827996,28.807940514285715,0.0162506666
27.513657885714284,5.892398108,-8.626301697142857,-22.7784758888,31.56174145714286,0.007533339585714286
17.09830309885714,21.72455113557143,6.556609439142857,-7.21238013,26.716847857142856,0.011175258097142857
33.40314265714286,-13.77924239314286,-14.00934295142857,-17.18329723142857,20.294610114285714,0.007919416277142858
18.554677182,12.385773274285715,0.4678066628571431,-8.808338560857143,0.0,0.0
20.140429219512193,26.129969780487805,15.314988317073169,4.697633735121951,0.0,0.0
