mfcc1_sma3,mfcc2_sma3,mfcc3_sma3,mfcc4_sma3,F0semitoneFrom27.5Hz_sma3nz,jitterLocal_sma3nz
21.26387266666667,26.43710227272727,12.57634665151515,4.928132985909091,0.0,0.0
21.24965387878788,26.525879272727273,13.256414348484848,8.383209448484848,0.0,0.0
19.950457615151514,23.1032875,8.489800973636363,3.31458323030303,12.052124545454546,0.013171590303030306
15.061040372727273,7.374543772121213,-3.865842594242424,-6.969271751515151,18.938542575757577,0.009070784393939393
6.429939006363637,24.20939095757576,6.366115059696971,9.519621663636364,8.807631333333333,0.003467876181818182
16.821557065333337,10.114367529612121,5.543182058866667,-14.438202487878788,7.981057515151516,0.0022448640727272726
20.701053969696968,18.188546260606063,15.298061318181817,8.273797145454546,0.0,0.0
20.107618763157898,26.587957605263156,12.117053355263158,6.115006947368421,0.0,0.0
