mfcc1_sma3,mfcc2_sma3,mfcc3_sma3,mfcc4_sma3,F0semitoneFrom27.5Hz_sma3nz,jitterLocal_sma3nz
19.837483119999998,25.7745334,17.61178564,8.347254168,0.0,0.0
19.15579596,25.174330679999997,17.2602319,5.371191648,0.0,0.0
19.142592523999998,22.69128624,21.461463855999995,6.80701023212,0.0,0.0
30.61898784,11.939911944,10.212673112,-19.772426748,15.985410479999999,0.00712926094
28.152538399999997,8.939595040000002,15.629339484000003,-1.1476577514,8.46069372,0.00743118016
32.12732312,-0.52570824,-0.9284818136000001,-31.919030223999997,6.648369439999999,0.0046617204159999995
21.96095132,17.3089922324,11.846969464000004,7.263878012,0.0,0.0
20.254416,25.745548962962967,14.405836351851852,6.468490091481482,0.0,0.0
