mfcc1_sma3,mfcc2_sma3,mfcc3_sma3,mfcc4_sma3,F0semitoneFrom27.5Hz_sma3nz,jitterLocal_sma3nz
22.147778807692305,27.074311230769233,15.587892730769234,4.901998652692308,0.0,0.0
20.959611730769232,23.393459859615383,17.91310776923077,9.018819257692307,3.018534153846154,0.0
20.24746459730769,8.153096609615385,11.370041385,-2.679805538269231,19.432880884615386,0.009442504353846155
36.731341192307696,5.634637230769231,10.462730707692307,-8.406503072692308,28.42704342307692,0.011608313653846153
37.50886446153846,0.703022062307692,-7.066282939999999,-17.446721738076924,14.22983926923077,0.007706040884615384
21.875456038461543,23.825304403846157,12.72142271153846,6.677681283076923,0.0,0.0
21.548586769230766,26.67100403846154,15.319618134615386,5.858641984615384,0.0,0.0
22.529734222222217,27.019843148148148,14.704015481481482,5.342314411851852,0.0,0.0
