mfcc1_sma3,mfcc2_sma3,mfcc3_sma3,mfcc4_sma3,F0semitoneFrom27.5Hz_sma3nz,jitterLocal_sma3nz
19.252538593750003,16.8231442921875,21.573782343749997,10.545289262499999,0.0,0.0
26.931318125000004,1.1860872062499999,31.61845225,10.600002074999999,20.342918125,0.011535856656250001
37.35926128125,-14.454582028125,2.2610906437500002,-14.619369899999999,31.99497359375,0.034112237340625
40.0597746875,-2.5470617148437507,1.4785932781249995,-15.72912586878125,24.766620781249998,0.012607582993125
29.7330655,0.6959268609999999,19.63887248875,-3.601972546875001,29.416025125000004,0.011513991596875
25.476104156250003,-7.15057338125,-5.530200909375,-29.70002275,24.39795315625,0.0329487411875
35.37133328125,14.368956498437498,13.01397741875,-32.5990072165625,4.67991971875,0.0069293640625
22.32527371875,24.50919465625,19.80656321875,5.1105910115625,0.0,0.0
