mfcc1_sma3,mfcc2_sma3,mfcc3_sma3,mfcc4_sma3,F0semitoneFrom27.5Hz_sma3nz,jitterLocal_sma3nz
25.31560867857143,16.009052271428576,11.232362837928571,1.2582395514285711,7.830248142857142,0.0036568796071428573
27.752300785714286,-12.993781893142856,17.173778875,2.0368112392857145,23.699958285714285,0.011444823035714285
15.116562978035716,2.544147825,6.387357276071429,-3.9707107235714285,22.57804210714286,0.013727012125000002
23.07808902142857,-1.9126030850000002,24.168004964285718,-5.365902502964286,19.383472392857147,0.013964253607142858
22.10329499285714,18.077392672857144,12.442918500000001,-3.953542433928572,13.014804,0.00964262967857143
37.86117291071429,7.786615030714286,9.197937764285713,-21.478808532142857,8.589893178571428,0.0061381681535714275
28.692801357142855,20.271111525000002,8.034636728571428,2.9674832785714282,0.0,0.0
22.76364323333333,29.316075466666668,18.06848331666667,8.602368113333334,0.0,0.0
