mfcc1_sma3,mfcc2_sma3,mfcc3_sma3,mfcc4_sma3,F0semitoneFrom27.5Hz_sma3nz,jitterLocal_sma3nz
23.599402076923077,20.036140680769236,10.166995984615385,2.950124605384616,0.0,0.0
31.805685500000003,-1.1703507569230767,7.031982619230769,-13.421148003846154,18.644085115384616,0.0031428380576923073
24.308339153846156,13.208414983846152,13.633405463076922,2.183342246153846,30.511592846153842,0.025622825692307692
27.500375461538457,12.75868887923077,8.466059123076924,-0.524812038076923,7.155254423076922,0.007965682538461537
32.45714473076923,-18.917822836923076,-12.512696188461538,-15.94074071153846,9.628734884615385,0.004143848984615384
7.043065311538462,20.992498269230772,17.088907076923075,2.717773930769231,0.0,0.0
22.04806676923077,28.13619426923077,17.051382423076923,5.825685646923078,0.0,0.0
22.29236237037037,28.061511222222226,17.029389814814817,8.372170774074073,0.0,0.0
