mfcc1_sma3,mfcc2_sma3,mfcc3_sma3,mfcc4_sma3,F0semitoneFrom27.5Hz_sma3nz,jitterLocal_sma3nz
21.72447064864865,27.19532354054054,16.385323567567568,7.06046732972973,0.0,0.0
24.84545556756757,17.51362476756757,19.10753675675675,9.795023529729729,5.741586567567567,0.0036920151351351347
32.789748378378384,-18.711705593513518,28.079012313783778,12.593497391891892,25.748996567567566,0.018617436427027033
37.74270894594595,-17.899436788378377,-3.714422821621622,-17.745596226216215,31.16596383783784,0.09306489181081082
34.47247864864865,-1.9129550964864863,19.81696514864865,-11.591094735405406,18.234809270270272,0.010433483710810812
24.932974824324322,-5.569368305405405,16.848912248648652,-1.9622949756756758,17.624607,0.010832983756756754
29.345645737837838,21.604835556756758,14.857432800000003,-17.66906571081081,0.0,0.0
20.2992222875,23.989428925000002,16.593143375,6.7917942285,0.0,0.0
