mfcc1_sma3,mfcc2_sma3,mfcc3_sma3,mfcc4_sma3,F0semitoneFrom27.5Hz_sma3nz,jitterLocal_sma3nz
21.716452794117647,24.76730077941176,14.648208326470588,5.328206544411764,0.0,0.0
24.347527062794118,-1.1715022941176472,2.038710611764706,-0.040924826470587955,0.0,0.0
26.53703791176471,-18.6918894,19.47622375205882,-3.3586714235294117,15.645165470588237,0.015205769102941176
32.202464647058825,-27.582794073529413,10.769141884705883,-6.8306063382352935,24.775640647058825,0.007967778997058823
27.554209941176474,-5.305653352941175,10.559484629411763,-3.4361254541176476,11.838462911764706,0.001669898867647059
35.48844347058824,-0.1753100947058823,14.814096061764705,-3.7436151617647058,10.107966147058823,0.052636381941176466
19.57469844117647,23.391875573529415,16.712983176470587,6.4602279764705886,0.0,0.0
22.222815176470593,24.966632529411765,14.095096779411765,5.591123430882353,0.0,0.0
