mfcc1_sma3,mfcc2_sma3,mfcc3_sma3,mfcc4_sma3,F0semitoneFrom27.5Hz_sma3nz,jitterLocal_sma3nz
21.115152514285715,28.078730942857142,13.694328554285716,7.588879442857144,0.0,0.0
23.388151428571426,11.715595017142856,11.272151368000003,-0.02475564045714305,9.365529685714286,0.0010276383142857142
11.80536036457143,26.080770114285713,17.942709894285713,14.874264508571429,15.250439885714286,0.007929847171428571
23.051192334285712,-4.525240211542858,0.32098991999999993,-2.048416414285714,22.54750354285714,0.009718403114285713
28.630919771428566,-0.3620092514285715,0.6015164351428572,-6.083861528571429,13.714742457142856,0.004396324005714285
29.60698665714286,9.634434357999998,7.261816174285715,6.548326101142857,12.855376342857141,0.004005973608571428
20.887003371428573,26.577601628571426,14.651313557142858,7.235240814285715,0.0,0.0
20.759900024390245,27.77298914634146,12.627139780487804,6.365497136585366,0.0,0.0
