mfcc1_sma3,mfcc2_sma3,mfcc3_sma3,mfcc4_sma3,F0semitoneFrom27.5Hz_sma3nz,jitterLocal_sma3nz
21.427637099999995,28.7691793,13.452897433333334,6.2606375866666655,0.0,0.0
20.916022766666668,21.04792099,11.30529371,3.0548997566666647,4.954888133333333,0.0006033063000000001
33.88336293333333,1.5203705106666665,-7.0348913997999984,-13.69284159395333,31.8137979,0.010980559239999998
24.72778736333333,13.046891186666668,-2.646474216666666,-1.2451387833333338,23.8757712,0.010169520199999999
20.46815773666667,21.824900563333333,7.565519833333334,12.132126900000001,17.071381733333336,0.012671074166666666
27.66193010333333,-1.5019008023333342,-14.900425616666668,-17.247780633333335,7.1981923666666665,0.00169297379
13.347296873333333,21.947606633333336,14.61075741666667,9.258497463333335,0.0,0.0
20.576349805555555,28.281166083333336,15.310974486111114,9.59393618888889,0.0,0.0
