mfcc1_sma3,mfcc2_sma3,mfcc3_sma3,mfcc4_sma3,F0semitoneFrom27.5Hz_sma3nz,jitterLocal_sma3nz
24.30144451612903,28.2823804516129,14.354105500000001,7.838598296774194,0.0,0.0
22.225882838709683,25.526081469645163,14.121929822580647,8.469772316129031,0.0,0.0
23.95448970967742,7.9873750932258085,10.02967639032258,3.934708271612904,18.283310193548385,0.0033002598193548386
10.861012554838707,21.86752833548387,15.227266012903225,5.238478228064516,18.968845741935485,0.013228297580645159
21.800507774193544,25.593912499999995,13.11039939032258,5.856874204516129,2.5549529032258067,0.0006421954193548386
30.888643967741935,21.643637225806447,-4.458085614838711,-17.96638153870968,7.146585129032258,0.0014602051709677417
21.934563419354838,25.57080419354839,10.688536258064515,5.863436988064516,0.0,0.0
21.39152109375,26.579012875,12.683188662500001,6.6455011796875,0.0,0.0
