mfcc1_sma3,mfcc2_sma3,mfcc3_sma3,mfcc4_sma3,F0semitoneFrom27.5Hz_sma3nz,jitterLocal_sma3nz
21.150667137931038,28.502041413793105,15.909383551724142,7.101874055172414,0.0,0.0
21.539099724700005,23.068134137931033,25.438185586206902,7.689729757724138,12.167276172413793,0.008323325379310346
35.019494,13.616664496551726,-8.765986034482758,-10.958483924137932,21.797775241379313,0.006407678
32.53263579310345,20.65895979310345,7.571441255172415,-12.054591051724136,8.035655655172414,0.004691825344827586
27.706827068965513,18.793251789655173,0.781572645862069,-9.783752951724138,0.0,0.0
21.950443827586206,23.11120848275862,10.9974475,4.022497196551725,0.0,0.0
21.328709862068962,25.552235103448275,13.089285572413793,9.779769462068966,0.0,0.0
20.32836815151515,23.53030878787879,14.2907406,4.722417004848484,0.0,0.0
