mfcc1_sma3,mfcc2_sma3,mfcc3_sma3,mfcc4_sma3,F0semitoneFrom27.5Hz_sma3nz,jitterLocal_sma3nz
20.477145233333328,27.698691833333324,13.635789666666666,7.659459053333334,0.0,0.0
18.397907733333337,28.0725416,10.640758398933333,2.6543128886000003,6.923297533333332,0.0016985190666666667
22.090001425333334,-2.2663633826666665,-8.532846646666666,-6.463224266666666,17.5670528,0.00367550997
28.568818966666665,8.677648713,3.9187215466,-1.5094857713499998,15.810945433333332,0.0078071497
33.922542666666665,20.80140656666666,5.296844213333334,-9.206915930000001,31.049408133333333,0.019336080966666665
16.411097260000002,19.027425110000003,10.735843077133334,2.619703217666667,3.6241060999999997,0.0020123033666666667
19.080212720000002,24.396650533333332,8.881732356666667,5.998173526433334,0.0,0.0
20.927584718749998,27.944093249999998,13.4228129375,5.6199508375,0.0,0.0
