mfcc1_sma3,mfcc2_sma3,mfcc3_sma3,mfcc4_sma3,F0semitoneFrom27.5Hz_sma3nz,jitterLocal_sma3nz
26.50753752380952,8.221039308285714,21.93335885714286,7.880422504761905,26.54570861904762,0.01710855561904762
18.37483970952381,17.698603123809523,19.376001819047616,15.003729952380954,21.235727285714283,0.016617214428571427
35.43770171428572,0.9149950200761909,-22.215492809523806,-25.02224640952381,32.397640285714296,0.02306358676190476
31.80602819047619,9.887366985714285,-2.9238945047619045,-14.690878495238096,19.283963380952382,0.011471633
29.116982095238093,20.00573219047619,15.038281385714285,-4.2384124,19.909549333333334,0.0103502348
25.487138190476188,12.185635614285715,-7.960103175238094,-21.326809357142857,25.49907457142857,0.005191197166666667
31.708987285714286,27.576935095238095,-0.6518049971428572,-36.76534238238095,0.0,0.0
21.554002500000003,19.700420800000003,7.1447806056,6.47798708,0.0,0.0
