mfcc1_sma3,mfcc2_sma3,mfcc3_sma3,mfcc4_sma3,F0semitoneFrom27.5Hz_sma3nz,jitterLocal_sma3nz
23.55169754166667,27.440230375,10.978050187500001,5.688972079166667,0.0,0.0
29.342471125000003,13.8258887625,-0.7959528541666666,0.7716467374999999,8.098710416666668,0.003440749208333333
27.089856291666667,-8.228273670833333,-21.330888395833334,-18.881549208333336,34.40380516666667,0.013821944508333331
30.342654875000004,-0.9401795370833335,10.188408358333334,-1.0063302645833334,33.151186083333336,0.006400678708333333
28.523946166666665,8.111950820833334,19.10617473583333,6.7881095149999995,26.54045766666667,0.0137522234375
23.054756125,7.078257816666667,23.724035541666666,6.620171357083333,20.128136833333333,0.007448154333333334
24.597477875,24.130908750000003,13.762860187500001,5.61294067375,0.0,0.0
22.614023107142856,27.274503035714286,12.770842875000001,5.818990467857143,0.0,0.0
