mfcc1_sma3,mfcc2_sma3,mfcc3_sma3,mfcc4_sma3,F0semitoneFrom27.5Hz_sma3nz,jitterLocal_sma3nz
22.299107250000002,26.834024875,10.915954483333332,4.790068166666667,0.0,0.0
17.199388154166666,26.03438941666667,10.779402183333332,1.3861787808333335,0.0,0.0
34.13263833333333,10.706261641666666,-4.712710175000001,-15.886372166666666,22.972480583333333,0.009797934908333335
35.315247291666665,4.645765874166667,-3.8782652916666667,-11.030346011666667,28.973629,0.012501405870833334
32.487542625,8.214424448333334,11.120874225,10.267536391666667,28.68715170833333,0.011458106058333334
30.38948529166667,8.376659929166665,21.40545429166666,2.5957120666666667,29.222292416666665,0.015053086979166666
26.659190291666665,22.492420916666664,13.066008479166667,4.013015291666666,2.273087041666667,0.0013305669166666669
22.297672142857135,26.05051264285714,14.081656017857144,7.979288503571429,0.0,0.0
