mfcc1_sma3,mfcc2_sma3,mfcc3_sma3,mfcc4_sma3,F0semitoneFrom27.5Hz_sma3nz,jitterLocal_sma3nz
22.532354464285714,26.4155825,11.75857031428571,5.257100157142856,0.0,0.0
22.673996000000006,26.520425607142858,14.188589035714285,6.979754532142857,0.0,0.0
28.427874107142856,6.136902759642856,8.774311739285716,-4.578686477142857,31.096480428571432,0.016511275742857143
30.64938028571429,8.229517359499999,7.287428942142857,4.081713199392857,27.32220439285714,0.008579083932142857
31.660104178571434,15.486591989285715,-6.345557839285715,-19.401733782142855,27.866856250000005,0.011126469746428573
20.269325632142852,23.205565714285715,-2.9168187246428574,-18.10397412714286,13.200699892857143,0.0024398305857142857
29.914746517857143,19.56294533928571,-11.12168362857143,-44.18133359285714,18.717707142857144,0.0059622315214285715
26.241895636363637,25.95435318181818,7.357793548484849,-4.3444250437575755,0.0,0.0
