mfcc1_sma3,mfcc2_sma3,mfcc3_sma3,mfcc4_sma3,F0semitoneFrom27.5Hz_sma3nz,jitterLocal_sma3nz
22.38273182352941,27.205058411764707,12.941860029411764,4.907064135,0.0,0.0
21.94391779411765,24.13320361764706,15.767226897058823,6.755427425294118,3.935536735294118,0.0
19.877800264705883,-9.084735565,1.8833899194117645,-4.754474290882353,31.36263876470588,0.03918665555882353
19.39882720882353,2.6466365264705884,0.4321925799999999,-16.96500744117647,34.6535985882353,0.014750299047058827
17.50985229361765,14.035864649999999,-6.469373495882353,-30.25566663147059,15.588691294117647,0.002371625782352941
21.75544167647059,12.841979359999998,-7.200040755294118,-54.49822986176471,20.267107705882353,0.02388923351470588
25.842926441176473,26.28803717647059,9.308224573529412,-4.250932774999999,0.0,0.0
24.485858736842104,25.51920257894737,9.023699757894736,4.051463552631579,0.0,0.0
