mfcc1_sma3,mfcc2_sma3,mfcc3_sma3,mfcc4_sma3,F0semitoneFrom27.5Hz_sma3nz,jitterLocal_sma3nz
22.608523615384613,28.454961615384608,11.536747000000002,5.256799038461538,0.0,0.0
25.660106384615386,10.099955623076925,3.6175478384615385,-2.1757951076923074,19.72006880769231,0.014427959961538462
19.94822852307692,7.984179303665385,2.2459980784615388,1.1395302334615383,27.576339846153846,0.015557912557692309
16.00490260384615,-0.6283519192307694,7.772548573076922,2.9320821230769223,21.59080796153846,0.011407804807692308
14.464151073076922,-21.529482361538463,-11.680278873076922,-4.181251080769231,35.74328807692307,0.01031985318846154
20.878559134615386,2.0134644805,12.535891534615386,-6.97686060346154,33.03988011538461,0.0075291630346153845
23.41598426923077,25.221962384615384,13.291768538461538,6.291957919230769,0.0,0.0
22.872817814814816,26.140847333333333,13.731540907407405,8.1929948,0.0,0.0
