mfcc1_sma3,mfcc2_sma3,mfcc3_sma3,mfcc4_sma3,F0semitoneFrom27.5Hz_sma3nz,jitterLocal_sma3nz
23.034771689655173,23.85977179310345,13.65258379310345,4.249962252413793,0.0,0.0
19.04965875,22.073449393103445,8.49765889137931,-17.331697179310343,18.849167137931037,0.014359811582758621
21.30962664827586,-1.39125492,-3.1276100358620686,-10.422458952413793,12.70021475862069,0.004033895917241379
29.679236724137933,7.660011421034483,-6.462702709310344,-3.1815921289655167,4.7523209310344825,0.0016870163448275864
35.084685344827584,7.602044032068966,-3.8815257827586205,-30.673056434482756,19.242614241379307,0.00914537698275862
30.50353724137931,17.117704162758624,14.89576092413793,-3.3600539164482757,17.062727586206897,0.08237529913793103
7.778607103448277,29.067100693103452,11.502650989655171,1.4220270062068965,0.0,0.0
20.967873275862072,25.15119682758621,14.185825517241376,3.5491620043448275,0.0,0.0
