mfcc1_sma3,mfcc2_sma3,mfcc3_sma3,mfcc4_sma3,F0semitoneFrom27.5Hz_sma3nz,jitterLocal_sma3nz
22.126898791666665,24.750369208333336,14.032198958333334,2.6402249662499995,0.0,0.0
19.731165666666666,19.003405083333334,19.25012070833333,6.117637739166667,0.0,0.0
26.112640958333333,15.78405056375,3.0140553258333327,-7.901514769166667,25.79597916666667,0.019620923583333335
26.895912749999997,-2.1828187125,15.910129745416667,5.907517369583334,30.657766625000004,0.009950133554166666
24.015152708333332,1.7092525124999993,14.649322229166666,-7.6658505032500015,28.937096208333333,0.026800058449999997
23.5622005,-10.91770388,4.683954019583333,-9.360519691666667,34.706221125000006,0.012086679195833333
18.423470716666667,18.503770720833334,15.552253233333333,-4.5359799299166665,4.506276458333334,0.0031430380833333336
21.124425285714285,25.454510535714288,15.35166764285714,5.388053104642857,0.0,0.0
