mfcc1_sma3,mfcc2_sma3,mfcc3_sma3,mfcc4_sma3,F0semitoneFrom27.5Hz_sma3nz,jitterLocal_sma3nz
21.879170444444444,26.62455459259259,15.115140592592592,5.337763362592592,0.0,0.0
21.61564525925926,22.98062622222222,23.657133777777776,5.75160817962963,7.775137,0.0
28.42472085185186,-7.85228206037037,5.283350758888889,-6.495354741111113,9.783563851851852,0.004336349777777778
24.8219172962963,1.784899288888889,5.4541488099999995,0.06627804444444468,29.76077948148148,0.006162824885185185
33.598980999999995,5.798497305185186,-5.363981853703705,-30.03412940740741,35.497015,0.006094475174074075
18.198828259259262,14.15620213333333,-7.383608478888889,-24.521629814814816,24.715773407407408,0.012052604111111111
30.584518703703704,22.860777396296296,-2.181111833333333,-24.69312021481481,1.7382394444444444,0.0006774372222222222
21.47553272727273,26.393076363636364,14.792242666666667,6.045044442424242,0.0,0.0
