mfcc1_sma3,mfcc2_sma3,mfcc3_sma3,mfcc4_sma3,F0semitoneFrom27.5Hz_sma3nz,jitterLocal_sma3nz
20.95586211111111,16.88124012962963,15.241853407407406,4.076319624074074,0.0,0.0
22.89174035444445,21.38317411111111,2.7841056407407416,-15.287529708148147,16.092633703703704,0.003653915207407407
23.82383136296296,-3.1801782518518524,-12.626428714814814,-10.838078951851852,27.710897185185186,0.014679903277777776
29.719255777777782,-2.3106640762962964,-2.162993740740741,4.7168207851851855,19.078492629629633,0.0048234282
35.11406337037037,7.815501333333334,1.825488087037037,-26.621471507407406,14.545487814814816,0.026605891814814812
33.171936037037035,5.929381901851851,6.214060644074075,-10.40865068148148,22.11073888888889,0.010509823259259261
3.4828887703703706,31.721013814814814,9.294942503703705,0.2598227525925926,0.0,0.0
20.300197030303032,23.515667424242427,11.237201112121213,7.160345330303031,0.0,0.0
