mfcc1_sma3,mfcc2_sma3,mfcc3_sma3,mfcc4_sma3,F0semitoneFrom27.5Hz_sma3nz,jitterLocal_sma3nz
20.114267085714285,25.075373855714286,14.0280375475,5.695985522500002,0.0,0.0
27.19465428571429,27.805860071428572,-0.9744186464285715,-16.414789924285717,22.270944214285716,0.01915212092142857
19.81119194285714,-0.8950762464285719,-14.729659975,-5.848632953571429,29.19478953571429,0.005268724567857143
26.122465107142858,-6.221867902142856,3.2050435464285725,-16.235860163214284,25.26579460714286,0.01380191792857143
32.62282835714286,16.196608390714285,-5.0653886901071425,-30.16078539285714,40.81819182142857,0.023000411935714286
23.141256607142854,-2.518884532142857,26.032215214285714,-18.430338507142856,11.00391975,0.0037310703285714287
14.406803514285716,31.907742571428575,6.481061449642858,12.275180378571429,0.0,0.0
22.734917821428574,25.359674000000002,13.897937410714286,6.981818417857142,0.0,0.0
