mfcc1_sma3,mfcc2_sma3,mfcc3_sma3,mfcc4_sma3,F0semitoneFrom27.5Hz_sma3nz,jitterLocal_sma3nz
21.76468257692308,24.832530615384616,12.404295903846153,4.340579651923077,0.0,0.0
21.421626423076923,25.262239153846153,15.852695576923079,6.749102041153845,4.661434692307693,0.0
6.436081402307693,24.42853763461538,0.016973134615384675,-5.314849586538462,24.932193538461544,0.010517500869230768
23.212928884615387,-10.59532865230769,-23.084076843076918,0.34452521769230765,41.54838680769231,0.018452367057692307
7.135603459230769,24.029526192307692,1.2505115115384615,-12.123356969230768,11.677846461538461,0.007583587334615384
7.080419396153847,7.6339165499999995,1.339997438461538,-8.01884943,32.794256153846156,0.01410753790769231
19.964478992307686,-1.3516753192307687,10.099296738076923,-16.02768214223077,0.0,0.0
19.15775758333333,20.33044936266667,15.7150661,2.5307093910000003,0.0,0.0
