mfcc1_sma3,mfcc2_sma3,mfcc3_sma3,mfcc4_sma3,F0semitoneFrom27.5Hz_sma3nz,jitterLocal_sma3nz
22.8107629,27.4244713,15.370264866666666,4.824360022666666,0.0,0.0
20.802627499999996,25.796048733333333,15.204840749999999,5.061858305666666,0.0,0.0
25.77037633333333,-13.154516612666669,0.7370138530666666,-5.184416678333334,32.26154963333333,0.011848810803333332
26.262507099999997,-0.17884686866666702,8.495623996666668,-22.745882615333333,26.24676266666667,0.011285604746666667
28.494759400000003,14.927373179999998,11.785254297999996,-24.937204083333334,41.26722946666667,0.0206589209
32.159683533333336,-1.3733168399999998,-6.6628072833333345,-19.519379008999994,27.048356866666666,0.012173631683333333
28.200297299999995,9.885533877333334,-7.984500075666667,-4.461695874666665,12.3394241,0.0047171031
20.7917053125,20.603268292812498,17.35125428125,5.637666628125,0.0,0.0
