mfcc1_sma3,mfcc2_sma3,mfcc3_sma3,mfcc4_sma3,F0semitoneFrom27.5Hz_sma3nz,jitterLocal_sma3nz
20.018308873076926,25.58519773076923,16.131832076923075,3.836598653076923,3.085844153846154,0.0
24.556395142307696,16.61403706538462,-2.816189211538462,-20.640626861923074,30.067158499999998,0.025381658480769228
29.396653423076923,-7.581392946153846,-1.7350269800000002,-28.44252115384615,37.725985615384616,0.01473355941923077
28.8629728076923,5.428876123076923,-10.109785115384614,-25.599221896153843,15.762890076923078,0.005801356938461538
22.13218007692308,-0.34522655576923067,-4.862578869230769,-3.9599993557692303,6.539634923076923,0.011837174999999998
19.011056384615383,10.679173419230771,21.18647253846154,7.709287830769231,0.0,0.0
20.16460226923077,19.766037923076922,16.859549634615384,8.508476876923076,0.0,0.0
15.386632766666667,21.33497786666667,17.031279299999998,7.135394369666667,0.0,0.0
