mfcc1_sma3,mfcc2_sma3,mfcc3_sma3,mfcc4_sma3,F0semitoneFrom27.5Hz_sma3nz,jitterLocal_sma3nz
24.964141954545457,21.81706313636364,12.014019977272726,2.207200923181819,0.0,0.0
20.840948727272725,24.757511545454545,15.420232581818176,5.003752715772728,0.0,0.0
22.814647772727273,18.25820423636364,12.82804394090909,-10.878491518181818,15.882894,0.014985271636363635
28.166105636363636,-0.40011158090909105,-1.14786363,-25.620623,38.63561918181818,0.01425411305
30.867052227272726,1.5517763454545455,-13.998666277272726,-16.81817998636363,17.130925863636364,0.006840111409090909
27.789654545454543,4.022207645454544,-8.611416068863635,-2.043376552272725,0.0,0.0
21.132533727272733,20.091438704545453,14.538125886363632,8.256286495,0.0,0.0
21.29782036,25.149397439999998,14.790460400000002,7.8129202276,0.0,0.0
