mfcc1_sma3,mfcc2_sma3,mfcc3_sma3,mfcc4_sma3,F0semitoneFrom27.5Hz_sma3nz,jitterLocal_sma3nz
21.55121957142857,25.418746,15.45626716785714,7.623573439285715,0.0,0.0
23.725137857142858,23.856375500000002,10.645465989285713,6.540232089285714,8.935030178571429,0.0071811116785714295
11.007565635714286,12.814829566785713,-2.5147880521428574,-0.8923113928571428,1.0995169285714286,0.0
26.79926625,2.202221330357143,-0.08128748214285705,-6.385318844071429,6.566301928571428,0.0030518570714285717
27.6803255,8.02320125,1.0338763892857143,-6.807800589285714,8.22010875,0.004828392071428571
28.936727625,4.574904788810715,14.360904382142857,-9.223177373203571,26.420390357142857,0.039902963942857146
10.944700749285715,19.103912232142854,8.521892207142859,3.4740468964285713,0.0,0.0
20.29671075757576,25.45666724242424,14.841089560606061,10.215318993939393,0.0,0.0
