mfcc1_sma3,mfcc2_sma3,mfcc3_sma3,mfcc4_sma3,F0semitoneFrom27.5Hz_sma3nz,jitterLocal_sma3nz
20.104932894736844,25.901846631578948,14.579817447368423,7.555397914210527,0.0,0.0
22.92076321052632,12.664996662105263,12.602409928947369,0.3896217289473684,18.575453315789474,0.005440101759736841
12.165365186842104,19.856583252631577,28.678977597368423,1.906560670605263,18.648365026315783,0.005523765647368422
25.42071294736842,4.498029664736842,8.00495403605263,-8.162936757894737,26.221523763157894,0.011856813718421053
29.558250236842103,19.420541057631578,6.240817899210526,-6.990385159210525,14.170015631578949,0.018574456386842103
26.031780842105267,-5.816123678421051,-4.340990940263157,-2.3831535731578946,6.874588342105264,0.0021954026263157895
20.16959271052632,23.492529894736844,14.198413668421052,5.162656784210527,0.0,0.0
18.813052651162792,19.52238313953488,21.101141209302323,3.1132440474418606,0.0,0.0
