mfcc1_sma3,mfcc2_sma3,mfcc3_sma3,mfcc4_sma3,F0semitoneFrom27.5Hz_sma3nz,jitterLocal_sma3nz
21.253205413793104,27.72325948275862,14.186896144827585,5.650496448275863,0.0,0.0
4.179878072413793,11.83175865862069,9.54722211448276,-6.867890015517241,18.364190034482757,0.008694511931034484
15.64247294034483,3.6436245537931033,-9.738605103448277,-11.493180744827587,15.89110624137931,0.0034956475344827586
-8.39193004137931,20.041176827586206,10.134428715517238,-4.377284642758621,4.644960689655172,0.004808139862068966
10.59929389310345,-7.257064865517242,-9.264416020344827,-20.077442562068963,29.189504620689654,0.02200583336896552
19.09507391724138,6.052202057586207,15.822065872413791,-7.040978288275863,0.0,0.0
20.91018417241379,27.018629620689655,12.683306755172413,7.337261993103446,0.0,0.0
22.204926636363634,26.76679678787879,11.439317224242425,7.583900354545454,0.0,0.0
