mfcc1_sma3,mfcc2_sma3,mfcc3_sma3,mfcc4_sma3,F0semitoneFrom27.5Hz_sma3nz,jitterLocal_sma3nz
21.02952662,18.7489223612,20.058070660000002,-1.731226028,9.48802284,0.0012208725720000001
14.8156969772,20.575253739599997,4.6305856356,2.0620298840000006,1.0375016,0.0
33.600028759999994,15.793746648,-5.004664076,-26.08547432,24.558052080000003,0.008505480051999999
28.75272524,11.539051008,7.227274907999999,-10.119272421799998,19.53812172,0.005422725632
30.58750868,21.360695480000004,6.626793640000001,-0.2069821868,10.77556796,0.006882532340000001
24.904818879999997,15.423976777360002,0.18499397160000006,0.12436796359999995,0.0,0.0
29.70577416,16.173854719999998,-5.622003241600001,-15.248227472000002,3.5183256400000005,0.00314022688
21.636586129032256,20.3658034516129,10.826624467741935,10.402491116129033,0.0,0.0
