mfcc1_sma3,mfcc2_sma3,mfcc3_sma3,mfcc4_sma3,F0semitoneFrom27.5Hz_sma3nz,jitterLocal_sma3nz
23.01259037142857,26.202887942857142,12.618962531428572,4.1163396862857144,0.0,0.0
24.023775085714288,23.790886454285715,15.008512017142857,1.8545493685714287,9.541801514285714,0.004120260465714285
13.006548082857146,14.774119975142858,-5.718968348,-10.796223938285713,18.77856848571429,0.0029595166628571434
15.57572301,14.139692224571426,8.864728027714285,-6.077996088,12.690835942857143,0.009669676128571426
5.502387757142857,32.21135612571429,5.140228823665713,1.4946317914285712,3.0919369142857143,0.0033635986857142855
21.804775063142856,8.50533618857143,8.936637005714283,-16.461818912000002,7.8158346000000005,0.00109080338
19.250726,16.80546706542857,15.0198062,8.661666131428571,0.0,0.0
21.362447378378377,26.676400297297295,15.305365932432432,5.923895372972973,0.0,0.0
