mfcc1_sma3,mfcc2_sma3,mfcc3_sma3,mfcc4_sma3,F0semitoneFrom27.5Hz_sma3nz,jitterLocal_sma3nz
22.604201441176468,21.449687888235292,14.86539293235294,7.896114138235295,0.0,0.0
26.74027970588235,9.359532861764707,30.803663705882354,-7.4025791744117635,28.754410470588233,0.03023217504411765
21.79906534411765,15.687508128529414,19.27042892352941,-5.093461108823529,17.54681005882353,0.011105736323529413
32.43900870588236,-10.376130910294119,-9.353833421470586,-41.838076029411766,28.238044235294115,0.017543674711764705
30.640570882352943,10.638084625588235,15.020456429411764,-20.74405617567647,18.882219205882354,0.008252703061764706
28.208683470588234,17.030254986470588,0.75978559,-28.668133205882352,9.960547029411764,0.0017310714558823527
24.530931411764705,23.149947647058827,10.992542314705881,-14.019244789411765,0.0,0.0
20.95974194117647,25.473867970588234,13.469911676470586,6.444417511764706,0.0,0.0
