mfcc1_sma3,mfcc2_sma3,mfcc3_sma3,mfcc4_sma3,F0semitoneFrom27.5Hz_sma3nz,jitterLocal_sma3nz
22.2341551875,25.1222244375,13.060583596874999,6.77931615625,0.0,0.0
21.766274000000003,17.473816765625,21.71782521875,-3.2388844050000003,10.02402646875,0.006514979478125
12.036716184374999,24.74409250625,3.78082215625,-4.0741672875,7.20931425,0.020858925812499998
27.837105843750003,0.6073702781250001,-0.67671428125,-31.970592578125,27.230130531249998,0.009960572678125001
28.62431646875,5.008112596285312,7.0163806875,-13.989873373125,14.88358903125,0.00572772046875
28.5623745625,9.829504508125,-7.0577140365625,-22.06402284375,0.0,0.0
21.975310156250004,13.806857970312501,6.91731849375,3.9909762950000003,0.0,0.0
21.670988093749997,26.3490098125,14.0464104375,9.671374340625,0.0,0.0
