mfcc1_sma3,mfcc2_sma3,mfcc3_sma3,mfcc4_sma3,F0semitoneFrom27.5Hz_sma3nz,jitterLocal_sma3nz
21.617744857142856,27.320398999999995,12.761799814285714,5.581180963333334,0.0,0.0
21.462863571428574,20.698961752380953,15.689838166666664,4.909821379047618,8.399176666666667,0.0015636803333333334
22.91497815238095,14.917642276190477,-4.837257791428572,-8.774329773333331,21.875789952380956,0.008213505571428572
34.47269771428571,5.063327025714285,-11.95214946809524,-21.122351357142854,34.28902300000001,0.008586164057142857
29.064056666666666,8.948822104761902,-10.964153547619047,-17.421262957142858,20.898673095238095,0.0075030429
26.44806038095238,8.526943006190475,-4.968770599999997,-3.1041287447619057,0.0,0.0
21.776542333333335,25.015912142857143,12.706042004761903,8.554359761904761,0.0,0.0
21.576763863636362,27.03997481818182,14.921451363636363,7.947640872727274,0.0,0.0
