mfcc1_sma3,mfcc2_sma3,mfcc3_sma3,mfcc4_sma3,F0semitoneFrom27.5Hz_sma3nz,jitterLocal_sma3nz
22.854197931034484,25.239990793103445,7.24493355862069,1.5491071431034484,0.0,0.0
21.63565772413793,27.314906482758627,13.667718079310346,8.107374268965517,0.0,0.0
22.87612427586207,17.460479644827583,15.438664465517242,-5.425552955172415,15.744021275862067,0.004456762741379311
17.348612272413792,12.29901843448276,14.696117917241377,-7.35038665324138,16.439776137931034,0.0069602595379310355
21.948085275862066,11.759988622758618,9.989970704137932,-13.247442175862073,21.454882896551723,0.009216017551724137
19.21371322413793,22.20241453448276,5.109321086896552,2.489559024137931,0.0,0.0
32.2816,13.595093906896553,-1.2728832844827584,-16.408946099999998,11.763974724137931,0.00509879851724138
22.47764475862069,24.82528975862069,11.179203500000002,9.174329141379308,0.0,0.0
