mfcc1_sma3,mfcc2_sma3,mfcc3_sma3,mfcc4_sma3,F0semitoneFrom27.5Hz_sma3nz,jitterLocal_sma3nz
21.313963307142863,23.100838657142862,12.849668367857143,6.098119546071429,0.0,0.0
18.380424604642855,4.8634899464285715,5.559410503571429,-18.065713693750002,21.921073107142856,0.006615521381071428
27.95576246428572,-1.434176942857143,-7.783322037857144,-7.932060366785713,25.858269928571424,0.011818738010714286
20.59909234642857,-11.60077297142857,21.58862694285714,-23.298505544642858,13.83370525,0.011452942214285713
22.392623051785712,0.6746314524999999,15.689773992857143,-11.741286607142857,15.84098842857143,0.007358995214285714
23.15911553214286,-14.1980741645,13.637519230714286,-10.250308091785714,20.575214749999997,0.012538439714285714
14.12741882857143,11.228811955000001,27.15252625,-15.698993905357142,0.0,0.0
22.245637392857144,26.523514392857145,15.424655303571429,7.062518735714286,0.0,0.0
