mfcc1_sma3,mfcc2_sma3,mfcc3_sma3,mfcc4_sma3,F0semitoneFrom27.5Hz_sma3nz,jitterLocal_sma3nz
21.878583916666667,26.277829125,15.144119333333334,6.600005354166666,0.0,0.0
22.38558983333333,24.053959374999994,12.4162748125,5.844946070833333,0.0,0.0
32.08696245833333,-5.302128783333333,-9.025136162499999,-13.837849273333333,32.000244125,0.025419448333333334
27.71852816666667,-5.2839521,9.293799933333334,-16.114900875,32.77557933333333,0.010421295204166667
34.52782679166667,-2.371807841666667,-4.812961941666667,-35.44289358333333,37.252129,0.0259883806
33.02168725,-7.644912495833334,-10.354009795833333,-6.896323207083332,10.794530083333333,0.0022846390208333335
28.255142833333334,-12.202855962500001,-4.302655395833333,-7.009576626666667,0.0,0.0
21.364635258064514,18.969314125806452,15.838259999999998,9.777251106451613,0.0,0.0
