mfcc1_sma3,mfcc2_sma3,mfcc3_sma3,mfcc4_sma3,F0semitoneFrom27.5Hz_sma3nz,jitterLocal_sma3nz
23.503869709677414,25.69454367741935,13.658521377419355,5.288636677419356,0.0,0.0
22.213497677419355,24.10679670967742,14.455540112903227,3.757920588709678,0.0,0.0
19.667472087096773,-2.563174980645161,26.868872580645164,-23.339679708064516,27.44051309677419,0.010632950683870969
14.762887082580646,1.2200138903225801,16.405023910935487,-20.2017209483871,25.712412129032256,0.01636730357419355
14.48435513548387,8.46651326451613,30.673073283870966,-15.375220858064514,31.808885580645164,0.012097117516129033
18.90047093870968,19.225771919354838,2.971385933548387,-0.9635378935483868,12.917434032258065,0.004497377483870968
33.70271077419354,0.7811828445161287,-4.504869056774194,-10.082743177419356,10.168356290322581,0.0037359258193548385
23.691256485714288,24.22283614285714,11.450040268571428,3.819870502857142,0.0,0.0
