mfcc1_sma3,mfcc2_sma3,mfcc3_sma3,mfcc4_sma3,F0semitoneFrom27.5Hz_sma3nz,jitterLocal_sma3nz
23.583919647058824,26.876105470588232,12.47259594117647,6.049342432058824,0.0,0.0
19.65448354411765,15.11652127352941,19.652171323529416,6.187406700205882,5.090678500000001,0.0008299504852941177
17.07164851588235,12.499952091176468,25.398349314705886,-7.026726376264706,34.01221014705882,0.028413005617647053
29.472509970588234,1.1076205794117648,-13.236730188235294,-22.36083414705882,38.235487647058825,0.023226399697058826
26.00648776470588,-0.033742829941176444,-5.648791858823529,-30.106591132352943,17.226504205882353,0.008820718420588236
25.909847705882356,15.76226970882353,11.076816379411765,-30.244563173529407,29.585175970588235,0.0071912274941176475
22.760518794117647,14.015936217647058,-9.55910764882353,-33.23136108470588,22.394928588235295,0.009223366033529412
26.005029029268293,29.020949951219507,4.976452594146342,-20.216126265853656,10.503137536585367,0.005016192173170732
