mfcc1_sma3,mfcc2_sma3,mfcc3_sma3,mfcc4_sma3,F0semitoneFrom27.5Hz_sma3nz,jitterLocal_sma3nz
20.355242851851852,24.412955000000004,13.934629962962962,5.955979407407408,0.0,0.0
23.683942444444444,12.246119501111114,2.6286588777777777,-0.9339222222222225,11.938013333333334,0.0045382414074074074
42.58636996296296,8.415487033333333,-6.739430791111109,-15.591646551481482,31.493886555555555,0.019669768777777777
37.15962511111111,17.665521803703708,-4.502873988888888,-12.63940493888889,17.40999177777778,0.015865847911111113
12.519097603703703,30.50563844444444,1.8548716833333334,-2.530556468,3.276844592592593,0.0016308799259259262
28.988555925925926,16.189309744444444,-4.986640975185185,-8.209876351111111,0.0,0.0
21.897952962962957,23.94114351851852,8.60969425185185,0.49609578888888894,0.0,0.0
20.483386121212124,25.876543606060604,14.020889621212122,6.683521784848485,0.0,0.0
