mfcc1_sma3,mfcc2_sma3,mfcc3_sma3,mfcc4_sma3,F0semitoneFrom27.5Hz_sma3nz,jitterLocal_sma3nz
16.21873668,16.356918248,22.39376632,5.5229617016,0.0,0.0
18.63898212,12.379618008,22.21572076,9.302609268000001,0.0,0.0
21.774771044400005,21.14965356,4.5200531396,-5.573379276000001,16.499031600000002,0.0125085172
31.640203320000005,6.8890767376,-8.127550776,-18.913594840800002,32.11560056,0.026584120960000002
28.786555940000003,4.466308371999999,-2.5707596440000002,-22.054393048,24.432885879999994,0.03332518002
25.369491580000002,-2.5386779259999996,-8.461037956,-17.5526058784,0.0,0.0
16.93275496,13.398562202,17.15154742,6.532138556,0.0,0.0
17.99849877419355,23.068530903225806,16.71616364516129,6.158445435483872,0.0,0.0
