mfcc1_sma3,mfcc2_sma3,mfcc3_sma3,mfcc4_sma3,F0semitoneFrom27.5Hz_sma3nz,jitterLocal_sma3nz
21.183092764705883,21.478296264705882,12.566266241176471,7.233363120588235,0.0,0.0
19.67095682352941,8.194958838235294,9.419249365882353,-7.955685243823529,7.337436705882353,0.010142868411764707
14.751050667647057,3.9060791794117646,11.544053727058824,-17.745897205882358,27.769420529411764,0.008533575623529412
16.88268723529412,-19.738342029411765,0.7182738108529412,-35.850253676470594,38.96042164705882,0.012181807261764705
22.993052220588233,-10.226284923529413,4.105267782352942,-26.746881489117644,26.026681264705886,0.012560615108823529
27.254170211764706,12.559492776470588,-0.30648762235294125,-13.438743762647059,27.62450885294118,0.018983166970588237
30.50286143705883,11.74300806229412,5.693226735294118,-5.668531262941177,10.329666235294118,0.007905149970588235
15.384288558947368,25.71070355263158,12.048566592105262,4.010560231578947,0.0,0.0
