mfcc1_sma3,mfcc2_sma3,mfcc3_sma3,mfcc4_sma3,F0semitoneFrom27.5Hz_sma3nz,jitterLocal_sma3nz
21.582657625,25.56936559375,12.805124696875001,7.494926403125,0.0,0.0
21.5618158125,25.4077964375,10.82900745625,5.916892821875,0.0,0.0
20.95621021875,25.9653858125,13.481637953125,7.2348309749999995,0.0,0.0
20.532646253125,20.91388790625,13.0077351125,10.114129534375,0.0,0.0
26.6751714625,12.408192259375,-7.6390649925,-13.18804328125,21.69544709375,0.0073264083156250005
29.713992437500004,14.750567665625,-5.258983000625,-5.1082982,3.5414846562499998,0.0011355929687499999
20.610667156250003,18.1865461625,11.5684408875,9.276992684375,0.0,0.0
20.7387952368421,26.987842315789475,13.129159086842106,6.959716027894736,0.0,0.0
