mfcc1_sma3,mfcc2_sma3,mfcc3_sma3,mfcc4_sma3,F0semitoneFrom27.5Hz_sma3nz,jitterLocal_sma3nz
20.284129642857142,25.40130867857143,13.437583267857145,5.362402308571427,0.0,0.0
15.357224767857144,-7.824421842857143,1.1143516841071426,-30.04879899535715,30.469001499999997,0.008567964857142856
19.840368125,-7.742391297857142,-9.169199533214286,-40.041484857142855,39.835450428571434,0.02609870007857143
22.880270285714285,-3.9850705966785713,16.461272785714282,-12.910724589285712,37.65403207142857,0.02057006389642857
20.00344767857143,-4.0256443285714285,-8.042489900000001,-57.302521321428564,40.95500932142857,0.04655312359285714
23.177018392857146,-6.734237809999999,-12.819961084285712,-25.91319779357143,24.650818285714283,0.004487071110714285
22.14457482142858,-8.58158256642857,-10.407800207142857,-35.06562986464285,6.24004625,0.0019738625642857143
20.098293515151514,17.702831360606062,10.67967918909091,8.75106531212121,0.0,0.0
