mfcc1_sma3,mfcc2_sma3,mfcc3_sma3,mfcc4_sma3,F0semitoneFrom27.5Hz_sma3nz,jitterLocal_sma3nz
23.214890159999996,28.36142432,13.00989902,7.424329868000001,0.0,0.0
21.988000599999996,27.574717999999997,15.921344720000002,7.191797928,0.0,0.0
21.116333656000002,10.544555703999999,-4.397545778,-15.466187807999999,28.86591188,0.0054274580319999995
28.610784,-1.568396834,-2.6321054553199996,-15.599804532,22.714348,0.007703926236000001
25.919161640000002,3.42419642,-12.648632758800002,-10.989636882400003,16.70926904,0.00398199572
21.61194308,17.8751571384,12.9850802,9.66925912,0.0,0.0
21.93568152,26.0003012,13.87144718,7.064163259999999,0.0,0.0
21.88506385185185,26.140707,14.167456703703703,7.138222362962962,0.0,0.0
