mfcc1_sma3,mfcc2_sma3,mfcc3_sma3,mfcc4_sma3,F0semitoneFrom27.5Hz_sma3nz,jitterLocal_sma3nz
15.433120116,11.496902660399998,24.080846559999994,5.040354959999999,9.2781272,0.0065956307599999995
24.00476076,-14.650886367599998,-7.8517699872,-10.129675546399998,32.66705388,0.0175203627
24.149897919999997,0.9231591879999996,-7.8998493856,-21.918809791999998,31.46667684,0.012997831239999997
20.368958199999998,3.1593409680000004,-1.9219397040000001,-22.671150490800002,29.552692200000003,0.00934294362
28.95849188,7.000186891200001,-16.620364926,-50.354663720000005,36.38445584,0.011287461768
15.0340494,24.552875204000003,-9.14596434,-6.719069576039999,5.774459039999999,0.0
23.38802436,5.779208445200001,-21.731579644000004,-58.46655616,25.98813176,0.006359165948
28.083403592592592,23.97163914814815,2.2654671518518517,-10.858894560740739,0.0,0.0
