mfcc1_sma3,mfcc2_sma3,mfcc3_sma3,mfcc4_sma3,F0semitoneFrom27.5Hz_sma3nz,jitterLocal_sma3nz
16.080089473529412,15.792021202941177,19.160534411764708,4.223480244705882,0.0,0.0
18.5348880882353,-3.775156289117647,8.192040082352941,-5.966406810294117,4.7642026470588235,0.0013103238235294117
22.9984575,-9.031239238235294,2.840932585882353,-16.850513510000003,26.049233352941176,0.013585578861764706
26.30781217647059,-5.795535616764706,-6.298910854470587,-6.997015079117646,32.27087941176471,0.01862433181470588
17.39539213105882,-10.249886602941176,-9.983016567647057,-9.461641032352942,23.796696205882352,0.010244694294117649
24.037586647058824,9.543026072941178,1.8353751911764706,-15.260645609117645,15.450486588235295,0.011680135882352938
27.668618823529414,5.560716518529412,17.24333186764706,-12.136569864705884,18.261503794117647,0.009437361711764706
14.903665409210527,26.002648368421053,12.023536702631578,9.370372281578948,0.0,0.0
