mfcc1_sma3,mfcc2_sma3,mfcc3_sma3,mfcc4_sma3,F0semitoneFrom27.5Hz_sma3nz,jitterLocal_sma3nz
20.678423366666667,23.77633793333333,16.81205141666667,3.290016272666666,0.0,0.0
23.146386566666663,11.293316928333335,-1.2519921753333345,-23.420588443333333,28.4900321,0.007501492906666668
13.97367121,6.887054360000002,-18.157223944,-12.771683376666667,20.3009317,0.010343099716666667
27.001598999999995,-4.857138364333334,-8.876839390000002,-19.126779250000002,28.867877333333333,0.012209165820000003
24.288234199999998,-5.229270329,-5.317280138333333,-25.626168599999996,30.403468266666668,0.011669894513333334
26.07995745,-0.6534194086666668,0.55644623,-15.292550856666669,28.91335993333333,0.008324964326666667
23.09849366666667,3.594078293333333,6.539534005666666,-10.727665445333331,8.699236733333333,0.002680639466666667
11.406355651388887,35.048898972222226,8.037635585000002,11.416151361944443,0.0,0.0
