mfcc1_sma3,mfcc2_sma3,mfcc3_sma3,mfcc4_sma3,F0semitoneFrom27.5Hz_sma3nz,jitterLocal_sma3nz
22.777518344827588,28.060045344827586,12.698174344827585,5.074034865517241,0.0,0.0
19.96422048275862,23.098028893103447,16.11845527586207,6.546688410344829,0.0,0.0
14.188068468275864,10.137307075172412,8.333753882758623,-12.072547675862065,9.06842651724138,0.0008990051724137931
18.857611948275864,-5.7827185517241375,-27.40864696551724,-39.68263189655173,34.31903010344827,0.026372294517241383
14.65486724137931,-12.665792655172414,-21.94072396551724,-13.122497070344826,30.037204655172413,0.01780883211724138
11.92370552413793,-18.09159797586207,-33.88670631034483,-20.03582169310345,27.709946655172416,0.01943260620689655
15.415442496551723,1.8254467093103453,2.591981015172413,8.322603251724138,0.0,0.0
22.27178716666667,26.048545638888886,12.79566452777778,5.678643451944444,0.0,0.0
