mfcc1_sma3,mfcc2_sma3,mfcc3_sma3,mfcc4_sma3,F0semitoneFrom27.5Hz_sma3nz,jitterLocal_sma3nz
22.314606833333336,25.914719733333335,14.164212200000001,6.365024726666666,0.0,0.0
22.655151733333334,25.73303333333333,17.699302516666666,6.195672869,5.097156133333333,0.00012945957333333335
24.071914909999993,-3.2257398333333334,-5.178057107666666,-20.01897911666667,26.7126421,0.015021169866666668
23.905039678666665,-3.532809282666667,-5.337756911333334,-19.994627253333327,35.85191003333333,0.03509552969
26.205286766666667,-21.035376423333336,-7.6188576066666664,-2.6459195899999997,22.62904466666667,0.005113054626666667
11.023955406666667,-7.2531692099999985,-1.63671981,-5.135681374333332,13.892893066666666,0.0041181333333333335
16.221430283333337,-0.83418779,13.535432499999997,-0.5180936076666666,11.392415033333332,0.006967495466666668
21.65624630555556,25.254704222222223,14.060467972222222,4.392477891388889,0.0,0.0
