mfcc1_sma3,mfcc2_sma3,mfcc3_sma3,mfcc4_sma3,F0semitoneFrom27.5Hz_sma3nz,jitterLocal_sma3nz
17.324982710526317,12.987226052631579,13.729169236842106,11.519250442105264,7.9788059473684205,0.0038081689473684214
18.766537889473682,8.149922263157896,4.034753180000001,-1.7795940405263158,3.778682105263158,0.0
27.04945315789473,-14.200866236842106,-6.467036159263158,-2.9615393025789474,34.79348884210526,0.014523132278947368
27.236864421052633,-6.333860971578948,1.7757986789473683,-2.0783018934210524,15.168830473684208,0.0059917864999999996
28.05833510526316,-4.1990786842105265,-15.850397873684209,-23.545611040526317,15.806665526315788,0.003894552789473684
27.943916421052634,-4.746287131578947,-17.943671021052634,-8.23354830526316,0.0,0.0
20.599020368421055,13.771831594736843,8.336453389473686,6.3782333694736835,0.0,0.0
22.282589565217396,24.89208291304348,11.631274447826089,6.505824095652173,0.0,0.0
