mfcc1_sma3,mfcc2_sma3,mfcc3_sma3,mfcc4_sma3,F0semitoneFrom27.5Hz_sma3nz,jitterLocal_sma3nz
21.964580548387097,24.569073193548387,11.176191032258066,7.598263967741935,0.0,0.0
19.818522806451607,13.07225953,12.741744858064516,6.472448661290324,7.903466258064516,0.00010733804516129032
21.4553889032258,-4.911158493225805,-0.9100067820322576,4.642902429032258,24.96432712903226,0.014749660000000001
20.212886883516127,-2.6484495625806455,3.014756916129032,5.245569032258064,24.061849838709673,0.014329577693548387
26.287454096774194,-2.094439296774194,4.86274706696774,1.7950054232258066,22.501471161290322,0.018752801290322575
26.367637193548394,-10.341472761290323,2.0215313999999998,13.968016696774196,5.714240129032258,0.008731740677419355
18.887068890322578,21.761650451612905,16.47274214516129,4.468073368709677,0.0,0.0
22.52370946875,25.008184718749998,10.568357395531251,5.944100425,0.0,0.0
