mfcc1_sma3,mfcc2_sma3,mfcc3_sma3,mfcc4_sma3,F0semitoneFrom27.5Hz_sma3nz,jitterLocal_sma3nz
26.8837317,15.648925883333332,16.556341683333336,2.669693621666667,16.533060366666668,0.007229562499999999
28.603811455333325,16.060545709333333,21.644154399999998,0.9785151176666667,22.10653483333333,0.017275738473333337
43.8886196,3.1668121916666667,-10.225424371666668,-18.769265760000003,30.33631626666666,0.03557105973
35.2802801,26.67713405,11.6536780771,-18.802639276666664,27.58671633333334,0.07100444618
29.81426786666667,22.65285416666667,15.676764260000002,-0.24628214233333334,16.3487912,0.005395803966666667
33.52235086666666,27.618293366666663,5.155654465106666,-17.492601458000003,5.8768755,0.0018591169333333332
21.7740946,24.186245300000007,15.134251133333334,3.4278190433333333,0.0,0.0
21.48263928125,27.57852965625,16.00468159375,7.106901078125,0.0,0.0
