mfcc1_sma3,mfcc2_sma3,mfcc3_sma3,mfcc4_sma3,F0semitoneFrom27.5Hz_sma3nz,jitterLocal_sma3nz
22.45731557142857,24.39888035714286,16.83046130357143,9.434613010714285,0.0,0.0
33.46101759285715,9.825269175000003,3.269751717857143,-13.709634574285712,5.84140482142857,0.002853474285714286
21.642578141428576,15.067894597857142,10.215606697857142,-6.200821325000001,10.543587535714286,0.002865710107142857
26.59121817857143,11.443154085714287,13.101753480714285,-0.8325620200000001,13.646814357142858,0.008857824749999998
21.953955442857147,16.85253952142857,9.362013684285715,-8.911726507142857,13.639551107142859,0.0033177941785714283
21.560487464285718,-1.482630355,4.797217691428572,-1.3572023850000001,12.343740285714286,0.004496789607142857
18.949662600000003,21.42336975,19.571448160714283,5.392415683571429,0.0,0.0
21.754135484848486,26.43661666666667,15.221881742424243,4.682108811212121,0.0,0.0
