mfcc1_sma3,mfcc2_sma3,mfcc3_sma3,mfcc4_sma3,F0semitoneFrom27.5Hz_sma3nz,jitterLocal_sma3nz
17.986380925454544,24.977540836363634,17.871840136363637,4.510089642272726,0.0,0.0
16.523023272727272,13.807410068181817,21.704039204545456,7.168861463636364,2.7234131363636362,0.0
13.816637968181817,23.741900386363636,10.024544140909091,5.61137674090909,19.10657227272727,0.00732881520909091
35.591013999999994,6.25574352590909,-2.4535134,-9.717967131818183,29.49561972727273,0.010138500595454545
32.367834181818175,7.146345318181818,-2.450551260909091,-4.345860008636364,18.803199818181817,0.011434840522727273
29.53661031818182,8.098625106922729,-11.738407711363637,-22.585187255454546,11.887540818181817,0.006615134627272728
25.464078863636363,20.33534463636364,6.605590187727273,1.5610420909090907,0.0,0.0
22.3355024,26.64252152,12.565074300000001,7.526345156,0.0,0.0
