mfcc1_sma3,mfcc2_sma3,mfcc3_sma3,mfcc4_sma3,F0semitoneFrom27.5Hz_sma3nz,jitterLocal_sma3nz
18.51871422857143,21.58854185714286,17.890550285714284,7.560509161904762,4.015432333333333,0.0
26.677563490476185,8.864585547619047,-1.9394132371428572,-23.492600338095237,26.200172000000002,0.012489234733333333
33.93093423809524,5.794388723809524,-6.409028516190475,-18.61224169047619,38.28950947619047,0.01509099437142857
25.2633785,14.424936676190477,-6.326603993809523,-18.733625066666665,13.56317642857143,0.006111086566666667
32.453546333333335,1.0737150666666668,-19.467341285714287,-13.294472985714284,7.2532838095238095,0.00343918040952381
24.545519047619045,18.602364428571427,3.7985696952380943,6.483220840952382,0.0,0.0
22.333845,25.968316952380953,11.495716261904763,5.522183803333333,0.0,0.0
22.920556681818184,24.51612604545454,11.080029327272726,8.058866745454548,0.0,0.0
