mfcc1_sma3,mfcc2_sma3,mfcc3_sma3,mfcc4_sma3,F0semitoneFrom27.5Hz_sma3nz,jitterLocal_sma3nz
19.768193203703706,25.07478062092592,13.473239303703703,6.3875328481481475,0.0,0.0
21.329029111111115,24.038610555555554,12.483813203703706,7.929181085185186,0.0,0.0
18.315208300000002,17.182867770370372,11.53199174814815,-6.9917062185185195,13.329003444444446,0.003527012251851852
16.149549792592595,2.4468250296296294,-2.566483822222222,-20.928168680000002,19.12509451851852,0.017870651948148148
32.367127,4.352536330370371,2.007455008888889,-6.260620823703704,0.0,0.0
25.75362488888889,6.717479687037036,-4.859440081851852,-24.451295856037035,13.103590925925925,0.003686562455555556
31.854281370370373,16.023389128888887,8.763335655037038,-8.891357486666665,4.470980555555555,0.005804151462962963
9.440838585294117,23.111973441176467,12.272849211764704,11.785122082352942,0.0,0.0
