mfcc1_sma3,mfcc2_sma3,mfcc3_sma3,mfcc4_sma3,F0semitoneFrom27.5Hz_sma3nz,jitterLocal_sma3nz
21.973072678571423,26.028773892857146,14.070728860714288,8.270632178571429,0.0,0.0
21.384200178571426,11.972273714285716,9.195789926428573,3.0315538628571423,7.455904071428571,0.002770172285714286
24.862659857142855,7.0944847843571415,8.097680471428571,-4.401540398214285,24.251647535714284,0.011230983357142855
10.115480426785712,7.996885610714285,2.4877805653571428,-7.578078709285713,4.085256857142857,0.008505512142857143
15.937912124999999,14.791493957142857,17.179001332142857,12.672986281071429,25.022526642857144,0.009450603407142858
19.69574528571429,17.567901660714284,5.513528899999999,-5.406579742142857,17.59027917857143,0.011398746357142858
34.049402178571434,11.202303278571431,-10.475803210714286,-30.046108410714286,4.455097107142858,0.00150845725
23.146209300000006,25.64652986666666,11.260734880000001,5.683427271333334,0.0,0.0
