mfcc1_sma3,mfcc2_sma3,mfcc3_sma3,mfcc4_sma3,F0semitoneFrom27.5Hz_sma3nz,jitterLocal_sma3nz
19.47376217142857,24.73585405714286,14.691537745714287,7.183480846285714,0.0,0.0
18.290552642857147,9.015242980000002,12.90552971142857,1.449341931428571,9.614942314285715,0.01136194542857143
11.732650987142856,1.89029027,9.475963893714285,0.09071756857142854,7.289613542857143,0.0032061904114285716
16.81504703142857,-4.476389942,2.6560602285714285,-5.367165517599999,8.07831437142857,0.0051346860285714285
27.179954371428575,2.5724822399999994,5.797266230571427,-13.048818295142857,11.930778542857142,0.0037187564285714285
28.599808714285718,-5.172762818314285,-5.573975776285715,-1.0076061182857143,0.0,0.0
20.81706107142857,19.650780942857143,15.411342646857143,3.9705171464285716,0.0,0.0
21.85266736585366,23.852685414634145,11.984473492682927,7.131569852439025,0.0,0.0
