mfcc1_sma3,mfcc2_sma3,mfcc3_sma3,mfcc4_sma3,F0semitoneFrom27.5Hz_sma3nz,jitterLocal_sma3nz
22.41100209375,27.7592040625,12.76933125,5.4398757062500005,0.0,0.0
21.790815281249998,14.591749634375,11.334662059375,3.1984393346874995,0.0,0.0
24.122601375000002,1.6036104125000001,11.350692584375,0.12049091654687505,17.009318468750003,0.009408204128125
8.78300483,6.176362210625001,4.5046326387499995,-8.1825357375,14.648300500000001,0.00291370540625
14.883641423124999,15.4947602853125,18.837773978125,-4.327983134375,14.903295843750001,0.012180346815625
23.683164434375,12.3817220046875,4.2145754651875,-11.8313306225,12.4852756875,0.006425306384374999
31.282016437499998,13.9507572021875,-7.3855550625,-15.95810561875,3.5783985312499995,0.00047553782187499997
22.571470236842103,26.981334078947373,12.795518044736843,6.91569322131579,0.0,0.0
