mfcc1_sma3,mfcc2_sma3,mfcc3_sma3,mfcc4_sma3,F0semitoneFrom27.5Hz_sma3nz,jitterLocal_sma3nz
21.378038153846152,26.70423965384615,13.472999615384614,5.754578908461538,0.0,0.0
17.982309153846153,9.225185817692308,8.732425535,1.7637999473076926,0.0,0.0
19.842294157307688,18.669275250000002,-2.5115505884615383,-16.893715811538463,30.228624615384618,0.01093979203846154
26.49836465384615,-12.28496671923077,-8.95016621153846,-17.354256515384616,34.968505461538456,0.012768590823076924
30.824966730769233,0.27211709230769227,-4.221930753846154,-12.99087873053846,22.62454819230769,0.009353300357692308
30.11938169230769,2.862920307692308,5.589138807692308,-14.596877236923076,34.16344503846154,0.02908329205384615
9.911013303846156,9.719964256846154,8.787344116923077,-2.130713788192307,5.12076026923077,0.0019709335
16.84252199333333,14.958844313333332,13.868380663333332,6.047510556666667,0.0,0.0
