mfcc1_sma3,mfcc2_sma3,mfcc3_sma3,mfcc4_sma3,F0semitoneFrom27.5Hz_sma3nz,jitterLocal_sma3nz
21.661768772727275,25.564658136363633,12.845267604545453,4.422147145454546,0.0,0.0
21.364065649999997,23.06227027272727,12.145798004545451,6.549510272727274,9.856249590909092,0.00197183165
12.556285175454546,12.565879350000005,-11.168331404090909,1.522597948181818,23.135892090909092,0.0031408627499999995
22.570924059090913,13.009290202727271,-6.309549385,-2.0910990990909095,12.997005272727272,0.008253123227272728
8.008330460909091,31.531303681818187,-2.033812427272727,5.378063431818182,15.30849009090909,0.008826931818181817
15.097713095454544,16.04830685454546,-6.652934849999998,-6.504519545454546,19.55660018181818,0.014149817204545456
19.958349022727273,-2.0946657980909094,15.673653099999997,-12.114278357727272,0.0,0.0
21.33157404545454,23.47132754545455,16.894129454545457,8.006862295454546,0.0,0.0
