mfcc1_sma3,mfcc2_sma3,mfcc3_sma3,mfcc4_sma3,F0semitoneFrom27.5Hz_sma3nz,jitterLocal_sma3nz
21.059071090909093,16.762561318181817,11.531765445454546,4.119544740909092,7.674476818181819,0.0005982639090909091
32.466601181818184,-18.82582088272727,-5.270084272727272,-28.506865500000004,36.02755909090909,0.013277052445454546
32.72261945454546,-10.54466109431818,-3.5095959445454543,-17.096161318181817,38.61576899999999,0.010498101640909092
21.441222531818184,0.707319465909091,11.218751968181818,-12.479061182727275,17.221704409090908,0.012437374563636363
9.769354345454547,20.854290759090908,5.051734245454545,-3.0971496772727267,17.27141554545455,0.010733817000000001
28.926490545454545,-18.61137478181818,7.686680305454545,-18.46239045681818,13.666638818181816,0.018914909272727275
17.17699196818182,7.354119777272728,-1.725745377272727,-5.539682887272727,0.0,0.0
20.45341836,26.7469186,16.87505664,5.470554099999999,0.0,0.0
