mfcc1_sma3,mfcc2_sma3,mfcc3_sma3,mfcc4_sma3,F0semitoneFrom27.5Hz_sma3nz,jitterLocal_sma3nz
20.860430222222224,26.72265718518519,14.804957851851851,4.126147111111111,0.0,0.0
24.183219796296296,2.806723888888888,13.216061165185183,-2.9186461777777777,20.489974259259263,0.01261571911111111
24.217873629629633,-24.24905455925926,4.1264699270370375,-25.887077259259257,40.14080381481482,0.02440355618518518
25.142370962962964,-27.251290522222227,1.6592051822592593,-30.397206444444446,37.127164518518526,0.008275232807407407
17.121041585185186,1.9800482277777776,20.871105670370373,-38.83646707407407,35.50963359259259,0.01328576219259259
25.32663962074074,7.358837109259258,17.482466,-11.139268888148148,33.6358412962963,0.01418992218888889
16.84278365555556,4.340236451851852,42.241100037037036,-49.0086452962963,25.943179,0.007975188296296296
27.19892455555555,15.98662788740741,12.841117955555555,-8.594116096296297,0.0,0.0
