mfcc1_sma3,mfcc2_sma3,mfcc3_sma3,mfcc4_sma3,F0semitoneFrom27.5Hz_sma3nz,jitterLocal_sma3nz
24.278887433333338,25.690689433333336,13.967008490000001,7.565643064999999,0.0,0.0
25.412338799999997,13.610942583333333,7.834144566666666,-2.74035348,18.354841266666668,0.011656839913333333
16.754666916666668,17.23314398666667,9.387431674666665,-1.069263020000001,11.970649333333332,0.012946514333333332
17.881737635333334,-2.5863010966666664,2.3704869459999998,0.9351067323333332,28.100610966666668,0.011983463533333334
23.435346433333333,0.3240822743333336,8.100568599999999,-15.861754503333334,29.33297790000001,0.019396098166666667
25.518523199999997,-6.231275425366666,-0.3877045028000006,-6.625434762666668,9.7309407,0.0034263732333333335
18.554137760000003,26.205437433333334,11.428161766666667,4.7336014943333335,0.0,0.0
22.5268516875,26.207889218749997,12.3572206875,6.407049403125,0.0,0.0
