mfcc1_sma3,mfcc2_sma3,mfcc3_sma3,mfcc4_sma3,F0semitoneFrom27.5Hz_sma3nz,jitterLocal_sma3nz
22.064565571428574,26.96155161904762,14.196610785714288,4.0964279957142855,0.0,0.0
26.373416047619045,19.705413085714287,12.093877489523809,6.138369571428571,7.805543095238095,0.008367335238095238
33.93965704761905,-1.3632142380952383,-2.793607554285715,-5.333891714285713,25.300820095238095,0.007257524523809524
30.84531371428572,1.390112938095238,-2.2566812571428576,-9.29622890952381,29.53966447619048,0.014257780000000001
21.347012142857142,17.28480666190476,-10.118242657142858,-3.3722782261904762,28.11686719047619,0.01478166519047619
33.80229814285714,-5.0415810190476185,0.9098947095238094,-9.50965213642857,12.917828333333333,0.004567504238095238
30.49193245714286,6.2812697942857145,-12.00174689047619,-16.99714434904762,1.608604761904762,0.000440824
18.479845276,25.61070612,11.183183804,5.1476349864,0.0,0.0
