mfcc1_sma3,mfcc2_sma3,mfcc3_sma3,mfcc4_sma3,F0semitoneFrom27.5Hz_sma3nz,jitterLocal_sma3nz
23.330270318181817,27.94155981818182,14.062871477272727,4.732301624545454,0.0,0.0
34.000327772727275,-1.1232904272727273,0.33737290000000003,-9.849984670909091,30.93904090909091,0.015634776972727273
37.031907681818176,-6.798448154545454,-7.405557747727273,-19.19356490909091,40.43795004545454,0.021598447636363635
27.480675545454538,5.678510372727272,9.125800555454546,-10.66633251818182,22.589009318181816,0.005092424818181819
15.499632399090912,18.955742925454544,-6.5172410090909105,-1.2520264170000002,10.260129545454546,0.001467515031818182
30.996215136363638,-14.199895445454546,1.3033654727272737,-4.113157692331818,13.440848590909091,0.0037103465318181817
16.862894709545454,12.735858120909091,-5.970585492727273,-3.0131335136363635,0.0,0.0
19.412337477272732,24.253344318181817,15.127275272727273,6.527333740909091,0.0,0.0
