mfcc1_sma3,mfcc2_sma3,mfcc3_sma3,mfcc4_sma3,F0semitoneFrom27.5Hz_sma3nz,jitterLocal_sma3nz
23.481184818181816,28.465268045454547,13.315323113636365,6.540904287581816,0.0,0.0
21.48808840909091,14.180671190909088,16.124844163636364,-7.779050272727273,17.175125,0.003630490954545454
24.754483545454544,3.4691943772727267,-7.377104168181817,-12.985445598181819,33.51674313636364,0.009914138718181819
27.452050454545454,-9.422622449999999,-2.9410176545454543,-15.126607999999997,43.40386440909091,0.0074955587590909084
23.99684331818182,-2.7554524409090906,-15.577553015,-24.062036945454544,38.90040763636363,0.021294430336363634
19.233470381818186,-10.0903644,-4.98286845772727,-2.5287295318181817,20.222039272727272,0.0018744709363636364
19.999450272727273,11.259795786363638,14.430998227272726,7.108646781818183,0.0,0.0
22.071818454545454,18.075393659090913,13.053647818181815,9.885218009090908,0.0,0.0
