mfcc1_sma3,mfcc2_sma3,mfcc3_sma3,mfcc4_sma3,F0semitoneFrom27.5Hz_sma3nz,jitterLocal_sma3nz
23.64632310344828,28.3249044137931,16.529683586206897,7.379578744827587,0.0,0.0
21.016233000000003,23.55500531034483,12.866459334482759,6.034473439310346,5.953837206896551,0.002718161068965517
30.473296103448273,-8.323100479310344,0.31392802413793097,-15.523964579310348,36.25258758620689,0.014692486568965516
31.69088196551724,5.134365724137931,21.530031396551724,-11.784766451724137,32.15333989655173,0.015205075217241378
38.43142617241379,5.462253899999999,-9.212053833103447,-23.588618196551728,36.39401589655172,0.008501528755172415
32.840954137931035,8.95507450689655,-5.594879471862069,-4.030017317586207,18.829462379310346,0.005531816803448277
28.326708482758615,-0.8694611137931034,-6.69119232862069,-0.0022393568965523906,11.121436172413794,0.002348428320689655
22.32325275,24.74878494444444,15.28920313888889,7.002902627388888,0.0,0.0
