mfcc1_sma3,mfcc2_sma3,mfcc3_sma3,mfcc4_sma3,F0semitoneFrom27.5Hz_sma3nz,jitterLocal_sma3nz
22.889536034482756,26.613369000000002,15.288082551724138,6.349964549999999,0.0,0.0
22.3166865862069,27.174655655172415,14.279594479310347,4.7678368475862065,0.0,0.0
27.282884172413798,7.1150964013793105,5.008991762413793,-13.00454209310345,12.044653275862071,0.005437918206896551
24.34415419310345,13.975471262068968,3.0313999758620684,-8.770734851724136,20.731820172413794,0.011485521206896552
19.97792302068965,20.748231726206896,13.876332527586209,-3.8180075551724135,4.225682413793104,0.0027571301379310346
25.544838758620696,9.227074804482758,1.7324688758620697,-17.24504991827586,34.00420479310345,0.021001290482758624
37.33308620689655,-14.74746878275862,-15.86154415965517,4.302270303448275,16.05388051724138,0.0038598043448275863
22.83045521212121,25.110701363636363,13.779480060606062,6.099958239393939,0.0,0.0
