mfcc1_sma3,mfcc2_sma3,mfcc3_sma3,mfcc4_sma3,F0semitoneFrom27.5Hz_sma3nz,jitterLocal_sma3nz
20.69251829166667,22.391602541666668,11.027717,1.8591566070833334,0.0,0.0
24.682953208333334,4.566126761666666,-1.3688275429166665,-9.022558774166667,11.990224041666664,0.03707683129166667
27.665488,-7.323354635833333,-7.162235887083334,-20.608910791666666,12.856199666666667,0.001996840125
25.005596333333333,10.305502166666669,20.643919729166665,-10.935781010833333,0.0,0.0
21.78931775,20.58954,29.2300611875,-19.49953949,18.03399183333333,0.017181977041666668
23.823767791666665,24.251612374999997,22.34321597916667,-8.51537958125,0.0,0.0
20.76308525,22.302929208333335,11.715991658333335,3.5296462795833334,0.0,0.0
21.710428958333335,24.104365458333334,11.735362158333333,3.242924208666667,0.0,0.0
