mfcc1_sma3,mfcc2_sma3,mfcc3_sma3,mfcc4_sma3,F0semitoneFrom27.5Hz_sma3nz,jitterLocal_sma3nz
22.16071783870968,25.912726419354836,10.769443838709677,4.198598544483871,0.0,0.0
21.97234470967742,23.89289935483871,12.398686564516131,5.420798795999998,0.0,0.0
24.91550316129032,11.93525919483871,6.420399641935485,1.8513233122580655,12.562930258064515,0.0034333687419354835
27.34730174193548,-2.1564686241935482,-8.940365182258066,-22.212517532258065,33.2764624516129,0.015270645922580645
18.882620838709684,20.863828287096773,4.40333840967742,3.7449002548387096,25.456118387096776,0.01781079083870968
26.221790580645163,-7.920706680645161,-11.693128539161291,-11.94611228064516,5.340620096774193,0.0010287619354838711
17.01297971935484,14.578502027741935,6.1585519290322575,-5.335755238064515,0.0,0.0
21.91169509375,20.184957375,11.5622100375,5.563927456249999,0.0,0.0
