mfcc1_sma3,mfcc2_sma3,mfcc3_sma3,mfcc4_sma3,F0semitoneFrom27.5Hz_sma3nz,jitterLocal_sma3nz
21.409307783783778,23.24058059459459,10.572285456756754,2.2878958713513513,0.0,0.0
22.258426297297294,7.896032351351352,4.683683291891892,-7.109416978513513,13.213323324324325,0.007157519716216215
28.541439305405405,-1.2346912356756752,-3.8452338154054044,-24.662454062162162,36.07923054054054,0.015777563340540538
23.716682270270272,-9.330978041351354,8.391874755135136,-21.123620051351352,34.39258251351351,0.012512116354054054
22.053639445945944,-2.3765258740540536,-0.3379577051351348,-44.1148345945946,35.421818945945944,0.018206534364864867
26.392374351351354,-17.48598326081081,-13.89467725135135,-32.412879997837834,31.663460513513513,0.006151736189189189
27.517258702702705,2.2110699716216216,-13.129370575675676,-30.848730253513505,11.322135918918919,0.005184630540540541
21.424133135135133,17.25483285864865,8.267181205405405,5.991194991891891,0.0,0.0
