mfcc1_sma3,mfcc2_sma3,mfcc3_sma3,mfcc4_sma3,F0semitoneFrom27.5Hz_sma3nz,jitterLocal_sma3nz
20.843774826086957,23.629312826086956,10.292662130434785,4.355861113913043,0.0,0.0
20.576342652173917,18.42319532173913,14.753943065217394,3.1027200747826083,6.5306621739130435,0.0
23.660656326086954,20.904357426086957,7.298514052173914,-9.43882641304348,14.478262260869565,0.008081908434782608
28.12915291304348,0.14743349130434866,2.8937768008695657,-10.225386828695651,32.47371039130435,0.020509497765217388
26.13084765217392,11.794288078695653,-2.7557393930434784,-16.581561347826085,19.395959521739133,0.010925707595652175
25.12484734782609,2.686025766086956,-5.4127927247826095,-15.537421903043473,14.22883552173913,0.004230076330434783
21.921016782608696,19.173849039130438,13.131081760869565,7.042988034782607,0.0,0.0
21.69020312,23.389306479999995,13.421422600000001,3.02951412252,0.0,0.0
