mfcc1_sma3,mfcc2_sma3,mfcc3_sma3,mfcc4_sma3,F0semitoneFrom27.5Hz_sma3nz,jitterLocal_sma3nz
20.00585198,20.911304280000003,16.173979152,3.6661277972000006,0.0,0.0
20.20540276,5.951363391999999,4.629110816000001,0.7523583571999997,11.69004696,0.00231216054
28.08663835999999,-0.9554327310399998,-5.25796161024,-26.243378460000002,35.913447039999994,0.044958579116
24.953597960000003,-3.9256692655999994,-2.8498815752,-28.363445060000004,31.413520319999996,0.01043024782
23.270857688,13.528986510400003,13.744864164,-5.486411090400001,16.85631148,0.01917987252
14.466665751599999,24.556035675999997,5.267013899999999,11.197248932,9.06036812,0.0108293364
26.898135279999998,0.06441276399999982,-3.6187016400000003,-7.048236277200001,0.0,0.0
23.943758407407405,22.463288259259258,6.6022209592592604,1.82759977037037,0.0,0.0
