mfcc1_sma3,mfcc2_sma3,mfcc3_sma3,mfcc4_sma3,F0semitoneFrom27.5Hz_sma3nz,jitterLocal_sma3nz
19.43681788965517,23.259763724137933,10.351330886206899,5.055413847586207,0.0,0.0
20.645245179310347,23.661679620689657,9.169501620689655,7.134161727586207,0.0,0.0
23.958623724137933,8.753938787586206,9.559512303448276,-0.23720577034482754,24.940250999999996,0.0032335308710344825
21.08136514137931,-13.565139450689655,-2.2221454709310344,-7.64748069862069,21.61570037931035,0.0054191867
20.236435899999996,-6.329428644827585,-0.7958787620689654,-6.948441679310346,24.23456886206896,0.0043162483379310355
21.829100896551726,17.704155903448275,6.8925667689655175,-1.6886656062068963,10.86370003448276,0.002127836206896552
30.267316137931033,11.912078586206896,4.918325984482759,-2.337604106896551,10.11171848275862,0.0029102628620689655
25.65876,20.934076465517244,13.01081306551724,4.27303928275862,0.0,0.0
