mfcc1_sma3,mfcc2_sma3,mfcc3_sma3,mfcc4_sma3,F0semitoneFrom27.5Hz_sma3nz,jitterLocal_sma3nz
20.419863516129034,21.096859870967734,14.022647725806452,4.191310648354839,0.0,0.0
21.820427677419353,-1.763435880645161,-4.68619703483871,-10.732554638709678,22.419722677419355,0.007767690893548388
17.404550229032253,-10.609834151935484,-5.163961945161291,-22.10856772258064,30.200671580645157,0.008639276251612904
25.318346516129033,3.8423043129032255,0.27424188225806445,-22.502852191290327,38.13489629032257,0.0210048565483871
24.197384548387095,1.777786897741935,-7.059152914774193,-49.072806096774194,37.40562590322581,0.035047524532258074
23.52344672580645,-5.723126547419355,-0.9897914429032258,-20.57080214838709,19.559844,0.0028738197096774194
23.718394645161293,3.006977174193549,-3.6030714087096767,2.9959762054838714,0.0,0.0
21.69107225,23.27941153125,8.69506565,3.38835159571875,0.0,0.0
