mfcc1_sma3,mfcc2_sma3,mfcc3_sma3,mfcc4_sma3,F0semitoneFrom27.5Hz_sma3nz,jitterLocal_sma3nz
19.8306566375,20.325110825000003,16.9332343675,2.351005351725,0.0,0.0
16.250011457000003,7.606861115000001,11.0995544725,-9.597386263999999,19.549115175,0.006016125532500001
13.689992387500002,18.5388784265,14.528448904250002,-9.01113634325,18.275740274999997,0.032177785825
9.15172888575,18.7420425975,14.17740495325,-1.5267715075000003,15.9497374,0.016420890645
16.29063463905,-1.2026141937500001,6.588616030750001,-11.488480873250001,25.105356699999998,0.0133438108175
19.195956353999996,-2.7203868790000003,3.9859833905000004,-21.786777355,25.658543599999994,0.008589003355
23.258855349999997,9.7250319925,10.53116335,-1.9975372449999997,1.6394577499999996,0.00035219259999999997
21.73788386956522,23.280728260869562,10.380051619565217,3.7136425586956516,0.0,0.0
