mfcc1_sma3,mfcc2_sma3,mfcc3_sma3,mfcc4_sma3,F0semitoneFrom27.5Hz_sma3nz,jitterLocal_sma3nz
21.656862900000007,22.1100872,10.354398440000002,5.158718896666667,0.0,0.0
20.8472441,18.13348593333333,9.83614142666667,4.718370978999999,0.0,0.0
20.883559066666667,7.76358942,-0.13980192066666633,-4.144390773333334,27.192115333333334,0.009107056916666667
13.722068936666668,1.074105,7.666707806666665,5.765944506666667,24.50555283333333,0.00817955742
27.924234633333334,4.3512707656666665,1.294823455333333,4.771825347999999,28.562166533333325,0.010266881773333337
25.429541500000003,-7.484599629333333,-6.5166367906666665,-5.469533376666667,12.350137066666667,0.0026863880033333332
24.124096466666664,19.296559366666663,9.444729216666667,2.5007374755333336,0.0,0.0
18.11532546875,13.385503954375,5.123200063125,10.228108156249998,0.0,0.0
