mfcc1_sma3,mfcc2_sma3,mfcc3_sma3,mfcc4_sma3,F0semitoneFrom27.5Hz_sma3nz,jitterLocal_sma3nz
21.83135393548387,22.492817951612903,11.26457079354839,4.1816669422580635,2.2013230322580646,0.0
19.363235187096773,2.701505800967742,12.388412396774195,-6.358266425806451,34.39364012903226,0.006604456567741936
23.987924000000003,-9.305828367741936,-7.598228470967742,-7.649387465483871,33.92536587096774,0.010729783109677418
34.24888574193548,-4.396020477419354,-10.969443279032257,-15.89215100967742,30.36426364516129,0.010666227716129031
15.048566315161288,16.817247474838712,2.856593255806451,-12.934345877419354,20.072963612903227,0.01270541322580645
27.99183229032258,8.28549604516129,8.289564948387099,-1.208976201612903,8.41670022580645,0.006495885806451612
18.20867312258065,20.49447633870968,10.03686103548387,3.1848014516129033,0.0,0.0
22.491374514285717,22.585906771428572,10.407226222857142,4.36927739,0.0,0.0
