mfcc1_sma3,mfcc2_sma3,mfcc3_sma3,mfcc4_sma3,F0semitoneFrom27.5Hz_sma3nz,jitterLocal_sma3nz
24.89673666666667,24.0671771025641,12.841244582051281,5.483269220820513,7.9636198974358985,0.005594470538461538
22.43417394030769,11.176233315128208,31.505230461538467,12.961585217179486,32.07267143589744,0.020356034017948714
34.08519930769231,9.436601307692309,-10.14550958948718,-15.88330213846154,33.94058961538461,0.02411372037179487
35.16427684615384,16.588343476923075,4.653517235897437,-11.78835155128205,31.755481410256408,0.02231278657435897
25.357310461538464,14.005111012820512,12.973411211282054,-0.05160983589743568,6.6467317435897435,0.01015867298974359
35.35861969230769,30.959650871794867,5.886430609230768,-26.988096084615382,15.684935641025637,0.005364331530769231
19.98311584871795,22.506170820512825,11.525320387179487,3.733590165666666,0.0,0.0
22.13826092307692,22.650986820512824,10.304288564102563,5.414462541025641,0.0,0.0
