mfcc1_sma3,mfcc2_sma3,mfcc3_sma3,mfcc4_sma3,F0semitoneFrom27.5Hz_sma3nz,jitterLocal_sma3nz
22.396055206896552,22.415237344827577,9.628483896551723,4.314993753793103,0.0,0.0
27.917974896551723,11.646074755172416,16.518868783793103,7.940494545862069,21.488338034482755,0.016661754896551726
27.61308028965517,17.228513341379312,0.6060313134482757,-7.881033828620691,21.725066517241384,0.006282229862068965
24.992415094137936,20.17270102413793,1.729383822413793,-27.124305420689655,18.699528172413796,0.01431080472413793
29.944816862068965,19.534562482758624,-1.8523995758620686,-31.8373604,15.302507931034484,0.017617724931034483
26.80675979310345,23.029289379310345,6.474411684827587,-5.437016396551724,0.0,0.0
21.620141965517245,20.03368244827586,7.992870386206896,3.8051394698965515,0.0,0.0
22.456576206896546,21.114637344827585,9.407913037931033,5.190342946896552,0.0,0.0
