mfcc1_sma3,mfcc2_sma3,mfcc3_sma3,mfcc4_sma3,F0semitoneFrom27.5Hz_sma3nz,jitterLocal_sma3nz
22.16157574074074,21.486072333333336,9.582875340740744,2.9453085181481486,0.0,0.0
17.017203885185186,25.966086,10.777962029259259,-1.850692307407407,9.713564444444444,0.005490483296296296
20.256449092592593,2.5496194937037036,-7.245573777777778,-18.638807995555556,27.587337703703703,0.01504418909259259
32.35361396296296,2.032952711111111,9.956279751851852,-8.092915266666667,20.670141222222224,0.010366642888888888
38.27682937037037,27.744956666666667,12.550623318518516,-11.728649384074075,28.190007037037034,0.021847924944444447
15.889205433333332,23.0288252,9.434561134074075,6.852412197407407,9.277136296296296,0.008253828925925926
18.56669288888889,11.30771395925926,13.591795796296294,6.208756692592593,0.0,0.0
22.21869033333333,20.79427359259259,8.656722974074073,3.552240733333333,0.0,0.0
