mfcc1_sma3,mfcc2_sma3,mfcc3_sma3,mfcc4_sma3,F0semitoneFrom27.5Hz_sma3nz,jitterLocal_sma3nz
20.90717126666667,23.148486366666663,11.907525730000001,5.967678938333332,0.0,0.0
14.305100786666666,8.188672104,13.927970076666666,-14.950634603333333,21.50593716666667,0.006463924316666666
12.902190408633334,2.827679055,-16.602925844866665,-25.640754879999996,34.5713976,0.01864531390666667
8.612584101333333,-23.481828616666668,-14.098606270000001,-21.842794966666666,45.973291933333336,0.029657137553333334
14.74698004,-6.721188717833333,-16.048857980000005,-18.930482429,22.43744463333333,0.00380134182
15.669121986666664,-10.917450614000002,-30.642653083333325,-17.93551442,28.3303868,0.020425059523333334
19.348495253333333,9.646912721666666,4.564153041333333,4.7583956689999996,0.0,0.0
21.769093625,22.78024675,9.46288150625,6.22961549375,0.0,0.0
