mfcc1_sma3,mfcc2_sma3,mfcc3_sma3,mfcc4_sma3,F0semitoneFrom27.5Hz_sma3nz,jitterLocal_sma3nz
21.576437233333326,14.902150089000001,13.306512629999999,-3.7004480001666664,17.219368666666664,0.029363622766666667
20.494283600000003,8.625330263333332,13.51647226,-6.2871347158000015,28.928258733333333,0.015248489019999999
27.670763766666667,1.770110501,6.34984443,-9.440796944999999,25.629755866666663,0.008357060086666666
25.489295933333338,-2.0899216576666673,-8.029693353333332,-1.788179623,14.8726466,0.008979200133333334
24.192691659999998,20.414042679999998,15.426394354666662,3.292503728566667,10.096983366666668,0.0030251943166666666
26.821859266666667,10.763535196666668,9.107633213333333,-1.4788525426666672,11.936766266666666,0.006067384133333333
25.296293076666668,15.000621173333334,10.728370983333331,3.6092519600000004,8.270504966666666,0.0025295086833333333
20.26666759375,20.1004725625,10.843412315624999,7.553382703124999,0.0,0.0
