mfcc1_sma3,mfcc2_sma3,mfcc3_sma3,mfcc4_sma3,F0semitoneFrom27.5Hz_sma3nz,jitterLocal_sma3nz
20.290473413793098,19.59548120689655,17.842027586206896,3.602044520689655,4.903191517241379,0.0011478004827586207
27.28363962068966,2.216914598965517,-5.101206796551724,-5.18580702862069,23.949935000000004,0.024904099793103446
24.85941796551724,8.302931513793105,10.054916619655174,-9.584758451034482,30.19067982758621,0.016430913582758618
27.076882741379304,16.408454054344826,-6.699573637931034,-4.807388872413793,30.856051793103447,0.008399419993103448
16.281764856551725,20.16022433448276,0.29651286051724135,1.3367758220689656,3.7923004137931042,0.0008034809206896551
23.940614551724142,14.173008168965515,-13.642763206896552,-20.899576244827585,21.814395206896553,0.007458118931034484
29.332369448275866,23.051268517241375,-3.9356973344827586,-15.374897614827587,4.154542896551724,0.0006798629655172414
21.709879194444444,22.14601533333333,9.639424175,7.614018102777777,0.0,0.0
