mfcc1_sma3,mfcc2_sma3,mfcc3_sma3,mfcc4_sma3,F0semitoneFrom27.5Hz_sma3nz,jitterLocal_sma3nz
21.39078183870968,22.770723096774194,7.978326106451612,1.7374020603225806,0.0,0.0
15.995153129032255,2.8969040870967744,-7.98279724516129,-8.676022011612904,33.855676161290326,0.027984546590322575
19.220688612903228,-16.17754510629032,-16.768108642580646,-25.045643322580645,42.11724074193549,0.011978178925806453
19.261005870967743,-23.76180164516129,-12.88690410645161,-15.276162993548388,39.27503877419355,0.014254645529032257
11.406547728387093,-13.67884940635484,-15.918701447096774,-28.78889164516129,20.67534341935484,0.004155343096774194
22.468251820322582,-14.16872722096774,-7.069960191290324,-12.143038486548386,0.0,0.0
21.778576064516134,18.86015226129032,9.950175551612903,6.626398322580645,0.0,0.0
20.91152677142857,22.309325,10.181293279999998,7.173715111714286,0.0,0.0
