mfcc1_sma3,mfcc2_sma3,mfcc3_sma3,mfcc4_sma3,F0semitoneFrom27.5Hz_sma3nz,jitterLocal_sma3nz
21.464397545454542,24.643583,15.134177515151515,5.788554991515151,0.0,0.0
17.295629651515156,2.378884669696969,6.318591801818182,-4.491777445151515,9.489059060606062,0.0058155421969696966
18.819504454545452,-9.488447882121212,1.1156426742424244,-14.827600361818183,37.86901396969698,0.023567955584848484
31.697265484848486,-4.337120909424243,3.7678710854545456,-3.9783544866666665,20.816993030303028,0.010260229281818183
25.54825784848485,-9.029125342272726,-2.6483801181818185,-4.211539195757576,14.065312393939395,0.022830336424242426
25.249441990606062,16.808895536666668,1.1024131267878787,-3.074381711818182,7.343044878787879,0.00250027956969697
24.814308696969697,13.571332014242422,12.171112533333334,9.088279266666666,0.0,0.0
17.475783286000002,21.173081457142853,13.738372122857145,5.185330265428571,0.0,0.0
