mfcc1_sma3,mfcc2_sma3,mfcc3_sma3,mfcc4_sma3,F0semitoneFrom27.5Hz_sma3nz,jitterLocal_sma3nz
19.706837392857143,21.990530928571427,12.718294410714284,4.159882507071429,0.0,0.0
12.680628164285713,-13.21547120357143,-3.8422814500000007,-8.263522183178571,26.945630892857142,0.015200544285714285
14.833401410714286,-22.929653700000006,-0.4801806142857143,-16.639790771428572,32.00732664285714,0.006870496235714285
2.509917525714286,5.131079810714287,1.569435560714286,-8.65961573725,24.174007785714284,0.01364316635
13.09441655357143,14.528489601071428,1.569048307142857,-4.301393832714286,20.52616382142857,0.011672095125
23.159695653571426,21.921859575000003,-4.211436525000001,-13.707048106071428,16.819375142857144,0.004851156285714286
37.93756414285714,8.089630489285714,-14.677886746428573,-23.438524326071427,7.889063464285713,0.0030750238392857144
24.54589003333333,10.485010554999999,-0.4914921998,5.636880658666665,0.0,0.0
