mfcc1_sma3,mfcc2_sma3,mfcc3_sma3,mfcc4_sma3,F0semitoneFrom27.5Hz_sma3nz,jitterLocal_sma3nz
26.473964827586208,16.396335172413796,5.344101913793103,0.3870432527586207,0.0,0.0
18.138836344827585,17.042440499999994,7.8414946586206895,0.4095102261379313,11.09883075862069,0.00932700815862069
11.862841714827589,4.152594115689656,-12.408352001724138,-20.17428439137931,38.160136793103455,0.007638841072413793
18.543376672413796,-21.8741675,-18.271157344827586,-25.38992089310345,43.70103124137931,0.0064981508000000006
15.171398793103448,-19.17103090689655,-23.246408689655173,-20.000137731034485,29.692139379310344,0.02037742031034483
15.086956696551724,-10.647789065517243,-2.395093706896552,-2.7224744896551725,0.0,0.0
21.085102862068968,18.409011172413795,8.707634393103449,8.862184131034482,0.0,0.0
21.580998454545455,24.267514,11.759411269696969,8.58049786060606,0.0,0.0
