mfcc1_sma3,mfcc2_sma3,mfcc3_sma3,mfcc4_sma3,F0semitoneFrom27.5Hz_sma3nz,jitterLocal_sma3nz
22.377439999999996,23.58001102631579,9.58878892631579,5.717951407894737,0.0,0.0
19.00200784210526,9.603038239473683,13.828327963157895,4.0079085763157885,9.081764342105263,0.010953156763157895
15.863140844736842,7.029110363157895,1.4289281815789472,5.010102955263158,18.153691105263157,0.015337417894736843
12.784926642105267,-7.988353265789475,-5.377992363157895,-7.602905159473684,28.072270289473682,0.00985347805526316
23.655299342105263,3.897555183605263,6.616804771052631,-19.11919320421052,36.40374686842105,0.01925839424210526
25.378267736842105,-3.000729436842105,-4.131147226315788,-8.43333301842105,5.956551763157894,0.0012687891789473684
21.572932684210524,18.53206431842105,12.79306762631579,6.671078194473685,0.0,0.0
21.3414285,23.780689425,12.568069594999999,9.17175302,0.0,0.0
