mfcc1_sma3,mfcc2_sma3,mfcc3_sma3,mfcc4_sma3,F0semitoneFrom27.5Hz_sma3nz,jitterLocal_sma3nz
23.0792075,18.71625278125,14.436005081249998,5.518411708125,0.0,0.0
23.5608291875,20.48547478125,11.639686853125001,2.7874866396874998,4.170053875,0.0
15.6408162340625,20.187878570625,-11.45424455625,-12.4100208421875,22.7051289375,0.007831899015625
25.627677924062503,-19.644652309374997,-14.0330228309375,-21.26364453125,38.055389687499996,0.021107976368749996
29.36223466875,-9.453626688581249,-9.11016319,-18.147968308125,30.877952406250003,0.027846671437499998
29.0962238125,5.63547306875,-9.627508260625,-29.7930568125,40.99056478125,0.02903516679375
22.099385775,5.918665170312501,8.864491735624998,-2.447419809375,2.4590603125,0.00028955145625
7.779846381578949,27.251845236842104,4.891813378947369,10.46666732105263,0.0,0.0
