mfcc1_sma3,mfcc2_sma3,mfcc3_sma3,mfcc4_sma3,F0semitoneFrom27.5Hz_sma3nz,jitterLocal_sma3nz
21.462491615384614,25.70078842307692,9.933967215384616,4.913101626923078,0.0,0.0
21.212874961538464,19.901671423076927,11.511239665384617,11.513427138461537,0.0,0.0
19.28741658576923,25.872601584615385,9.252480924615385,-4.525706319999999,18.28897419230769,0.007289276119230769
29.655076038461537,-15.08488648803846,-5.048180039230768,-3.7547830411538468,33.899972846153844,0.030493624546153845
25.776769769230768,0.6680012400000002,-8.259994424615385,-12.47575683076923,4.0566661538461535,0.0034154402692307692
19.7375915,-7.723719053846154,-4.6113811884615385,-5.131158444230769,5.5785561153846155,0.000810784923076923
19.98071107692308,16.650386984615384,10.566763307692307,9.008830373076922,0.0,0.0
21.265935766666665,20.489674999999995,13.059615266666666,9.479240796666666,0.0,0.0
