mfcc1_sma3,mfcc2_sma3,mfcc3_sma3,mfcc4_sma3,F0semitoneFrom27.5Hz_sma3nz,jitterLocal_sma3nz
21.63668833333333,19.135948111111112,14.621350740740741,7.891582455555556,0.0,0.0
20.50750194962963,4.903213067407406,-4.68693174962963,-7.393704400000001,23.527072999999998,0.0034897166814814814
24.53990845555555,14.633675162962962,3.7721512092592597,-11.16359652074074,13.774807481481481,0.0037648059629629632
15.56923982962963,1.0982795814814816,23.058455377777776,-13.753633800000001,35.363855925925925,0.012616884477777777
12.363597414814816,13.90664915185185,16.747841296296297,-12.968251040740741,19.00703888888889,0.006326251222222222
19.546725037037035,-4.234577846666668,13.406508637037037,-21.255801499999993,16.60327337037037,0.007429161537037037
25.776003999999997,22.221976074074078,17.75275924074074,-8.57797503962963,10.261005962962964,0.001652316885185185
21.406503148148143,19.968969666666666,14.888050037037035,8.623924940740741,0.0,0.0
