mfcc1_sma3,mfcc2_sma3,mfcc3_sma3,mfcc4_sma3,F0semitoneFrom27.5Hz_sma3nz,jitterLocal_sma3nz
18.099901357142855,18.410046771428572,13.380459913214285,8.104721825,0.0,0.0
26.510916428571427,-1.8914321142857144,0.6367989714285718,5.252878164285714,9.952074357142859,0.003278018525
34.528606821428575,15.332767664285713,-6.197628048928571,-24.969515964285716,30.56845446428571,0.015174927485714288
33.58317303571429,2.4575845571428574,-2.639452414642857,-11.884718950000002,38.93493371428571,0.012085298778571427
21.32110796785714,20.836262582142858,12.416038442857143,-2.6622968385714283,24.503004178571427,0.01357340975
25.447968678571424,20.206876499999996,18.845058553571427,-11.278465721964285,32.93745378571428,0.020458111057142854
25.209065285714285,21.354871678571424,20.940584357142857,-3.3121823874999996,3.8683799999999997,0.001564505892857143
21.76410503571429,18.45494089285714,14.908787214285715,7.272760803571428,0.0,0.0
