mfcc1_sma3,mfcc2_sma3,mfcc3_sma3,mfcc4_sma3,F0semitoneFrom27.5Hz_sma3nz,jitterLocal_sma3nz
14.489494368181816,13.288032404545454,12.229784400000005,0.5837614545454538,24.297378454545456,0.01184278565909091
27.85275331818182,10.388008518181818,-6.612311863636363,-28.675169863636366,33.31604372727272,0.009731680977272728
25.505149909090907,-4.5534539090909085,-8.476011435259093,-15.699212854545454,40.24882190909091,0.04743682543181818
27.920432,0.0659855409090908,-6.385650331818181,-14.35311782727273,22.962707363636362,0.0068020852409090915
23.207442,2.1935783763636363,-18.145156840000002,-6.269293345454546,20.5283545,0.0031271631272727276
24.79475918181818,-15.763981295454549,-23.18821777272727,12.320751627272728,0.0,0.0
19.80268768181818,8.478853731818182,6.824290943636364,11.382209018181818,0.0,0.0
20.7615848,17.3993528,11.181766808000003,5.5111223784000005,0.0,0.0
