mfcc1_sma3,mfcc2_sma3,mfcc3_sma3,mfcc4_sma3,F0semitoneFrom27.5Hz_sma3nz,jitterLocal_sma3nz
22.948896605263158,15.994532000000001,8.3010748,3.4938806436842103,0.0,0.0
18.82401285789474,10.365248905263158,-6.728728915789474,-12.793792542105265,34.767145,0.010447285536842106
29.330170684210525,-4.5988531453684205,-13.087246463157893,-18.316037842105263,38.427464421052626,0.007600363568421052
25.79565636842105,2.7513061134736843,-6.19017482631579,-9.703344005263158,28.580223,0.010417409331578947
26.255157105263155,-7.544106247894737,-13.764106736842104,-3.0451178368421057,8.530375263157895,0.0016475032526315787
22.486687526315794,10.160447589473685,6.602068478947369,13.643467478947366,0.0,0.0
22.414349315789476,19.375044368421054,10.075157368421053,9.856142626315789,0.0,0.0
22.494325695652172,17.14681586956522,7.216067152173915,8.883466695652173,0.0,0.0
