mfcc1_sma3,mfcc2_sma3,mfcc3_sma3,mfcc4_sma3,F0semitoneFrom27.5Hz_sma3nz,jitterLocal_sma3nz
23.294790954545455,21.16109931818182,12.93759025,9.241924504545455,0.0,0.0
27.2566244090909,11.947140868181817,5.927479880454544,-2.7116512363636365,15.089294181818179,0.014190298500000002
26.57601968181818,8.625911899999998,7.847747375000001,9.904197259090909,10.507129227272726,0.00312473345
19.347842568636363,14.745831513636364,15.344156399999996,1.8873112345454544,25.069962545454544,0.011019202577272728
27.53993572727273,-10.365777529090908,-8.895857033636362,-3.312794124545455,16.869291772727273,0.006817333136363637
26.87643804545455,3.3012241045454545,0.5818660231818179,-11.152495327272725,40.31421254545455,0.009906311322727273
25.588382818181824,15.995777886363639,5.868036240909091,0.20978147727272714,5.506850909090908,0.0005520485954545455
21.026961227272725,17.33332,9.982574890909092,6.9771572772727275,0.0,0.0
