mfcc1_sma3,mfcc2_sma3,mfcc3_sma3,mfcc4_sma3,F0semitoneFrom27.5Hz_sma3nz,jitterLocal_sma3nz
20.756379090909093,17.663876668181818,11.264813504545454,9.534363486363638,6.109630227272726,0.0012862017727272726
23.81309511818182,17.335849895454547,-2.182421523363636,-11.95147688909091,25.276111090909094,0.004107070509090909
27.793123136363633,-3.7542990681818185,-15.00162747,-25.155401863636367,37.948786090909095,0.012013617049999998
24.51795190909091,2.7721745181818176,-2.6815032249999997,-6.971539636363636,3.3965144090909094,0.000944399090909091
20.91330381818182,-3.9436203863636363,-12.757185648181816,-11.554846186363635,25.050253136363633,0.0030364760045454545
22.421644181818177,-6.494416168181818,-14.664517645909092,5.533315897727272,0.0,0.0
19.8256585,10.814022068181819,3.796177592272727,11.343761959090909,0.0,0.0
21.97783096428571,18.362068857142862,8.238290964285715,10.332618785714287,0.0,0.0
