mfcc1_sma3,mfcc2_sma3,mfcc3_sma3,mfcc4_sma3,F0semitoneFrom27.5Hz_sma3nz,jitterLocal_sma3nz
21.191576775862067,7.729721915172414,5.7487099896551745,2.6436054424137927,9.722652034482758,0.003500269448275862
24.26986779310345,2.7195025103448276,4.569865575172414,-6.390035379310345,20.292076620689652,0.015427050379310346
8.661899446551724,15.792269932068965,-6.994909193103448,0.8046346093793104,11.828898965517242,0.006621784275862069
24.132518655172415,23.227506620689656,20.891062517241384,-7.5496979975862075,31.069982000000003,0.01197308307586207
20.463523848275862,25.06414311034483,0.5695672917241383,-2.7600672220689653,24.826849586206897,0.016555591413793102
24.004975658620687,20.895301586206898,-1.4928862684827586,-12.330358662068967,12.535455413793104,0.007387982827586207
31.54375665517242,13.953109927586205,-4.76120607551724,-5.305457197586208,16.878870413793106,0.005239819189655172
21.74713831034483,19.977307793103446,11.87811027241379,9.287113196551724,0.0,0.0
