mfcc1_sma3,mfcc2_sma3,mfcc3_sma3,mfcc4_sma3,F0semitoneFrom27.5Hz_sma3nz,jitterLocal_sma3nz
22.638313045454545,24.690393727272728,10.689182418181817,2.9118966089090907,0.0,0.0
28.244208409090906,-1.3426271363636362,-3.9881902454545455,-18.96743003172727,28.061919863636366,0.04306965842727273
38.20898559090909,-2.218050650909091,-4.715855159090909,-18.661239322727273,32.059943090909094,0.023579028863636366
39.554948318181815,3.368335233636364,-9.783536068181817,-11.04065094090909,30.09855227272727,0.01630574860909091
30.748932,8.730160892272728,17.731560386363636,2.3310163754545457,27.49214086363637,0.010690610013636364
32.99432209090909,11.818403236363634,18.865886568181814,2.195628213636363,28.618103954545457,0.0247674948
27.317062681818182,15.863204068181814,37.9157485,-0.04259880909090921,12.471676727272728,0.004120409440909092
29.139622363636366,25.09271709090909,10.38449015,-3.17591465,0.0,0.0
