mfcc1_sma3,mfcc2_sma3,mfcc3_sma3,mfcc4_sma3,F0semitoneFrom27.5Hz_sma3nz,jitterLocal_sma3nz
21.268799970588237,24.441285411764706,13.784124088235295,4.1193962997058815,0.0,0.0
22.028919588235297,18.43486638235294,10.451832614823529,2.16042552,5.695438205882353,0.03273534211764706
25.237099911764705,-1.1620290092647056,7.627733038235294,-18.63914970882353,30.638763352941176,0.01117747035882353
33.92241382352942,-1.5656931758823531,-2.1208428394117647,-18.976624882352944,27.02289211764706,0.016303367952941177
29.573704588235298,-4.61050916882353,-2.1275646352941178,-15.362361564705887,28.894181058823527,0.005946507267647058
29.74973767647059,16.311271849999997,7.390349110000001,-14.190536111764706,11.001153058823531,0.0017116129617647056
34.89523747058824,2.957316687647059,4.907677355882352,-1.7025923311764706,17.152045588235293,0.0061197023088235296
15.52911280294118,25.441906088235296,13.952190647058824,-0.7596052382352941,0.0,0.0
