mfcc1_sma3,mfcc2_sma3,mfcc3_sma3,mfcc4_sma3,F0semitoneFrom27.5Hz_sma3nz,jitterLocal_sma3nz
20.65479855357143,23.023566282142855,13.082488921428569,4.686688814285715,0.0,0.0
27.172634535714284,7.207723314285714,14.153517482142858,-1.0662840503571427,25.472825285714286,0.018314371714285713
27.697233076428574,11.035807827857141,19.475208522857148,-11.740571405357143,31.413877250000002,0.014530482089285713
36.45357728571429,-2.2153483557142857,-23.116280942857145,-25.028950500000004,31.331045821428575,0.0188120382
40.898388249999996,8.843632044642858,-5.639407584642858,-22.333567296428573,31.13758121428571,0.025762383060714277
26.724989928571432,6.775614219285714,11.954084850000001,-10.403100017857142,17.486774714285712,0.008451325685714285
38.39180167857143,22.561430357142854,1.4728726642857144,-40.60892882142857,10.809516857142857,0.006931313892857143
21.024090857142856,22.88156003571429,12.340215035714289,-2.0936477210714286,0.0,0.0
