mfcc1_sma3,mfcc2_sma3,mfcc3_sma3,mfcc4_sma3,F0semitoneFrom27.5Hz_sma3nz,jitterLocal_sma3nz
21.3949523125,26.4072889375,12.283393921875,4.157118265625001,0.0,0.0
14.5529697625,-0.6842981906250001,12.374508415624998,-13.457100212499999,31.72802946875,0.009405067325
14.923474706875,22.422693521875,7.411871693749999,7.996680359375,23.31780053125,0.019246451934375
13.525659464375,-8.1340383125,5.2561460546875,-15.677019138437501,30.476008375,0.0073715081343749995
22.003939000000003,-5.2049144296875,4.780685534375,-13.20045106396875,16.96312190625,0.01169154740625
22.75986975,-6.0393616525,5.745862121875,-2.11709465,0.0,0.0
14.437421225000001,21.363737562500003,11.203560015,3.9061149796874997,0.0,0.0
20.730928631578948,24.423072684210524,12.649898118421053,7.333401102631578,0.0,0.0
