mfcc1_sma3,mfcc2_sma3,mfcc3_sma3,mfcc4_sma3,F0semitoneFrom27.5Hz_sma3nz,jitterLocal_sma3nz
20.16307385,23.4668772,12.437530485,4.923432645,0.0,0.0
27.266474549999998,3.0402880370000003,4.750117520999999,-3.5920364465,24.947944749999998,0.011039351300000002
36.81766615,-4.576898385000001,-14.587603214999998,-28.769241994999998,40.71918014999999,0.011582896050000001
25.835584750000002,7.3188872599999995,1.166612515,-14.887747430500003,24.605297549999996,0.00515285908
24.7786829,12.217923950000001,24.005800650000005,-19.45181796,34.27060525,0.025783025600000002
21.81571755,10.162034875000002,34.31080895,-31.17885615,11.8381432,0.0073471330000000005
23.696711650000005,25.98507305,18.6286941,1.2768320015,1.8400729999999998,0.002075497
19.962852863636364,23.440040590909096,14.857804727272729,4.074735595454545,0.0,0.0
