mfcc1_sma3,mfcc2_sma3,mfcc3_sma3,mfcc4_sma3,F0semitoneFrom27.5Hz_sma3nz,jitterLocal_sma3nz
19.47270386734694,22.34376757142857,12.150890004081633,8.773412912244899,0.0,0.0
25.72948808163265,12.443375618367345,6.8565664379591835,-5.835264970612245,2.8455150000000002,0.004423755918367347
20.37165871632653,11.343068726530614,16.966960498979592,-11.248349980612245,4.896451224489796,0.003798164489795919
24.306687061224494,19.21432790367347,17.986884495918364,4.353863158081633,5.921714326530612,0.005338655530612244
28.745816551020408,24.606145518367352,11.45025294897959,-3.799366119387755,9.551423081632654,0.003005531672857143
33.93299455102041,17.09673062244898,-3.4003929591836735,-12.468947206122447,12.54028073469388,0.0053292792
23.072173581632654,13.493497780408164,-4.663432755306122,-9.31734269644898,0.0,0.0
21.35757875,18.581634590535714,9.334781995892858,8.246761969642858,0.0,0.0
