mfcc1_sma3,mfcc2_sma3,mfcc3_sma3,mfcc4_sma3,F0semitoneFrom27.5Hz_sma3nz,jitterLocal_sma3nz
21.298437942857145,24.94859494285714,9.781298168571428,4.7884286114285715,0.0,0.0
21.448828514285715,25.314793742857145,10.108807182857145,3.8382832028571428,0.0,0.0
20.1987974,24.0794292,10.44710686571429,5.160423657142857,0.0,0.0
16.72498514285714,17.409248102857145,15.238271122857146,-3.19057097,25.143435942857142,0.017901237671428573
8.390052697142856,12.37483145142857,14.953666748571429,-6.206641921428572,31.85753377142857,0.009866956320000002
18.986099374285715,21.41390021142857,9.562338109142857,-11.43845387685714,22.368230057142856,0.007243538680000001
31.043747742857146,17.218567858571433,6.949018837142858,-21.934937404000003,11.566913542857144,0.006318629285714286
24.65119175675676,15.34752786837838,4.848680324324324,1.2173489297297297,0.0,0.0
