mfcc1_sma3,mfcc2_sma3,mfcc3_sma3,mfcc4_sma3,F0semitoneFrom27.5Hz_sma3nz,jitterLocal_sma3nz
21.498598023809524,26.900618547619047,12.134324333333332,5.987765257142857,0.0,0.0
21.22284988095238,25.32284266666667,12.384803599999998,6.737891145238096,0.0,0.0
20.99407407142857,25.494193666666668,12.597698416666665,7.165967847857143,0.0,0.0
16.06622813880952,21.9739779,13.905512576190475,11.531624697619046,12.603016095238095,0.005665401178571428
23.43068717142857,17.493562502380954,4.629670415714285,6.189446335714287,21.24221754761905,0.01144188686904762
10.71294356,28.368745395238097,5.501887146704762,6.245434538095238,13.045998357142857,0.04016893207142857
21.288494616666664,5.097664610809523,9.572134348571428,-8.38662047840476,11.690924714285714,0.018604633285714284
19.099750044444445,20.66315685111111,12.042993595555554,3.342387548666666,0.0,0.0
