mfcc1_sma3,mfcc2_sma3,mfcc3_sma3,mfcc4_sma3,F0semitoneFrom27.5Hz_sma3nz,jitterLocal_sma3nz
20.12098606521739,25.01967991304348,11.97551991304348,5.9622295784782615,0.0,0.0
20.912283739130434,25.602434565217397,12.171898869565219,6.5281196680434785,0.0,0.0
26.968195195652175,15.925501000869563,17.79265386539131,1.6312930915217392,2.020569413043478,0.0
22.846727869565218,5.803906807608696,8.745567683043479,2.057469582391304,4.8591873913043475,0.002179339391304348
27.006349369565225,4.306066804913043,1.2227353847826088,-12.98847035,21.15879608695652,0.00442373665652174
26.81174582608696,16.898780339130433,13.826282876086953,-3.0303824873913046,9.660762630434784,0.006630670276086955
24.006592206521745,20.62429330217391,14.29049151086957,5.654619729130435,2.4520830869565216,0.004529140478260869
23.572614723404257,19.45272212765957,10.780022440425533,3.346318478723405,7.762395276595745,0.0039018613404255323
