mfcc1_sma3,mfcc2_sma3,mfcc3_sma3,mfcc4_sma3,F0semitoneFrom27.5Hz_sma3nz,jitterLocal_sma3nz
22.130101200000002,28.11412996,11.520314203999998,5.042390372800001,0.0,0.0
20.01147236,13.99475053616,10.1030456144,0.12516897559999982,0.0,0.0
22.6550234,2.7326805476,19.184789863999995,-3.0355745779999994,11.00838748,0.0022002293399999997
13.208878872,16.736648719999998,19.1200337,1.915398092,17.29125748,0.007560410404000001
22.105033419999998,15.198584996000001,11.229843599999999,-0.13288673023999972,14.798417279999999,0.00918409068
24.365656735999995,8.361141609599999,4.919993719999999,-20.802539468,15.848909760000002,0.0031492002600000003
30.55496388,15.027573584399999,-2.4142409259999997,-4.1907267496000005,0.0,0.0
20.494039064516123,25.068892741935482,14.216556048387092,3.392804735483872,0.0,0.0
