mfcc1_sma3,mfcc2_sma3,mfcc3_sma3,mfcc4_sma3,F0semitoneFrom27.5Hz_sma3nz,jitterLocal_sma3nz
22.054466703703707,23.229129518518523,9.439612925925925,4.920858834814815,0.0,0.0
23.092385944444445,-5.874430531111112,4.171452175888889,-21.292386918518517,24.560041185185188,0.008817298370370371
20.945594796296295,-7.090436130740742,7.998503854740741,-12.305626692111108,27.854434703703706,0.031562053407407406
26.894753851851853,6.984677233333334,4.624395866666666,-38.59918315925926,33.26210537037038,0.040342449777777775
28.630301962962964,-1.2361361688888886,-8.942626139259259,-24.722260540740745,27.791085740740737,0.016193457296296294
23.717401481481488,-2.8887401185185184,-11.904606355333332,-25.027039544444445,6.833304444444445,0.006076434259259259
20.840630481481483,16.69506934725926,12.195715693333334,6.844096547037037,0.0,0.0
21.921453814814818,26.928243296296294,15.00769685185185,7.550502803703705,0.0,0.0
