mfcc1_sma3,mfcc2_sma3,mfcc3_sma3,mfcc4_sma3,F0semitoneFrom27.5Hz_sma3nz,jitterLocal_sma3nz
22.387187592592593,28.25123062962963,12.99553257037037,5.883537774074074,0.0,0.0
19.512577896296293,6.345033308518517,27.337235185185186,0.027689509629630012,12.600808481481481,0.006653628792592592
27.319621305555554,0.5326225974074074,-7.611537311481483,-19.477864208888885,25.163456,0.01582616404074074
31.972382925925928,-0.6466626944444445,1.8594738000000002,-14.306818462962964,19.541399666666667,0.014107815055555558
28.260645851851844,8.280358842962963,16.84276624037037,-16.23712567037037,18.368469555555556,0.009292684622222222
32.979455296296294,19.521612899999997,1.6706768540740742,-39.488613944444445,10.126304333333334,0.0025005034814814813
22.663180555555556,25.906318999999993,12.862579866666668,6.1860178059259265,0.0,0.0
21.11523693939394,18.018280242424243,14.76308895151515,10.434404696272727,0.0,0.0
