mfcc1_sma3,mfcc2_sma3,mfcc3_sma3,mfcc4_sma3,F0semitoneFrom27.5Hz_sma3nz,jitterLocal_sma3nz
22.53066602857143,27.30381422857143,13.297680839999998,4.782023894285714,0.0,0.0
22.970705200000005,1.0178252045714289,6.608294674285714,-6.678350868571428,24.25378991428571,0.00784492282857143
20.392247142857144,1.1853143362857144,13.71875418857143,-8.036433717142858,27.611516028571433,0.012367828537142859
29.94018,11.183890073142857,-6.260727110685713,-42.336529508571424,30.321772257142857,0.008912444362857144
8.311315961714286,20.710751440000003,5.812200005428571,-18.556742442,7.803578914285715,0.0014607103514285716
22.45521481142857,18.696022274285713,-5.075489724571429,-50.32789707514285,20.11505065714286,0.016091927160000002
24.402547628571426,26.821250485714284,9.286955794285713,-5.097662030285715,0.0,0.0
21.935349459459463,26.459133135135136,12.82143072972973,5.196457968108109,0.0,0.0
