mfcc1_sma3,mfcc2_sma3,mfcc3_sma3,mfcc4_sma3,F0semitoneFrom27.5Hz_sma3nz,jitterLocal_sma3nz
22.666812479999997,24.815548160000002,12.80138842,7.957257356,0.0,0.0
26.021497479999997,9.3822503392,3.7233812608,-1.9707412547999994,5.817980680000001,0.0007022692
29.698729559999997,-7.16052606724,-8.210086888,-23.131514644,34.869992159999995,0.027943769368
29.94066436,-6.296157824,-11.26681592,-16.987313752,34.31554376,0.011154791184
29.530989039999998,1.0375365652000001,6.3542709908,-3.0629199086000005,34.66564284,0.010864678148
23.41866332,5.592350548,29.01960508,-0.2964947388,32.4030278,0.012336475239999999
25.576124999999998,13.686925744,21.9134237,-0.7715917516199999,0.0,0.0
22.32675325806452,25.098497064516128,12.443484054838711,5.498472478387097,0.0,0.0
