mfcc1_sma3,mfcc2_sma3,mfcc3_sma3,mfcc4_sma3,F0semitoneFrom27.5Hz_sma3nz,jitterLocal_sma3nz
21.719980628571427,24.942022685714285,12.542517742857143,5.0724302382857145,0.0,0.0
22.216700485714284,22.087155728571428,18.029602342857146,7.124538759142858,10.835252942857144,0.03892665054285715
26.92402503,21.116094542857144,23.213186497142857,-0.5743113668571427,20.0144798,0.017155785342857142
33.35037657142857,19.022534042857142,-6.299000106285714,-13.827429017142858,26.688261,0.011363751257142856
28.698959600000002,22.336581677142856,11.094748260000001,8.04224522657143,8.552929,0.004468710528571428
31.554655571428565,28.775613628571428,4.488458799999999,-13.219123237142858,15.68637205714286,0.008923515742857144
20.24369802857143,22.730863185714284,16.670203742857144,7.566560268571428,0.0,0.0
22.746426945945952,26.540475864864867,13.052583013513512,8.69251147027027,0.0,0.0
