mfcc1_sma3,mfcc2_sma3,mfcc3_sma3,mfcc4_sma3,F0semitoneFrom27.5Hz_sma3nz,jitterLocal_sma3nz
23.470559533333333,23.27244215,13.514790826666665,3.830967702,0.0,0.0
24.44046286666667,23.69821613333334,12.306522546666665,8.414370843333332,0.0,0.0
22.61856033333334,19.38594603,9.801625333,3.565128443666667,7.881872866666667,0.0103772073
34.04246473333334,17.476326763333336,6.276922961666666,-9.960493009999999,27.731796766666665,0.022483854719999998
33.033433233333334,22.179372700000005,8.498579450666666,-4.015917966666667,25.298603200000002,0.016880552403333336
12.118672981666668,24.372413166666668,16.19530622,3.717995963333333,4.021557466666667,0.004098698466666667
23.463152733333327,11.590571036666667,4.326975497,-0.5564136059999998,0.0,0.0
25.43092080555555,16.9532068175,9.847575703888886,9.317304301666667,0.0,0.0
