mfcc1_sma3,mfcc2_sma3,mfcc3_sma3,mfcc4_sma3,F0semitoneFrom27.5Hz_sma3nz,jitterLocal_sma3nz
22.56107596969697,28.10511518181818,12.651545575757575,6.378090430303031,0.0,0.0
16.540198612121213,27.63825784848485,16.448666075757572,11.59756896969697,0.0,0.0
19.547481670000003,26.34877513636364,-1.9850791303030302,0.008530539393939444,3.001729272727273,0.0014704348484848484
34.73027718181818,16.089202633333333,-1.5242492236363638,-2.0034740486060603,25.332736303030305,0.007139845509090909
26.89442118181818,28.41181506060606,11.130905354545455,5.283111113484849,12.692423696969696,0.005448246969696969
29.070753090909086,19.250827645454546,1.7789516353030301,-6.158871048484849,6.9263252121212115,0.003332540636363637
22.326045242424243,12.674249037878788,8.175338754848484,11.091022257575759,0.0,0.0
22.7280524,26.804629714285714,12.381504340000001,6.550011924571428,0.0,0.0
