mfcc1_sma3,mfcc2_sma3,mfcc3_sma3,mfcc4_sma3,F0semitoneFrom27.5Hz_sma3nz,jitterLocal_sma3nz
22.82854080392157,26.50844035294118,10.540493656862745,2.6677480801960787,0.0,0.0
17.784393901960783,9.959404678431369,21.82125940980392,1.198005573333334,20.532168000000002,0.01789096565294118
26.839553137254907,1.6470134386274509,3.678339745882353,-4.7457843343137265,30.72361460784314,0.016884203150980395
24.675875215686276,16.467710670588232,22.32594889215686,7.6481767140392165,19.112031470588235,0.007426525943137256
28.73170749019608,19.3266248627451,-1.4969257812745096,-35.478811355686275,25.6712024117647,0.015090415674509807
12.23569850532745,14.52070448680392,10.821224025490196,-7.246674083333333,6.406081156862745,0.0035657830784313724
18.499720143686275,20.383446254901962,3.8890215829411763,-22.75602971411765,13.949289843137255,0.008968509276470589
26.56535407692307,28.642533057692308,8.300137620769231,-7.459101036538462,0.0,0.0
