mfcc1_sma3,mfcc2_sma3,mfcc3_sma3,mfcc4_sma3,F0semitoneFrom27.5Hz_sma3nz,jitterLocal_sma3nz
21.956895303030304,25.849284090909087,13.57584068181818,7.361141681818182,0.0,0.0
21.952888333333334,22.960256757575756,11.40300213030303,6.7201205427272726,0.0,0.0
25.225900081818185,21.19133674242424,7.273779409090909,1.060671446212121,12.566622666666667,0.004542480060606061
19.270350961121213,14.127255766666666,4.910827612121212,-15.826038378787878,24.37144078787879,0.019227519424242428
31.486347454545452,13.495762512121212,8.471281671515152,-0.45620830454545475,18.79787621212121,0.010489393636363635
35.78793218181818,25.875281939393936,9.48874589090909,-14.582044459393938,25.994392151515154,0.015604079345454545
27.701252955757578,19.01932674242424,14.625793636363635,2.2294886115151513,5.625810212121211,0.0009965105151515151
14.669731375263158,24.585362131578947,14.091521028947364,6.558067512368422,0.0,0.0
