mfcc1_sma3,mfcc2_sma3,mfcc3_sma3,mfcc4_sma3,F0semitoneFrom27.5Hz_sma3nz,jitterLocal_sma3nz
19.076297455555554,18.206005803703704,16.077039999999997,10.549858414814814,0.0,0.0
21.371667777777773,21.12783837037037,14.980733214814816,9.094758397407407,0.0,0.0
13.694397068888886,20.687210411111113,11.845846185185188,4.28238743,13.008555925925926,0.004108155818518518
22.030948522222225,17.81041837777778,6.719891361851852,1.366956515925926,20.052262074074072,0.018097526655555557
0.7375340703703707,25.53096255555556,30.06381825925926,-0.438664784074074,4.878932074074073,0.0014535293703703703
27.09635855185185,15.938206592592591,11.390028822222222,-8.59779108,20.022630407407405,0.020498491481481484
23.07417948148148,16.586669951851853,10.18411734814815,8.869661954444444,0.0,0.0
22.124557382352947,25.570937970588233,14.793424529411764,5.919880929411765,0.0,0.0
