mfcc1_sma3,mfcc2_sma3,mfcc3_sma3,mfcc4_sma3,F0semitoneFrom27.5Hz_sma3nz,jitterLocal_sma3nz
22.337384240000002,28.85147172,13.34451756,5.672957728,0.0,0.0
22.87150408,14.667864004,14.998810832000002,-0.32432149719999986,12.11829232,0.009108762079999999
28.76671364,-1.7698187967199999,7.387640029199999,-26.08622672,24.233807439999996,0.018424139648
28.075042720000003,9.3547244848,23.276198584000003,-8.01972410784,17.02024228,0.01179471266
20.161927807999998,13.45236728,28.4284776,5.92855827,17.153520959999998,0.05305080181999999
18.14373796,16.45933284,50.32043996,-10.227480248,18.32175236,0.03017195296
24.320033399999996,20.49540124,17.38817214,2.3203346944,0.0,0.0
22.704102333333328,23.49280714814815,12.690504837037034,7.447051962962963,0.0,0.0
