mfcc1_sma3,mfcc2_sma3,mfcc3_sma3,mfcc4_sma3,F0semitoneFrom27.5Hz_sma3nz,jitterLocal_sma3nz
22.81303242105263,27.370221526315785,13.984383642105264,7.104965692105264,0.0,0.0
21.86453836842105,24.180471394736845,15.998469947368418,11.246500307894737,0.933880447368421,0.0
21.732512631578945,-13.811292227631577,-9.116140441315787,-30.633080502631582,29.932905342105258,0.05141772407894737
24.96980527631579,-3.1215440902631584,11.486210604473685,-9.945516857894734,21.27210694736842,0.006035485260526316
27.95525118421053,0.07643170447368447,7.993195328421052,-29.331045981578942,33.94139860526316,0.011369126960526317
25.965664368421052,-5.9331437199999995,-7.377149470526317,-23.695302481578953,9.386857210526315,0.004315390144736843
19.5861365,11.446385230789472,9.052986115789473,3.5703319802631572,0.0,0.0
22.005926275,26.1277191,13.891824975,7.132502558499999,1.818287175,0.0
