mfcc1_sma3,mfcc2_sma3,mfcc3_sma3,mfcc4_sma3,F0semitoneFrom27.5Hz_sma3nz,jitterLocal_sma3nz
22.10980575,26.8365889375,15.15149296875,6.90612415,0.0,0.0
21.356483625,19.279039215625,32.007363609375,2.8384165562500003,13.8095574375,0.009549551296875
22.426576724999997,16.37564619375,25.56772028125,1.0709311656249998,13.212754,0.00809917918125
34.13624684375,2.9957290978125,-2.5156015623125003,-17.33015563125,17.7981978125,0.006805879221875
27.527741625,21.766285484375,28.15096359375,6.215892389375,14.58049059375,0.013384828425
31.377458906250002,18.748966490625,3.6341988684374997,-25.883398696875002,12.736527031249999,0.0249840702375
22.13119065625,21.75251684375,10.8330404875,0.9333459821874999,0.0,0.0
20.391272371428567,25.65815462857143,15.114688585714287,8.46442937142857,0.0,0.0
