mfcc1_sma3,mfcc2_sma3,mfcc3_sma3,mfcc4_sma3,F0semitoneFrom27.5Hz_sma3nz,jitterLocal_sma3nz
22.441945125,27.1807215625,16.451555015625,8.9834136553125,0.0,0.0
21.646716124999998,26.34060325,14.51285803125,6.65139920021875,0.0,0.0
19.92165728125,25.62896846875,11.98743038125,6.542305350000001,3.4846506250000004,0.0
31.557690625,2.0888237615625,10.812567434375,-17.182817593750002,18.94792584375,0.033645094875
28.32052425,0.11438684687500009,-2.142538073125,-17.310319890625003,2.27617265625,0.0013943625
22.996081,21.843052328124998,9.542673028125,7.3493429625,0.0,0.0
22.27267365625,25.01272421875,11.796677921874998,6.1140780562499994,0.0,0.0
22.22723375,27.390222,13.932950625,9.003283559375,0.0,0.0
