mfcc1_sma3,mfcc2_sma3,mfcc3_sma3,mfcc4_sma3,F0semitoneFrom27.5Hz_sma3nz,jitterLocal_sma3nz
19.26225434375,26.1439175,16.757962156250002,6.085302021875,0.0,0.0
27.5156313125,1.5339666749999996,5.77924423875,-8.918188646875,12.01679090625,0.00185156986875
25.86398553125,6.548978128125,11.271234881249999,-9.215435742812499,10.02945709375,0.00487176239375
26.2995241875,13.30192685625,31.19316715625,3.874519393125,23.7221888125,0.0253704603125
34.0697614375,19.242556612500003,4.5173219734375,-19.1471281875,18.918754937499997,0.013833995081249998
30.1837384375,9.286061954375,0.30830123468750004,-2.4317763091874998,10.793740125,0.001722422284375
24.652521999999998,8.39281074846875,1.3359276437499998,6.278798388124999,0.0,0.0
21.78179247368421,26.161886078947372,13.853293263157896,6.904895293157894,0.0,0.0
