mfcc1_sma3,mfcc2_sma3,mfcc3_sma3,mfcc4_sma3,F0semitoneFrom27.5Hz_sma3nz,jitterLocal_sma3nz
22.227705772727273,19.84603691818182,19.523698454545453,5.283675274545454,7.315124681818182,0.0011052664545454546
27.00340521818182,15.52208618181818,4.090157006363635,-26.447913713636368,26.797965272727275,0.059538098963636356
35.30891481818182,-9.31016968181818,-4.977293936363636,-23.584310727272726,33.03255309090909,0.01406036112727273
28.995695045454553,6.691470949999999,-3.4180014513636365,-22.145400395454544,13.075310181818184,0.00802282239090909
33.95883422727273,-5.955494981818182,-17.060972045454548,-44.993250727272724,10.630796818181818,0.006486827204545454
18.052255404545452,4.568750608181819,5.233473977272727,-0.8152725481818183,0.0,0.0
19.794091500000004,18.997075901818185,12.439047899999998,9.243567549999998,0.0,0.0
20.62983436,28.41669116,12.51572448,8.28294506,0.0,0.0
