mfcc1_sma3,mfcc2_sma3,mfcc3_sma3,mfcc4_sma3,F0semitoneFrom27.5Hz_sma3nz,jitterLocal_sma3nz
16.450388472413792,23.46203801034483,11.725645879310344,8.402866427586206,0.0,0.0
13.353529462068964,21.114752020689647,6.791896391034482,-6.512516300689658,9.310393310344828,0.005924665586206896
5.0566208525862075,0.07164461379310329,-8.2234359,-17.852787332758627,26.30362337931035,0.0064768635172413784
26.621432586206893,-4.571361666413793,-1.4625221148275862,-16.743139055172414,27.539958793103448,0.013039544172413793
24.5879731862069,5.222595173793104,-6.858724387931034,-40.556612017241385,32.29977437931035,0.015091586896551724
26.69321375862069,7.094962018965516,14.060604624137929,3.15207207137931,20.41113168965517,0.006614181962068966
21.109932427586205,8.474634866551723,16.398284696551723,-6.125769243793105,3.6736602413793102,0.0015983414206896553
-9.148246297586207,19.50377086206897,5.7221224355172415,6.017574169310346,0.0,0.0
