mfcc1_sma3,mfcc2_sma3,mfcc3_sma3,mfcc4_sma3,F0semitoneFrom27.5Hz_sma3nz,jitterLocal_sma3nz
20.452493454545454,27.393582909090902,15.536125545454546,8.401304504545454,0.0,0.0
17.765058139090907,20.719196863636363,9.724559968181818,0.09821924213636248,8.212063590909091,0.00029266750000000004
29.806221090909094,-5.908544182727274,-9.285362909090908,-36.03022027272727,32.3216850909091,0.008834274782727273
32.53861836363636,-3.557238106818182,-2.4040079404545454,-26.202833022727273,32.905609272727276,0.006657777522727273
31.698445909090903,0.002255499568181708,10.58706956818182,5.139006773181818,32.81408136363636,0.012092889013636364
26.67547304545454,5.169944751818182,24.137314,-11.890781188181814,17.381859636363636,0.0064483935090909085
28.059003909090908,20.04894795909091,12.518546100000002,5.8835537054545455,0.0,0.0
20.645671035714283,27.292136642857145,15.156237714285714,9.540937214285716,0.0,0.0
