mfcc1_sma3,mfcc2_sma3,mfcc3_sma3,mfcc4_sma3,F0semitoneFrom27.5Hz_sma3nz,jitterLocal_sma3nz
29.168553307692303,11.719434493846153,0.11642101807692294,-10.508867573076923,17.909826846153845,0.012619523280769231
32.10308023076923,22.147973819230774,5.3314509519230775,-5.168623066153846,24.494701692307693,0.023199510692307693
27.55216903846154,0.8754077238461537,7.174682813942307,-17.594876886307695,19.10076657692308,0.01230935703846154
35.505145192307694,19.238958796153845,20.010470634615388,-2.636616461538461,24.402751884615384,0.018871843453846158
34.45483211538462,18.208252925384617,-2.477883255,-38.151654099999995,23.504585346153842,0.008636163438461538
31.819513038461537,15.283943699230768,-2.3251098984615384,-11.154078591153846,9.218724307692309,0.0017569061307692309
26.99504676923077,15.713921211538462,-2.074282737576923,-16.834480233076924,0.0,0.0
16.696667822222224,5.720808262962962,14.931541925925929,9.678204759259257,0.0,0.0
