mfcc1_sma3,mfcc2_sma3,mfcc3_sma3,mfcc4_sma3,F0semitoneFrom27.5Hz_sma3nz,jitterLocal_sma3nz
19.581525636363633,28.560141227272723,14.608342863636363,11.467598372727274,0.0,0.0
18.256788886363633,15.741035738636366,5.198073718181818,-11.377443278636363,25.334624136363633,0.004818135818181819
20.44077168181818,-18.745603109090908,-11.078060218181816,-31.810683681818183,40.488246636363634,0.015754319604545458
20.479876454545455,-7.715524549999998,-5.998071604545455,-19.74459575909091,25.54037813636364,0.00751365
17.49006627272727,-16.202330245454547,-15.288776054545453,-52.126074090909086,20.90128668181818,0.008332758636363636
25.423205213636358,-6.113447779090908,-1.843300024090909,-15.705674182727273,0.0,0.0
8.529220018181817,-9.326534484999998,5.833025433636364,4.693114563636364,0.0,0.0
21.24023084,24.815489519999996,9.561404568,5.3207504496,0.0,0.0
