mfcc1_sma3,mfcc2_sma3,mfcc3_sma3,mfcc4_sma3,F0semitoneFrom27.5Hz_sma3nz,jitterLocal_sma3nz
22.024574068965514,26.32734713793103,14.270535379310347,6.272138858620689,0.0,0.0
12.31529581724138,26.58495347931035,7.715367737931035,-3.94775171137931,14.05682555172414,0.005489882172413792
25.33892752068966,6.549728158620688,-1.0554126711034484,-3.661377906206897,26.499897448275867,0.008415248334482758
1.2085809975862065,32.88385624137931,-1.5672921413793104,8.336922644827586,0.0,0.0
6.152137248275862,22.670309096551726,0.45591336689655176,-4.731769413793104,4.043591448275863,0.0009648988620689655
17.87515303448276,8.629592086206896,7.658475722413794,-0.7841701817241378,0.0,0.0
20.01393017241379,20.32777254482759,15.133846603448275,8.186994203448275,0.0,0.0
21.291482694444444,26.121952555555556,15.381953777777776,6.232494775,0.0,0.0
