mfcc1_sma3,mfcc2_sma3,mfcc3_sma3,mfcc4_sma3,F0semitoneFrom27.5Hz_sma3nz,jitterLocal_sma3nz
22.492718809523808,26.92002985714286,13.962683345238096,7.133755,0.0,0.0
23.56863859523809,20.979854152380955,14.569657207142857,5.470891508095238,5.8187596190476185,0.0008733224166666666
3.7551894142857143,25.800590639761904,4.2066813935714285,-5.833934440476192,9.030846452380953,0.0018599197952380952
23.227231726190478,-5.541995228571429,-5.651860204047619,-22.21367580190476,24.216610976190477,0.0123093529
24.308978047619046,-4.309658649285715,4.198362240238096,-14.04133326547619,21.398943166666665,0.01782885231190476
32.13974857142857,6.878262945238095,14.552839146428571,-32.23181224047619,32.53012366666667,0.025892070666666666
16.488849826190478,1.9263907333333337,18.035898026190477,-5.863977566190476,7.692233357142857,0.005680507452380952
11.928716286666667,30.453547977777777,6.8517155600000015,8.919424200888887,0.0,0.0
