mfcc1_sma3,mfcc2_sma3,mfcc3_sma3,mfcc4_sma3,F0semitoneFrom27.5Hz_sma3nz,jitterLocal_sma3nz
21.066924,26.498946375000003,15.576824078125,6.712109940625,0.0,0.0
19.0557511875,10.9734553275,14.2374997325,8.9959526125,0.0,0.0
31.99163753125,-1.42681869375,4.857588959687499,-28.89447253125,22.54424975,0.023872322828125
25.76782959375,-2.1135552178125,17.163923125,-7.54674731375,23.03632228125,0.019366296890625
31.546986562500003,9.5504471625,12.184447684375,-22.53883361875,30.388794624999996,0.01138058973125
34.80244975,1.1621588237499998,-6.640516263125,-27.9907379540625,19.647062625,0.0071876551062499995
28.11003659375,1.55574864875,-2.6477149399062503,-26.26089236,0.0,0.0
22.506360710526316,22.67329178157895,12.710241694736844,6.145520168421053,0.0,0.0
