mfcc1_sma3,mfcc2_sma3,mfcc3_sma3,mfcc4_sma3,F0semitoneFrom27.5Hz_sma3nz,jitterLocal_sma3nz
18.081641678571433,22.285721964285717,19.075039964285715,8.0547239,0.0,0.0
23.089549642857143,14.029036060714287,15.165390060714287,-1.4851528014285706,9.3333155,0.006625881357142857
28.559908,4.007703710714286,12.046374135714286,-4.990719452142857,22.852993357142857,0.01185996415
23.28701746928571,-0.37643100357142895,24.462059321428573,-9.605531060857144,24.639244321428574,0.006235553785714286
24.29008608928572,-14.563855110714286,4.147387445714286,-6.817853271428571,32.82830439285714,0.0070744210821428585
15.27830955,19.351619878571427,19.04939217857143,2.4249641009642855,4.7596520714285715,0.0011446748071428574
21.029264964285716,24.521763928571424,12.526975285714286,2.9809892753571425,0.0,0.0
21.706568575757576,26.093758939393936,14.532836166666668,7.173128848484849,0.0,0.0
