mfcc1_sma3,mfcc2_sma3,mfcc3_sma3,mfcc4_sma3,F0semitoneFrom27.5Hz_sma3nz,jitterLocal_sma3nz
27.37322195238095,16.790949157142858,13.950758942857144,5.0252405185714295,0.0,0.0
26.745377280952383,21.990457404761905,2.533657919619048,-18.033387376190475,21.560751333333332,0.010692879333333332
36.01835633333334,-10.127336332380954,-4.5567347271428575,-25.127600999999995,31.793449333333342,0.014176685523809527
32.48542052380952,6.692970066666668,-5.786419217904763,-11.111965875238095,18.941230666666666,0.009121921619047619
35.788816857142855,-6.450656247619047,-23.736726095238097,-40.63227019047619,16.346533047619047,0.005994341923809525
27.52875342857143,6.844115949523809,-3.297424734285714,1.8834924333333336,0.0,0.0
22.22753561904762,26.30727495238095,12.51796219047619,8.286866685714285,0.0,0.0
22.317491636363634,26.427022272727267,13.131501340909095,8.72457655,0.0,0.0
