mfcc1_sma3,mfcc2_sma3,mfcc3_sma3,mfcc4_sma3,F0semitoneFrom27.5Hz_sma3nz,jitterLocal_sma3nz
22.868296588235296,21.619461570588236,20.046358441176466,6.390305456470589,4.872797235294118,0.0
17.520227921176474,23.359903411764705,10.574542594117649,1.5039634705882352,8.481621352941177,0.003501372294117647
35.98443682352941,12.23219533529412,-0.6464725740588235,-30.200474941176473,25.92986164705882,0.01666522688235294
36.04108982352941,-7.8843836352941175,1.5776718941176473,-21.259011,29.709116647058824,0.01687429954705882
28.628402588235293,1.715589865882353,-2.8174897299999997,-1.1325765058823531,5.1870302352941176,0.0006145415882352942
32.803549647058816,4.839338924705881,-11.962644064705882,-46.05668105882353,8.437635294117646,0.0038011571764705885
25.013539529411762,2.1710307506470587,-2.546051235294118,-4.452524264705883,0.0,0.0
22.04150052173913,18.005734369565218,12.445798365217394,9.782925643478261,0.0,0.0
