mfcc1_sma3,mfcc2_sma3,mfcc3_sma3,mfcc4_sma3,F0semitoneFrom27.5Hz_sma3nz,jitterLocal_sma3nz
21.367712914285715,26.297163742857144,14.086054385714284,5.801241638,0.0,0.0
33.36897345714286,9.834917982857144,0.8534642914285714,-23.913273929714286,6.545724857142857,0.0046278698857142855
40.228037,1.0917279377142857,3.776479522857143,-25.206101250742854,20.728190514285714,0.005396774165714286
40.197561571428565,5.262314117142858,-3.175871544857143,-12.347327812857145,25.031429685714286,0.007656686419999999
34.09263514285715,-2.7847108865714287,17.03971294,3.031906082285714,24.92763505714286,0.007480901854285714
25.844550765714285,21.773602385714284,17.661716054085716,2.1375747374285714,4.591957742857143,0.005811605942857143
27.284520702857144,20.157914585714284,27.11484562857143,0.9197745631428571,17.164789542857143,0.012529164025714287
26.816490648648653,24.413095756756757,16.947404378378383,0.22192395297297293,0.0,0.0
