mfcc1_sma3,mfcc2_sma3,mfcc3_sma3,mfcc4_sma3,F0semitoneFrom27.5Hz_sma3nz,jitterLocal_sma3nz
23.943579909090907,23.481863681818183,8.417206640909091,6.0819866590909095,0.0,0.0
23.865406545454547,25.972840909090905,10.014676572727275,4.168971371363638,0.0,0.0
22.36058754545455,10.082221301818182,2.3150735027272735,-4.089681912727272,24.73644372727273,0.005904257318181818
35.362218681818185,-6.837062918181818,-19.571838136363635,-28.893835954545455,38.30576281818182,0.016762796136363636
32.51968131818182,-2.9754602572727276,-7.208044231818182,-7.513692495454546,29.023986818181815,0.007814655013636363
31.424979590909086,-20.074785477272727,-18.215462159090908,-13.381183445454546,6.458815045454545,0.01536961481818182
22.86117275,13.73666993181818,7.475230071818182,7.746619297727275,0.0,0.0
21.92425032142857,27.014321749999997,13.513535928571427,7.588121553571427,0.0,0.0
