mfcc1_sma3,mfcc2_sma3,mfcc3_sma3,mfcc4_sma3,F0semitoneFrom27.5Hz_sma3nz,jitterLocal_sma3nz
21.70097651724138,24.135559344827588,14.326151379310348,7.195270724137932,0.0,0.0
21.53580037931034,25.322857655172417,13.326250172413793,7.5379570620689655,0.0,0.0
24.902436896551727,-6.524132803448276,23.518599965517236,-16.484540431034482,30.307150172413788,0.00803797327586207
16.831560655172414,11.792882726206896,6.05566404,-6.684794289655172,8.641878068965518,0.006192287241379311
24.26473696551724,8.09378724724138,16.04521893103448,-14.342157986206894,31.281452862068967,0.01875599272413793
24.22784872413793,21.741589989655168,3.6946466655172414,-8.287081043103449,16.401084,0.011075880000000001
37.79605758620689,6.4010768896551715,-3.8007334086206903,-20.02634510517241,20.320205827586207,0.005054904779310345
22.07902797222222,25.962905777777777,13.837687375,6.625670344444445,0.0,0.0
