mfcc1_sma3,mfcc2_sma3,mfcc3_sma3,mfcc4_sma3,F0semitoneFrom27.5Hz_sma3nz,jitterLocal_sma3nz
23.267091857142862,25.824685749999997,14.959495178571427,7.425580246428573,0.0,0.0
23.187598178571427,17.17826,16.283086107142857,3.270823875000001,6.598079392857143,0.003380792892857143
30.00794917857143,-14.369811257142857,12.27334236964286,-35.02267764285714,37.58943557142857,0.009824824460714286
31.54566364285714,-4.741037646428572,11.437817557142855,-23.470489750000002,31.093921857142853,0.013260761167857142
10.868202044285713,21.77247239285714,8.618528475,-9.184835830714288,30.352036857142856,0.011839901257142859
29.556652946428574,-3.875855467857143,10.968332426785716,-5.044123396428572,7.367807785714286,0.0034152930000000002
27.43596292857143,9.035001903571429,1.7586710903571432,0.7755861535714285,0.0,0.0
22.33346463333333,25.575151566666666,13.414414316666667,6.1388765433333345,0.0,0.0
