mfcc1_sma3,mfcc2_sma3,mfcc3_sma3,mfcc4_sma3,F0semitoneFrom27.5Hz_sma3nz,jitterLocal_sma3nz
22.45283175,22.564317222222222,11.835349388888888,6.870216859444444,0.0,0.0
22.268673361111112,21.406776830555554,12.884909277777778,6.8566351983333345,1.9489183611111107,0.0
27.32376827777778,-10.955063535277779,20.874258798333337,-19.277403476111107,24.270681472222222,0.010039505555555557
26.23428589722222,8.272351020833332,17.88375319722222,-8.457645527777778,30.756410499999998,0.009707322505555553
23.449002758333332,8.935859220277779,13.151414986388891,-12.76681570277778,21.043565472222223,0.004483412383333333
33.01677397222222,12.49815575888889,-1.4204900444444444,-24.568913622222215,15.09635836111111,0.005316359777777778
22.550961944444445,25.749538388888894,12.992287000000001,6.845287814722222,0.0,0.0
22.406775837837838,25.071633108108106,13.187328283783785,5.671547453783784,0.0,0.0
