mfcc1_sma3,mfcc2_sma3,mfcc3_sma3,mfcc4_sma3,F0semitoneFrom27.5Hz_sma3nz,jitterLocal_sma3nz
22.003377096774194,23.305615774193555,10.82850605483871,5.027431852258064,0.0,0.0
21.741676774193554,24.921145741935486,13.689227612903228,4.498418483870968,0.0,0.0
9.963638367741938,15.527050309677415,6.0961951106451595,-4.451247319354839,20.498674064516123,0.0025070279406451614
23.765943967096774,5.876555367741935,1.641200465806452,-10.50916258580645,28.082637967741938,0.011988928261290324
4.268617472258064,30.22936298064516,7.727754664516129,6.507191196129033,9.217480838709676,0.006416050709677419
22.69132230806452,-3.954513799999999,19.76861787419355,-21.566883077419355,13.306377516129032,0.0010884269967741935
22.351096096774192,21.94007071935484,15.439190290322582,5.6283042019354825,0.0,0.0
22.56832165625,25.0296713125,12.764482434375,5.89750893125,0.0,0.0
