mfcc1_sma3,mfcc2_sma3,mfcc3_sma3,mfcc4_sma3,F0semitoneFrom27.5Hz_sma3nz,jitterLocal_sma3nz
22.286919054054056,25.02338245945946,11.923682202702702,5.660925573135136,0.0,0.0
17.631044308108105,-15.163007181081076,4.212218703,-20.066372193243243,36.10008991891892,0.020094472727027024
15.60097474324324,-14.36502133,22.803129132432435,-31.599833189189187,32.54746789189189,0.014006906159459459
2.590029771621622,15.475521329729734,11.307185269189189,-21.138162896756754,21.593238999999997,0.003338041102702703
19.474809372972974,14.99147360627027,14.508312502702703,-25.534246997297295,32.74373186486487,0.012560940424324324
20.06032977027027,19.99149509459459,1.9249068991891891,-16.42139244772973,24.045076000000005,0.009771247378378378
34.08197394594595,7.426643320540542,-8.094949834324325,-39.83007078918919,10.373179216216217,0.004544362978378379
21.226148675,22.3287074,10.672896482499999,5.54678466875,0.0,0.0
