mfcc1_sma3,mfcc2_sma3,mfcc3_sma3,mfcc4_sma3,F0semitoneFrom27.5Hz_sma3nz,jitterLocal_sma3nz
22.400499999999997,20.52200675862069,9.095743368965518,6.602122863103448,0.0,0.0
18.38624984482758,2.965596765517242,11.947416655172415,-5.127994243793104,16.33224479310345,0.0053883789482758624
16.60414818965517,-5.531347348275862,16.86082246551724,-33.63981634827586,35.323656310344816,0.012639598148275862
10.836575413793105,12.802309328965517,14.271791927586207,-18.36117631724138,27.38464565517241,0.005277370796551725
17.531082800000004,17.273081894827584,5.65397810586207,-15.889322131034483,26.88184417241379,0.006691601862068966
26.664633275862066,3.4001804783793106,0.37122146310344833,-35.24118825862069,29.311159344827587,0.01600428087931035
27.472903206896557,11.523227444827587,7.941297896551724,-1.99979842862069,0.0,0.0
21.53793189655172,23.229300172413794,11.095567103448277,5.614160436896552,0.0,0.0
