mfcc1_sma3,mfcc2_sma3,mfcc3_sma3,mfcc4_sma3,F0semitoneFrom27.5Hz_sma3nz,jitterLocal_sma3nz
20.82468242857143,22.819780057142857,16.346935400000003,1.8458641934285713,0.0,0.0
25.49263642857143,10.98067267142857,18.686773665714284,-12.270143501714285,22.457483628571428,0.012480234205714287
30.57174025714286,-8.342535513714283,-2.6245009685714282,-8.958995245428572,22.265443685714285,0.009124785151428571
25.24624251428572,2.6481167999999995,1.2772418788571431,-6.825633687142856,14.921898971428572,0.00293851458
25.827856914285718,19.390406301714286,4.616394916,-2.8970589102857143,11.826100057142858,0.003083574828571429
28.814922514285715,19.83671195142857,9.320208215142857,-4.841086874,6.768043685714286,0.007755127228571428
20.752641160000003,24.237911485714285,14.921615985714284,5.097564514285714,0.0,0.0
20.458932648648645,23.938388081081083,13.129665621621621,7.637493231081081,0.0,0.0
