mfcc1_sma3,mfcc2_sma3,mfcc3_sma3,mfcc4_sma3,F0semitoneFrom27.5Hz_sma3nz,jitterLocal_sma3nz
21.60913658333333,26.50845477777778,13.824274719444444,6.706388783333334,0.0,0.0
21.353309444444445,17.70032926111111,13.76184483888889,1.538334346111111,10.421304750000001,0.0029886473111111114
31.834246555555556,15.150231107777781,-2.6367330208333333,-19.737026731111115,24.10817313888889,0.014929497433333334
25.221976472222224,0.04977718694444436,10.881333000000003,-12.565509109166667,17.583098194444446,0.008561330011111111
26.627543777777777,4.796863580555556,9.806812780555555,-15.104541037138887,4.824181361111111,0.0
17.008974766666668,-12.924300341166667,10.20275391388889,-6.178036794444443,21.68007372222222,0.004689253036111111
13.39443553611111,18.63663189444445,21.879293225,-11.074200533333332,0.0,0.0
20.72794465,26.431460625,15.3047000625,6.5665187314999995,0.0,0.0
