mfcc1_sma3,mfcc2_sma3,mfcc3_sma3,mfcc4_sma3,F0semitoneFrom27.5Hz_sma3nz,jitterLocal_sma3nz
20.914316,25.31483528125,14.913674796874998,7.158978846875,0.0,0.0
19.6550871875,24.64648715625,16.731194218749998,6.888482432209375,0.0,0.0
24.891257753125,19.790577365625,22.13531220625,-5.972854766156249,19.44594403125,0.00688638541875
33.743596671875,4.609062196875,-11.749722096875,-4.198788581875,32.60756859375,0.013736169290625
37.569082406250004,18.833497990625,-6.7972746715625,-20.383895346875,17.8704186875,0.01234018109375
25.376727187500002,22.2810238625,4.359964103125,-4.12681321125,9.151659,0.0045736433125
28.5159278125,28.744751906250002,11.564585967500001,-8.913134094375,2.95926128125,0.00087597409375
19.573865875000003,25.6485175625,15.3954596875,7.2751565734375,0.0,0.0
