mfcc1_sma3,mfcc2_sma3,mfcc3_sma3,mfcc4_sma3,F0semitoneFrom27.5Hz_sma3nz,jitterLocal_sma3nz
22.32553282857143,25.24751217142857,15.66012487142857,8.352705732285713,0.0,0.0
20.99180918571428,20.61487950268571,23.248017028571432,-8.268343782285713,3.2136021428571433,0.0
28.11773737142857,2.314712979771429,2.9826013195999996,-8.355546067571428,29.226944514285716,0.01748032597142857
22.87715428571428,19.18073447428571,20.31093151142857,-15.458443608399996,12.024799857142856,0.003426418751428571
35.93374994285714,15.76164207142857,-12.323230596285716,-23.578245587142856,31.843986085714292,0.0110230931
17.011712538571427,25.149795114285716,5.100677431428572,-4.627475929714286,12.868424685714286,0.006520125342857143
27.5625948,27.240196685714285,-10.193257871428573,-42.87006081428571,19.47593977142857,0.005434250708571429
23.112651783783782,23.174616513513513,9.643161164864864,-0.3391752113513514,0.0,0.0
