mfcc1_sma3,mfcc2_sma3,mfcc3_sma3,mfcc4_sma3,F0semitoneFrom27.5Hz_sma3nz,jitterLocal_sma3nz
21.20446084375,26.14000025,14.052555734375002,7.595124145,0.0,0.0
21.7049399375,26.749608875,14.600501834374999,8.569808456250001,1.1556699375,0.0
23.107026740625003,15.8270116875,20.2888812375,-9.6588117709375,20.284610531250003,0.01130144885625
34.273765875,-5.4595772625,-23.786781065625,-12.920609921875002,25.479729218750002,0.021327438593749998
31.870822781250002,23.351742468749997,8.3473879415625,-11.3232989896875,16.39578875,0.00925874165625
33.64929015625,23.5192105625,-4.141866240624999,-23.153119328125,4.1858500625,0.00161929
20.722011625,24.724550406250003,12.58410009375,5.84438010625,0.0,0.0
20.718359684210526,25.65784731578948,14.865138881578952,6.994521605394738,0.0,0.0
