mfcc1_sma3,mfcc2_sma3,mfcc3_sma3,mfcc4_sma3,F0semitoneFrom27.5Hz_sma3nz,jitterLocal_sma3nz
22.944640482758622,23.822851965517245,14.62453243448276,-5.059961518965517,9.683809379310345,0.007940929241379312
20.56472578275862,20.79029207931035,1.4438348413793107,-2.9639840172413794,9.529939482758621,0.0038847660068965515
30.555018551724135,13.93995172413793,-12.289225760689657,-17.141351367931033,31.83531251724138,0.02348613884482759
31.748105862068968,14.152953555172413,1.1795266534482762,-13.772180310344828,31.461096586206892,0.012675085720689655
27.878727206896553,15.2200987,2.240450816551724,-4.042102297931034,16.861846862068965,0.0090378056
26.593053068965517,14.34430581034483,-5.51400252137931,-7.085378937931035,0.0,0.0
23.695351586206893,18.13334964482759,3.074583822068965,8.531385398275862,0.0,0.0
19.631171833333337,20.338031213888886,10.487056038888888,9.438740394444444,0.0,0.0
