mfcc1_sma3,mfcc2_sma3,mfcc3_sma3,mfcc4_sma3,F0semitoneFrom27.5Hz_sma3nz,jitterLocal_sma3nz
21.085040333333332,21.600949888888888,16.99768888888889,9.693586611111114,0.0,0.0
20.93586981481481,24.654791185185186,13.118046203703702,6.828336270370371,0.0,0.0
27.482341037037035,-2.300124332222222,1.7022135888888887,-3.0328536501851855,20.259484703703702,0.008734892314814814
29.042864148148144,-3.722622492592592,10.50383216037037,-10.617891511111111,33.485088185185184,0.007341301688888888
23.884585703703706,-2.1104906705185185,17.85410038148148,-22.418330481481483,36.735977444444444,0.015224599203703703
23.632246703703704,3.6734169101851846,24.13712371851852,-22.501047106296294,19.352556185185183,0.01123188324074074
23.848324407407407,7.680628992592594,26.273810111111107,-11.902893250740739,14.487953666666668,0.01336088322222222
19.73133214814815,16.213515055555554,20.00311488888889,11.405587629629629,0.0,0.0
