mfcc1_sma3,mfcc2_sma3,mfcc3_sma3,mfcc4_sma3,F0semitoneFrom27.5Hz_sma3nz,jitterLocal_sma3nz
20.307895,22.934609863636364,14.746055250000001,6.576722929545454,0.0,0.0
18.7033735,12.513030350000001,18.04644636363636,10.77082015909091,0.0,0.0
19.995492952727275,22.551166181818186,9.937365767954544,1.341546859090909,4.5447755,0.0009040615909090909
28.412386227272734,6.196873177272729,1.3323249031818183,-12.754595890909092,29.020921409090906,0.01596181093181818
24.90118318181818,-0.650190623636364,-6.491986822727273,3.414056567727273,22.294749318181815,0.013701597000000003
27.30977159090909,4.275933297272728,-16.511726607727272,-4.9117657227272735,0.0,0.0
21.29772486363636,18.26300009090909,8.558088122727272,13.592030995454547,0.0,0.0
19.86154748,24.61639324,14.875891619999997,9.568749288,0.0,0.0
