mfcc1_sma3,mfcc2_sma3,mfcc3_sma3,mfcc4_sma3,F0semitoneFrom27.5Hz_sma3nz,jitterLocal_sma3nz
20.767670642857144,26.200265785714286,15.670229553571428,6.400636807142857,0.0,0.0
21.57008503571429,25.467525107142855,16.270343232142856,6.669155744285715,0.0,0.0
13.36897589642857,11.7401329,34.091842142857146,-43.51567369642857,25.552399392857144,0.034172035175
25.61358623214286,1.722297978571429,-1.759327235714286,-13.697411903928574,31.83533721428572,0.014561042799999997
39.80809714285714,-4.027052687857143,-29.26233257142857,-11.155097435714284,27.757805607142853,0.01187852515
33.66655682142857,17.842015,2.1778567250000003,-17.08021312857143,22.549725892857143,0.050111619478571436
29.799767035714286,17.30941615,-2.3042118071428574,-14.583326507142859,14.148114857142858,0.003810678707142857
26.4800003030303,25.332716454545455,8.079368627272727,-18.383180548484848,8.043001212121212,0.0022191329090909093
