mfcc1_sma3,mfcc2_sma3,mfcc3_sma3,mfcc4_sma3,F0semitoneFrom27.5Hz_sma3nz,jitterLocal_sma3nz
19.887523793103444,28.161517275862067,18.202250534482758,12.982768720689656,0.0,0.0
4.12459258275862,25.608194758620687,5.504564322068966,-0.03306823068965537,2.309756068965517,0.0014147135517241381
18.825580458620685,3.3816900517241377,1.1562087324137933,-1.8287008606896549,7.488380068965518,0.001760918620689655
4.792751355172414,27.097537462068964,12.337999524137933,2.7202140806206896,2.7608230344827587,0.0
-3.4735310034482763,26.797631414827592,2.916871550344828,-5.691970010189655,8.493093862068966,0.0021629583103448275
23.387152793103446,-1.2200069310344828,14.302853637931035,-8.74593034275862,0.0,0.0
18.396751999999996,22.569233875862068,19.584888586206894,11.17262001586207,0.0,0.0
19.551201103448275,25.97956527586207,17.555370379310347,11.805298831034483,0.0,0.0
