mfcc1_sma3,mfcc2_sma3,mfcc3_sma3,mfcc4_sma3,F0semitoneFrom27.5Hz_sma3nz,jitterLocal_sma3nz
19.451216974358974,26.40773674358974,17.41311075641026,11.393312797435899,0.0,0.0
20.184756410256416,22.898205366666666,16.78352428897436,9.251707737948717,4.712618717948718,0.0061710422820512815
24.98160825897436,19.023630125641024,12.73817162528205,-0.7144042482051285,10.144052743589745,0.010761682117948718
18.168611666666663,18.172904579487177,9.28054464251282,-3.3102269564102564,0.0,0.0
29.103839076923077,13.856813636410253,8.44030716051282,-1.6747173846153847,2.4342135897435897,0.0003571596923076923
26.29097335897436,14.717252874358975,6.171876584358974,-1.159318313076923,0.0,0.0
18.92437238461538,24.402798794871796,17.17313805897436,11.068155012820515,0.0,0.0
19.372519153846156,23.415629743589744,18.006905487179488,9.60521066025641,0.0,0.0
