mfcc1_sma3,mfcc2_sma3,mfcc3_sma3,mfcc4_sma3,F0semitoneFrom27.5Hz_sma3nz,jitterLocal_sma3nz
19.988595620689654,27.173322551724137,18.198835310344826,12.537322627586208,0.0,0.0
19.96161755172414,14.05732268275862,9.052540843793105,5.524965586206898,4.6958565172413795,0.0034751085517241384
33.85059486206896,-2.5988997224137935,-13.181876874137929,-26.060582793103446,18.902140275862063,0.013808389172413792
34.477750275862064,6.275370065103448,11.611306138965515,-5.55878561137931,19.616105827586203,0.013840932086206898
37.679387758620685,2.5623389206896547,-8.962006385172415,-26.496145636206894,21.74713789655172,0.012481357044827586
36.15512220689655,10.45383953103448,-8.490628602758623,-14.726402915862067,11.060021689655173,0.004384533672413793
23.298637206896554,23.014131655172406,12.479077318965517,9.959441997586207,0.0,0.0
18.80130715151515,25.39179909090909,18.360223787878788,11.177348503030304,0.0,0.0
