mfcc1_sma3,mfcc2_sma3,mfcc3_sma3,mfcc4_sma3,F0semitoneFrom27.5Hz_sma3nz,jitterLocal_sma3nz
19.32413540625,26.485781062500003,18.3589860625,12.622872109375,0.0,0.0
22.139972218750003,21.811046634375,10.535779999999999,-6.05113360625,9.167477625,0.00984537109375
-2.0108051624999996,13.026158803125002,0.8794347384375,-10.057541158375,7.26416103125,0.0058191991875000005
28.6690326875,-5.9501217,3.6496692606249996,-22.479920325,2.4459129062500002,0.000152557490625
27.991239125,-2.6960760840625,4.6071248865625005,-21.299324478125,15.519283406249999,0.009220554375
36.10618275,8.3696923490625,11.33614923821875,-28.159903280625,24.90298925,0.028349870200000002
17.179651275,13.536759852500001,15.347092843750001,3.4436145915625,3.77102271875,0.00220427715625
5.541044889473684,27.99708057894736,15.846056984210525,2.084199807894737,0.0,0.0
