mfcc1_sma3,mfcc2_sma3,mfcc3_sma3,mfcc4_sma3,F0semitoneFrom27.5Hz_sma3nz,jitterLocal_sma3nz
18.799682800000003,27.3681217,18.64041325,11.277695953333334,0.0,0.0
22.626294966666663,13.975791968,11.174931846,4.331406743333334,0.0,0.0
29.38621226666667,4.41471079,17.884380196666665,-5.563562737999998,10.802105166666667,0.004176783733333333
33.75717166666667,6.157890960666666,0.7361170799999999,-11.530324193333335,12.963791133333334,0.008462862713333333
26.12989473333334,6.1816443219999995,3.7403343566666667,-6.6352487033333345,0.0,0.0
31.593805266666667,12.982052134666667,4.080166945333334,-2.058997686333333,0.0,0.0
23.31749133333334,21.531881433333332,12.653016073333333,7.427910280000001,0.0,0.0
19.855224972222224,21.316420083333334,14.361149444444445,8.269160961111112,0.0,0.0
