mfcc1_sma3,mfcc2_sma3,mfcc3_sma3,mfcc4_sma3,F0semitoneFrom27.5Hz_sma3nz,jitterLocal_sma3nz
18.496212999999997,22.91219348148148,20.7271772962963,6.261362218518519,0.0,0.0
18.421186259259258,22.877756125925927,18.43249248148148,2.772600351851852,7.294233666666666,0.003832002444444444
21.256044907407407,15.39855269148148,0.32082684037037046,-14.552828177777778,26.222218222222224,0.011729691403703708
25.956420370370363,-6.806511181481483,-5.061136523703704,-19.83009972222222,33.968651074074074,0.028746013259259257
23.082720592592597,-6.070848559851851,-5.243393414814815,-15.30979746185185,2.802884,0.0
28.673942222222223,-1.9635544222222223,-16.671396681481482,-7.665703621296296,8.246719148148147,0.0034051101851851856
21.09217866666667,17.37570055925926,12.411803848148148,11.626528574074074,0.0,0.0
18.701139,25.28237218181818,14.810454954545454,10.466589584848487,0.0,0.0
