mfcc1_sma3,mfcc2_sma3,mfcc3_sma3,mfcc4_sma3,F0semitoneFrom27.5Hz_sma3nz,jitterLocal_sma3nz
20.77114332,8.389754,14.513278779999998,4.459369896,10.797890240000001,0.0036593531199999997
34.32085240000001,-14.027393228000001,-6.917524803999999,-27.665586076000004,42.838222159999994,0.014622766664
32.1340928,-4.7800923948000005,5.809143704,-27.34900212,43.17046707999999,0.009922881892000001
20.9195087136,18.515111419999997,5.3525859512,-9.923567824000001,27.148218960000005,0.010487713400000001
27.013269880000003,7.7581137292,32.878995839999995,-17.749079016,7.533927319999999,0.0036365677600000003
22.654325399999998,15.4961229256,24.382660639999997,0.6511833060000001,0.0,0.0
18.609395759999998,24.127457720000002,16.82986258,12.137205192000001,0.0,0.0
20.32656703225806,23.676074000000003,15.306245080645162,10.856816570967743,0.0,0.0
