mfcc1_sma3,mfcc2_sma3,mfcc3_sma3,mfcc4_sma3,F0semitoneFrom27.5Hz_sma3nz,jitterLocal_sma3nz
19.028655074074074,26.44103818518519,17.081943851851854,11.474433037037036,0.0,0.0
27.182004777777777,7.42332826074074,0.7402760148148148,-0.9797884888888896,21.852416925925922,0.008280668814814816
30.73670244444445,3.9930591377777773,4.203008386629629,-10.368346562962962,35.75572837037037,0.019301548222222225
21.648924229629635,20.47572703703704,-0.09781756162962972,2.4946134333333334,25.214026074074074,0.01546997011111111
24.717917351851852,20.067963218518518,0.4446712925925925,-4.153546037037037,26.683366518518522,0.011457660907407406
34.04465877777778,-2.8352254851851852,-12.111499537037037,-2.7918882846296293,11.924825703703702,0.002974164814814815
14.75939171851852,23.675491629629626,15.997615018518516,6.100094233703703,0.0,0.0
19.137090222222223,26.451300222222223,15.748180148148148,9.416790157407407,0.0,0.0
