mfcc1_sma3,mfcc2_sma3,mfcc3_sma3,mfcc4_sma3,F0semitoneFrom27.5Hz_sma3nz,jitterLocal_sma3nz
19.75074603043478,12.751981867391304,11.96964250652174,0.9555866565217389,13.766470652173913,0.011652418391304346
19.571666043478256,0.45944379565217314,-18.099075539130435,-28.889989808695656,48.10387752173912,0.017816358239130435
15.659742673913044,-19.195762239130435,-16.400390705217394,-19.480075304347825,48.386813739130446,0.02852723408695652
20.992649043478256,-6.115255108260871,-12.34615571521739,-19.458483184347827,26.1710997826087,0.07348161349130435
7.161711092173914,-33.37315882608696,-18.161661043478258,-4.076600458695652,40.05163939130434,0.005332288747826088
21.25614547826087,-8.367060595652173,1.4266835434782612,-0.4922516269565216,0.0,0.0
19.754109869565216,11.432336173913043,16.945100695652172,8.55462542173913,0.0,0.0
21.977368119999998,21.874554760000002,15.3529802,8.576014276,0.0,0.0
