mfcc1_sma3,mfcc2_sma3,mfcc3_sma3,mfcc4_sma3,F0semitoneFrom27.5Hz_sma3nz,jitterLocal_sma3nz
18.958494575757577,24.739802242424243,17.142906909090907,10.394652312121211,0.0,0.0
18.738405666666665,1.695104771818182,19.617908515151516,1.5531156984848484,0.0,0.0
22.93856188181818,-5.04322996969697,6.879803018181818,-19.068060575757574,26.84589415151515,0.015276801954545454
0.8770632718181818,7.190710687878788,14.557236262727272,-7.737762292424242,22.535919606060606,0.01251896902121212
18.378328037575756,7.980975890000001,2.7131469818181815,-10.75543325030303,22.15971224242424,0.020854846696969697
28.503650242424243,12.660527275757575,-5.234519204545455,-18.751046234848488,23.457060181818182,0.007175694509152727
36.39797315151515,9.909878718181819,-14.684740484848485,-16.008079878787882,15.475995575757576,0.016222799087878787
20.08050277142857,25.768846571428572,15.798217657142855,8.757107797142858,0.0,0.0
