mfcc1_sma3,mfcc2_sma3,mfcc3_sma3,mfcc4_sma3,F0semitoneFrom27.5Hz_sma3nz,jitterLocal_sma3nz
18.574114036585367,26.56748136585366,17.388054951219512,11.784098780487804,0.0,0.0
14.316209219512194,5.125811446341463,12.06776759390244,0.2991038414634151,16.02529856097561,0.003245954495121951
7.3876052048780485,0.11827321951219547,4.96080816097561,-5.321335874634147,24.174220170731708,0.008245816158536584
2.452254223463415,18.007118129268292,7.278271769756096,4.0804522707317075,17.668356268292687,0.010709432390243903
14.294255314634146,-5.2134583560975605,5.818598581951219,-11.47127117317073,28.34399848780488,0.006709218312195122
26.22547036585366,7.981002160975609,13.414697697560975,-24.421383987804877,21.892661390243905,0.005025602687804878
18.150697290243905,-14.917480188536587,14.584856148780487,-11.31607101707317,9.732026073170731,0.00501092468292683
17.59486909565217,26.195783891304348,16.32249009782609,6.647093656086955,0.0,0.0
