mfcc1_sma3,mfcc2_sma3,mfcc3_sma3,mfcc4_sma3,F0semitoneFrom27.5Hz_sma3nz,jitterLocal_sma3nz
20.246018516129038,29.297107451612902,15.115346693548387,11.038096325806453,0.0,0.0
17.311825741935486,17.43673061129032,22.819140483870964,5.966498496774194,8.810467032258064,0.006577071129032257
28.38581683870968,1.330674264516129,3.4667989122903227,-6.801202854838711,25.442288806451614,0.01004151510645161
27.046048409677415,12.149877992419356,8.17113254883871,-16.317708835483874,30.15587229032258,0.007824579983870969
13.708738006774192,22.154870354838714,-2.4786845796774184,-16.031782066774195,18.721033967741935,0.0031027450290322576
32.818089935483876,27.060170580645167,-1.1790650787419354,-42.26797378387098,24.872397999999997,0.009718086829032257
22.42890019354839,27.64143535483871,12.39269626903226,6.3964724483870965,0.0,0.0
20.163375125,23.37327028125,11.179187599999999,6.834080974999999,0.0,0.0
