mfcc1_sma3,mfcc2_sma3,mfcc3_sma3,mfcc4_sma3,F0semitoneFrom27.5Hz_sma3nz,jitterLocal_sma3nz
18.998784973684213,24.177133157894737,18.588737828947373,11.30544832631579,0.0,0.0
22.43341178947368,-3.7721839321052633,5.0437932797368425,-6.420334166578947,15.543791236842104,0.005973566973684209
9.624284647631578,14.455583567105267,26.595070213157896,4.773690032368421,18.694185605263158,0.0047836645578947365
0.7768573007894727,22.498341005263157,10.206010222631582,22.46315381631579,0.0,0.0
22.69885413157895,-6.380674145526317,-4.461709015789474,-2.930543027368421,18.712339789473685,0.009951646860526315
28.22993352631579,16.961084531578944,17.481121805263157,-8.261561486052631,22.083956473684214,0.013164407684210525
23.296070500000003,-11.988344394736844,-2.8237197544736836,-5.467038085736841,9.662521921052631,0.018017424842105265
20.857754837209306,22.631417311627906,15.465619444186045,3.4509647699069763,0.0,0.0
