mfcc1_sma3,mfcc2_sma3,mfcc3_sma3,mfcc4_sma3,F0semitoneFrom27.5Hz_sma3nz,jitterLocal_sma3nz
19.719632451612906,26.361830290322583,16.753808548387095,11.216665167741937,0.0,0.0
15.807151661290321,14.298151467741937,22.402407000000004,13.511383625806452,0.0,0.0
6.628221832258065,5.685405296774196,14.051109554838712,-4.176169908387096,22.913978870967746,0.010958951322580644
13.75754922580645,-16.57464461387097,-15.843906483870967,-40.325543870967735,45.14864716129033,0.034749686758064516
13.87993772903226,-17.72554169677419,2.0852929158064515,-19.862272522580646,32.68893693548387,0.03028121773870968
15.301508777419357,-15.728412650322582,-15.281047567741936,-6.164854871290323,11.924811161290322,0.0026623214516129034
15.92858379032258,-10.890901832258065,-18.551131193548386,-33.6120884516129,19.038377741935488,0.004295537141935484
14.337989404571427,0.33260648857142844,0.042510980571428804,6.107470197514286,0.0,0.0
