mfcc1_sma3,mfcc2_sma3,mfcc3_sma3,mfcc4_sma3,F0semitoneFrom27.5Hz_sma3nz,jitterLocal_sma3nz
18.201197945833332,28.163696708333333,13.270002925,10.298688525,0.0,0.0
11.399694691666667,25.154983458333334,5.10290033,5.317469554166666,9.422072,0.004337826966666666
27.294169458333332,0.9455797216666664,2.2626590529166664,-24.478697704166667,29.20987008333334,0.007657696420833333
29.110584083333332,2.689939854166667,-0.8304298874999999,-11.366981833333332,21.871148083333335,0.012310253108333334
26.925565208333335,-2.98997405125,-16.5228590125,-21.100978983333334,6.287012791666666,0.00172998825
20.532554291666667,26.700940041666666,15.452454291666667,12.819351312499998,0.0,0.0
19.934720458333334,28.50688091666667,16.624100541666667,9.861135741666667,0.0,0.0
19.732534999999995,29.236149035714284,15.113310017857144,12.312316428571432,0.0,0.0
