mfcc1_sma3,mfcc2_sma3,mfcc3_sma3,mfcc4_sma3,F0semitoneFrom27.5Hz_sma3nz,jitterLocal_sma3nz
19.424272038461538,29.168571500000002,16.565656673076923,11.774128588461538,0.0,0.0
13.562234111538462,26.00134284615385,14.571298746153845,1.7026480099999997,8.243117461538462,0.004199495846153846
11.638198823076921,0.33763858346153863,-11.477453834615384,-11.847494046153844,32.042878153846154,0.007189177715384614
3.846976581923077,17.490877934615384,-0.6977319718076924,-1.0184895142307693,18.99444273076923,0.012156428576923077
1.2869850345384615,0.2260046538461543,-7.354784357692306,-20.300515596153847,38.93303303846154,0.05279361811538462
12.119427203461537,-9.8232466,4.100550781653846,8.677969096153847,8.393393653846154,0.0036486468461538464
19.580513730769226,26.7557265,14.000736557692306,11.521692730769233,0.0,0.0
19.456630111111114,27.91135744444444,16.021078074074072,10.472373374074074,0.0,0.0
