mfcc1_sma3,mfcc2_sma3,mfcc3_sma3,mfcc4_sma3,F0semitoneFrom27.5Hz_sma3nz,jitterLocal_sma3nz
20.060824222222223,21.397038940740746,11.701793169629628,8.819962841481484,3.8312424444444444,0.0013069496296296296
27.951372,-5.6434961433333335,-8.876379936518518,-33.52601346296296,23.505367037037033,0.017518127092592595
29.73766937037037,-7.955193935555555,-5.1767193725925935,-15.133088767925925,28.321045777777773,0.013579678962962962
24.74835714814815,-0.41674232962962976,17.32143791111111,-17.784380496296297,28.2790107037037,0.03119660297037037
23.899982255555557,12.803973074074072,17.14315534814815,-2.9005484281481473,18.23851896296296,0.010894109544444443
20.007757740740743,9.123101341481483,40.94310037037037,-11.519200794444446,11.139314222222222,0.007256435277777778
22.53304055555556,22.738273718518517,14.678697537037037,4.358336072222222,0.0,0.0
18.491969148148147,27.83432666666667,15.574125629629627,9.996882803703702,0.0,0.0
