mfcc1_sma3,mfcc2_sma3,mfcc3_sma3,mfcc4_sma3,F0semitoneFrom27.5Hz_sma3nz,jitterLocal_sma3nz
19.633518514285715,27.319697914285722,13.880958154285715,7.828330347714286,0.0,0.0
20.560643700857145,16.43873617142857,27.223106285714284,4.879627981228571,23.637120314285713,0.010120579471428573
32.21661257142856,15.250847168571427,-5.639184241142857,-23.391554011428575,30.15217962857143,0.01700004345714285
33.19919691428571,21.09758072,6.383384831714285,-14.174224738,16.818499742857146,0.008448099265714286
23.875677228571423,19.134053185714283,8.100806674285716,-15.126203814285716,17.42942677142857,0.008996726599999998
27.34801365714286,28.54747145714286,8.79265766,-25.413420737142857,3.868930914285714,0.0008403298571428571
19.277761942857143,24.130261828571427,13.723451571428571,11.237937682857146,0.0,0.0
19.78991672972973,25.23768927027027,13.270425689189187,10.983974910810813,0.0,0.0
