mfcc1_sma3,mfcc2_sma3,mfcc3_sma3,mfcc4_sma3,F0semitoneFrom27.5Hz_sma3nz,jitterLocal_sma3nz
23.340758984375,23.5320216865125,21.400502296875004,8.086135142187501,8.635267,0.00727701953125
4.2535804203125,11.331135471875001,30.69977590625,-34.195727809375,25.87087675,0.004818139425
13.322766675937501,-3.366173725,-6.43067519375,-18.162220684375,36.1740801875,0.033349673490624995
23.31206075,-8.33049410625,-19.3895780125,-32.0426245625,27.8536889375,0.012573830521875001
25.109330021875003,13.2046760725,10.2179984884375,-27.448616125,19.5195595,0.0051294708875
16.40351546875,14.893312696875,11.133751445312502,-22.86564294375,22.03923078125,0.01167509671875
23.475472743749997,30.6900509375,6.524103647812501,-37.164681934375,5.01341378125,0.0003559675625
20.226950942857144,27.114354485714284,13.158084814285713,15.466904728571429,0.0,0.0
