mfcc1_sma3,mfcc2_sma3,mfcc3_sma3,mfcc4_sma3,F0semitoneFrom27.5Hz_sma3nz,jitterLocal_sma3nz
14.620146788888887,23.574185303814815,10.743961086666665,12.274901114814815,0.0,0.0
20.825411129629632,28.836451555555556,16.796921574074073,13.349770229629629,2.490331814814815,0.0
13.515898985185185,-11.956300511111111,-3.8448662851851845,-5.097280363703704,29.991636851851855,0.028932521703703706
9.213826319629629,-9.925660177777777,-1.546570788888889,-20.64154702222222,33.39439177777778,0.013085410822222221
15.71236738888889,1.5209373322222224,17.791178155555556,-21.762012111111112,36.74241051851852,0.014083061566666666
20.342388074074073,-10.504183564814817,-15.860162659259258,-28.396588440740743,36.240985555555554,0.009684396685185184
25.126277444444444,4.167795781481481,-10.215322874074072,-11.720215143333332,12.229798703703704,0.0044015469296296295
18.816276323529415,3.6125664838235294,2.3657702,17.28727595294118,0.0,0.0
