mfcc1_sma3,mfcc2_sma3,mfcc3_sma3,mfcc4_sma3,F0semitoneFrom27.5Hz_sma3nz,jitterLocal_sma3nz
21.754761739130434,29.316721000000005,18.206319695652176,16.214716043478266,0.0,0.0
21.45916408695652,30.116121086956518,17.17946086956522,16.94417115217391,3.971518130434783,0.002773689826086957
14.337577557826087,4.6534964786956525,1.8952890913043474,-15.08591654782609,18.920673086956523,0.02234554173913043
9.750193577391304,-8.284944465217391,2.8385442026086958,-9.652239617826087,42.33632682608695,0.02049261466521739
9.188230513043477,-2.966347047826087,9.894578295652174,-25.007332173913042,20.058161913043474,0.005778536913043478
17.99987539130435,-14.294923202173914,2.142200897391305,-1.538964069565217,5.595715782608695,0.0016448083478260872
12.301488610434781,16.804462973913044,15.594051869565217,1.2230802986956528,0.0,0.0
19.566072821428573,23.764073964285718,16.2330285,15.399206999999999,1.8477165357142857,0.0
