mfcc1_sma3,mfcc2_sma3,mfcc3_sma3,mfcc4_sma3,F0semitoneFrom27.5Hz_sma3nz,jitterLocal_sma3nz
14.576373057894736,26.805155263157893,14.671763789473683,19.295618552631577,2.7542201052631574,0.0007816857894736842
18.933982210526317,28.38935847368421,14.551173710526317,16.199374315789473,2.076225210526316,0.0
1.0707289736842105,13.536750089473685,1.3133785842105261,0.3212491394736847,14.409789789473683,0.004420562947368421
5.27661710368421,-1.3051265578947369,-3.6368662973684214,1.698133357894737,29.249443368421044,0.004085417357894737
-4.986369915789474,7.561015978947368,-1.9378013505263156,-0.3698512552631582,12.27590952631579,0.002999291647368421
-3.617397805263158,16.04761442631579,3.946479513894736,-2.0444718157894743,11.170914210526314,0.0014806738947368422
0.16501769473684197,10.098434768421052,-4.753391717105262,-13.901268873684211,6.107535210526316,0.0
10.995428904347827,6.607273147826087,15.63906036956522,0.29423476521739195,0.0,0.0
