mfcc1_sma3,mfcc2_sma3,mfcc3_sma3,mfcc4_sma3,F0semitoneFrom27.5Hz_sma3nz,jitterLocal_sma3nz
15.297435122222224,27.366665407407407,15.591624555555557,16.564989888888892,0.0,0.0
12.311042403703702,-13.310273455555555,-0.6266353145185186,-16.733146292592593,17.92893955555556,0.0007353077074074074
5.804603860740741,14.230154926296294,10.363640879259258,-1.8040991748148147,32.267235666666664,0.033768231640740734
11.414741246666665,-20.62418318148148,-9.179561096296297,-5.298559917407408,30.64811451851852,0.012111196148148148
14.191391814814814,-15.233733122222223,-2.107083916666667,-11.099083096296294,23.255813481481482,0.005994197007407408
24.367701555555556,-6.015518316296295,7.0789798370370365,-4.223734188888889,18.053901259259263,0.010088455166666666
20.26926971481482,26.172862296296298,18.67742235185185,10.113459433333334,0.0,0.0
18.866251272727276,24.471490636363637,15.407331787878789,13.74262773939394,6.627370424242424,0.016434573484848485
