mfcc1_sma3,mfcc2_sma3,mfcc3_sma3,mfcc4_sma3,F0semitoneFrom27.5Hz_sma3nz,jitterLocal_sma3nz
21.16242134375,28.462819562500002,16.823829703125,14.2061458125,1.264188359375,0.0
12.75273881875,22.02559695625,15.74870665625,16.49899853125,0.0,0.0
19.2476543375,21.87065738125,24.18672146875,14.996699384374999,10.0078259375,0.02054423525
18.634845083749997,26.10317490625,20.04736040625,11.31191525625,17.952836562500003,0.018958587875000002
35.49002971875,13.594525071875,-3.929491106875,-18.266969901875,11.12060190625,0.00291334221875
27.358846874999998,28.44679978125,16.742557290624998,8.605835851875,16.418374375,0.01576741140625
26.4188560375,27.14341665625,9.02222965,-9.491981437500002,9.837350875,0.003867023684375
25.886094542857144,26.235063985714287,13.748111542857142,1.5003024151428572,1.9167236000000003,0.0001880192285714286
