mfcc1_sma3,mfcc2_sma3,mfcc3_sma3,mfcc4_sma3,F0semitoneFrom27.5Hz_sma3nz,jitterLocal_sma3nz
17.570127574074075,23.722726851851853,17.345576518518516,15.53144628888889,0.0,0.0
18.63006946296296,23.64782998518519,19.31817859259259,13.28643222222222,6.469849629629629,0.0009046456148148148
-1.719908448148148,21.175467592592593,10.406331863703704,16.069014907407407,0.0,0.0
16.72315657777778,24.34620211111111,29.57726451851852,14.435201147777779,20.439973555555554,0.014428737474074076
22.43898781481482,2.505479329629629,8.403728972222224,-4.147828025925926,17.116223703703703,0.0055587036222222224
29.11058322222222,12.101159150666668,12.331438651851855,-2.097454277777778,13.242358222222222,0.021585632022222218
17.68691036888889,18.499479937037037,-1.656102814814815,-13.547424348148148,4.808631444444445,0.0008086581481481481
23.08489690909091,-1.3849200957575756,-6.772050847575757,-18.048882933333335,5.508676424242424,0.0023245481393939396
