mfcc1_sma3,mfcc2_sma3,mfcc3_sma3,mfcc4_sma3,F0semitoneFrom27.5Hz_sma3nz,jitterLocal_sma3nz
22.08450788235294,29.380297294117646,16.435282058823528,13.964992314705881,0.0,0.0
-2.294060944117647,19.68357655882353,2.5406040879411766,7.413125183235294,3.1549169705882356,0.0011317528235294117
4.02355365,11.360436348235295,-1.756396938470588,3.4675795308823525,6.613031117647059,0.0034501676529411765
1.1674064735294116,21.685120882352944,6.40924903117647,16.347648485294116,11.316804088235294,0.001860191
-11.772257702941177,16.99504373529412,-0.5596281517647058,21.706544382352938,0.0,0.0
-0.2313620911764705,13.140307513647059,2.7044359026470586,11.65716995,8.07698811764706,0.005150892838235294
12.061387940000001,12.926166980882352,10.396375205,12.14233596470588,0.0,0.0
22.54782089473684,25.878727499999997,15.129137144736843,16.485147289473684,0.0,0.0
