mfcc1_sma3,mfcc2_sma3,mfcc3_sma3,mfcc4_sma3,F0semitoneFrom27.5Hz_sma3nz,jitterLocal_sma3nz
15.678086477777779,25.115585386666673,15.781321205555557,13.58060803814815,6.532208796296295,0.01194898906074074
18.988576577777778,15.303611051851851,15.71816784074074,15.690280555555557,13.521312444444446,0.0019896943962962963
2.6758497037037037,18.031420136296294,-2.386167177666667,8.377828525925926,4.9840234444444445,0.0018152794444444445
25.80992003703703,7.222519427777779,1.3145515333333335,-2.2017806055555558,14.202893740740741,0.0039052474925925927
26.02424885185185,11.73128851111111,2.557622396296296,4.485612987037038,5.407838296296297,0.0009220648148148149
29.783937592592594,23.99728918518518,9.612819664814815,-7.7658540296296295,9.800738740740739,0.010675426185185187
20.368132833333334,24.085414111111113,14.811912703703705,11.872487155555554,1.728873222222222,1.3258745925925927e-05
9.769483266764706,26.65459611764706,11.83677159117647,19.577654382352943,0.0,0.0
