mfcc1_sma3,mfcc2_sma3,mfcc3_sma3,mfcc4_sma3,F0semitoneFrom27.5Hz_sma3nz,jitterLocal_sma3nz
21.334673904761907,28.79877604761905,16.057363404761904,13.676445404761905,0.0,0.0
17.113749742857145,27.545321238095237,15.563265114285715,15.972425380952378,0.0,0.0
15.568283685714286,21.020351285714284,9.436420242857142,5.139455514285716,13.212147857142854,0.006703692761904762
28.34704490476191,14.393786590476193,-4.621197947619048,-2.2634836657142863,20.435342904761903,0.008256870138095238
21.648471985714288,9.0657381,-1.3967907580952381,-1.5566080142857146,13.258624761904763,0.0027227000147619046
20.631620619047617,6.868688024000001,-4.295542083333333,4.994222316071429,4.087842190476191,0.00039864791428571427
17.36617773809524,17.742693799999998,12.829049561904762,19.317382285714288,0.0,0.0
24.518734520000002,23.511386440000003,10.560181488000001,11.742828552,1.65367102,0.003961627200000001
