mfcc1_sma3,mfcc2_sma3,mfcc3_sma3,mfcc4_sma3,F0semitoneFrom27.5Hz_sma3nz,jitterLocal_sma3nz
20.464662375,26.774311222222224,13.449653180555556,12.353885138888888,6.701084472222223,0.012429381083333333
26.226008522222223,14.256496108333332,3.6080781111111113,-3.1609854388888894,11.776018583333332,0.005715005463888889
16.62585715694444,14.209034622222223,3.735215963888889,7.029245232777777,0.0,0.0
21.221173272222224,14.775157080555553,19.665158927777775,16.551013475,5.8707098888888885,0.0044769814444444445
14.933038910277775,18.20406883222222,16.695152375000003,8.026265205555555,0.0,0.0
18.89714603888889,17.92649673444444,14.157651188888888,5.1591251527777775,7.106719388888889,0.003844814703888889
17.008636604166668,-9.666528945555557,9.62769854777778,3.2269172136111113,16.269811444444443,0.005400709
12.752630009999999,16.527059795,20.932644725,13.29102716575,2.063651525,0.00277340225
