mfcc1_sma3,mfcc2_sma3,mfcc3_sma3,mfcc4_sma3,F0semitoneFrom27.5Hz_sma3nz,jitterLocal_sma3nz
20.02568067777778,20.355064566666666,13.92025872666667,2.8199172244444446,4.382499577777777,0.003677389986666667
27.318017526666665,22.298627748888887,13.319421536222219,-11.251758309555555,13.077535066666668,0.005362251522222222
19.280053578888893,14.121419315555558,12.97877892,8.92037234,2.221592133333333,0.00027276235555555555
23.201360933333337,26.96328077333333,17.682206303555557,6.809153049111113,8.19224502222222,0.003973566144444445
26.066035844444443,24.762611770666663,14.924550205333334,-6.772016981122222,14.593516044444442,0.011237212708888888
29.16125006666666,1.24464577,2.4708364582222226,-14.993410741111113,22.947147111111114,0.011766505553333332
20.407515693333334,6.285958232444444,-10.236892703777778,-11.10280146911111,0.0,0.0
19.798340980392155,21.63254922450981,10.782411260784311,14.464960549019608,1.3940694019607842,0.0
