mfcc1_sma3,mfcc2_sma3,mfcc3_sma3,mfcc4_sma3,F0semitoneFrom27.5Hz_sma3nz,jitterLocal_sma3nz
20.430828481481484,27.129913448148145,12.196462341851852,10.843561764444441,1.3787804444444445,0.0
22.971694222222226,29.83814522222222,15.254896240740742,14.224424296296297,0.0,0.0
22.66678240740741,29.460277444444447,13.435230240740744,12.240625077777779,0.0,0.0
25.92012851851852,10.342831624444445,8.83358058740741,0.43427835888888894,14.817006925925925,0.0036369082851851857
22.43153151851852,1.0814908444444447,12.709901494074074,6.684049239259259,17.01964251851852,0.04418257296296296
17.57782628148148,-3.101716351851852,21.8988309037037,-3.170967417777778,23.123306037037036,0.009828026674074074
23.69585437037037,-3.9531198259259264,9.374117318518518,7.33954392037037,22.01361088888889,0.011557067403703703
23.596816852941178,25.156014560588233,13.425029144117648,10.639261680882353,0.0,0.0
