mfcc1_sma3,mfcc2_sma3,mfcc3_sma3,mfcc4_sma3,F0semitoneFrom27.5Hz_sma3nz,jitterLocal_sma3nz
22.361580230769235,30.059733128205135,14.699590076923077,12.860637205128205,0.0,0.0
18.257819166666668,7.950813684615387,8.211775281794873,7.4527425835897425,14.274078333333332,0.01687185355897436
22.943510153846155,0.1740330356410256,4.006182383589743,-16.274059364102566,28.163559743589747,0.011136980533333332
26.766763076923073,13.600990818205128,23.16000598333333,-4.649202042307692,31.42059902564103,0.016151971205128204
29.201494743589745,3.829018058974358,-11.361059194871794,-19.274632239230765,21.62383392307692,0.010476564092307693
27.567310484615383,9.362359444615384,-7.260712619128205,-11.070115179999998,9.883754128205128,0.003408884148717949
18.49833515384616,10.803297197435898,6.902070906794872,19.990318025641024,0.0,0.0
23.289019025641025,28.349431282051285,13.07285617948718,15.460764238461538,2.024449846153846,0.0017348695897435897
