mfcc1_sma3,mfcc2_sma3,mfcc3_sma3,mfcc4_sma3,F0semitoneFrom27.5Hz_sma3nz,jitterLocal_sma3nz
20.492136395833334,8.364214138333333,32.52098629166667,4.317734574999999,23.31936358333333,0.030854364
12.116584020833335,14.003879117916668,19.58948935,-4.164940991666666,19.51161825,0.012501124416666667
25.279673374999998,-6.0155406975000005,-4.093624516666666,-31.93851808333333,28.076111749999995,0.008054589841666666
22.415938625,7.003610493333333,30.6532425,-4.429917802083334,10.611750416666668,0.0035717579166666667
14.156633998333334,21.25074329166667,2.91730325,-21.709719070833334,17.544729,0.0030468026125
28.739159958333335,32.67090583333333,14.646846270833331,-33.099158100000004,4.088266541666667,0.0042526425
22.69466125,21.546583479166667,18.4540488125,13.436917479166667,0.0,0.0
23.344964967741937,24.33622503225807,12.807195706451614,15.100661580645163,0.0,0.0
