mfcc1_sma3,mfcc2_sma3,mfcc3_sma3,mfcc4_sma3,F0semitoneFrom27.5Hz_sma3nz,jitterLocal_sma3nz
22.05055317241379,31.525216172413792,15.439901913793102,15.555546051724138,0.0,0.0
6.298068867931035,22.64788287586207,1.5936201489655173,-2.9093934741379304,11.574042862068966,0.01089757079310345
24.78945775862069,-7.785192744827587,0.9505062193103445,-16.88743784137931,27.621763586206892,0.03951740377931034
25.465450431034483,7.587529918275862,8.502240496551721,-7.5259312689655165,18.840527965517243,0.008750808086206896
31.120376862068966,9.253914571034482,14.211840662068967,-8.888312973448278,32.3405804137931,0.012758291624137934
20.154198913793103,10.90403987089655,12.87800881724138,8.118232669655173,21.31843575862069,0.008050476313793103
-5.5780072034482755,25.425752482758618,6.767602272413794,22.060166103448275,0.0,0.0
22.60993263888889,23.47462133333333,14.590577638888893,18.898865305555557,1.7608545833333331,0.0016289040833333333
