mfcc1_sma3,mfcc2_sma3,mfcc3_sma3,mfcc4_sma3,F0semitoneFrom27.5Hz_sma3nz,jitterLocal_sma3nz
21.570566583333335,29.157615000000003,13.062926408333334,12.356411033333332,0.0,0.0
7.3155792875,25.97447154166667,8.131204404166667,14.550637283333332,0.0,0.0
15.716331529166666,2.1199913,9.78990077625,1.1586761578333336,16.060130375,0.010559766491666666
-7.4088735308333336,26.6962515,3.1010991153458334,12.65553815,0.0,0.0
13.710907179166668,16.242397827083334,9.052375032916666,3.090431989583333,8.954723083333333,0.013840446833333334
16.579237720833333,17.151595708333335,23.59905825,8.891682523333335,1.7185774166666665,0.0
22.817963375,23.982315,13.623177916666668,15.275437941666667,0.0,0.0
22.996932749999996,27.81399425,13.348593378571426,13.631804999999998,0.0,0.0
