mfcc1_sma3,mfcc2_sma3,mfcc3_sma3,mfcc4_sma3,F0semitoneFrom27.5Hz_sma3nz,jitterLocal_sma3nz
23.088705307692308,31.83969757692308,16.805634326923077,17.276703153846153,8.5150975,0.00964103975
23.88814684615385,30.205623038461543,14.916914346153845,13.949467073076924,3.3274603846153847,0.004803484
21.436967942307696,23.986840150000003,15.615487207692308,10.958126467692308,4.196058538461538,0.00026403313846153846
17.198679000000002,6.863090555384615,2.934162553076923,-16.89664569230769,29.034246384615383,0.06164852478461538
19.934628900000003,-4.524297974230769,7.702390082307691,1.429648058461538,10.290701769230768,0.006037677211538462
18.470463715384614,-3.592559995,-6.669660769230769,-28.140477376923076,10.471384576923075,0.014327145538461539
15.834993242307691,8.928577153846154,13.783448726538463,3.407578046923077,0.0,0.0
12.582851293333334,14.112914216666669,25.786330466666666,25.303568400000003,0.0,0.0
