mfcc1_sma3,mfcc2_sma3,mfcc3_sma3,mfcc4_sma3,F0semitoneFrom27.5Hz_sma3nz,jitterLocal_sma3nz
22.1374751,30.538750033333333,13.874741266666666,13.657741423333334,1.4050094000000002,0.0
19.727812824000004,20.95698663333333,15.602198556666666,2.5990298259999998,11.393117600000002,0.0075297973733333325
9.502308818333335,15.77065512333333,9.801953552999999,13.497836241,3.0946645,9.674620666666666e-05
27.448508766666667,1.8422909499999998,7.180053288333334,-6.127732857333334,19.598359666666664,0.0074519190866666665
28.638364133333326,3.0999347386666662,-1.0931939510000002,-0.4537188933333332,11.768840633333333,0.004787763323333333
23.258193433333336,26.067486499999998,16.418482183333335,18.011118200000002,0.0,0.0
21.66289806666667,22.78754836666667,14.390908750000001,20.54205616666667,0.0,0.0
23.296606125,30.668687625,15.3759270625,16.70533915625,1.2202348437500001,0.0
