mfcc1_sma3,mfcc2_sma3,mfcc3_sma3,mfcc4_sma3,F0semitoneFrom27.5Hz_sma3nz,jitterLocal_sma3nz
23.680684730769233,28.09166403846154,13.862514403846152,14.272749519230768,2.983258307692308,0.0011522231923076923
21.6153585,2.5930255861538467,-6.633911069230768,-6.142230003846153,24.559443153846154,0.013343372673076922
24.46981092307692,-10.415977411923079,4.990348732307693,-1.680641056153846,28.154658,0.00583500673076923
9.22434371923077,-15.255642446615383,8.893999529230769,-9.830438857692307,26.97249565384615,0.00406855335
13.422740903846154,-18.861945686153845,8.157407953846155,-6.4348636038461535,14.037407653846154,0.0037667868692307692
9.930876611538462,6.93273336923077,10.891064523076922,5.573307962307693,0.0,0.0
24.396093961538458,29.40281988461538,16.33344921153846,13.6551945,0.0,0.0
24.755214444444444,28.71047625925926,13.784665685185182,12.968877203703705,0.0,0.0
