mfcc1_sma3,mfcc2_sma3,mfcc3_sma3,mfcc4_sma3,F0semitoneFrom27.5Hz_sma3nz,jitterLocal_sma3nz
28.833689419354844,18.359856229354836,4.459348493548387,1.3265033793870968,1.7711628387096774,0.0
25.848057612903226,21.79239760967742,6.827502827741937,-15.055968845806452,14.40867012903226,0.011513177429032257
22.355533861290322,3.610264146451613,12.12079837419355,-0.9509092561290322,1.7200177741935485,0.0
28.555075258064516,14.652476663225807,26.626921659677425,2.332603798064516,27.491317999999996,0.014060671248387098
30.771000032258065,27.21437357096774,4.7366938025806435,-31.79559793225806,22.23806222580645,0.006104231065483872
31.497075741935486,11.270282490322582,-7.086889910322581,-24.63758007,28.21991003225806,0.006813776317741935
22.730677532258063,12.292381148387095,-5.555131493774193,-10.23406082216129,10.726381419354839,0.0065394925806451605
19.948436275,-0.5634395000000005,5.961403561562499,5.9951037134375,0.0,0.0
