mfcc1_sma3,mfcc2_sma3,mfcc3_sma3,mfcc4_sma3,F0semitoneFrom27.5Hz_sma3nz,jitterLocal_sma3nz
20.36180637942857,28.368373514285718,16.54603717142857,12.449519942857142,1.0786353714285717,0.00036443254285714285
-2.2328931514285717,13.88075519142857,-1.9730720394285715,8.212008960857142,6.699995142857143,0.0
5.418230225714285,9.597847902857145,-11.951357282857142,-0.21212658142857121,13.222366714285714,0.002655679978
-1.7619204305714289,24.336825942857143,3.4546360554285713,15.970640785714282,0.0,0.0
4.793204237142857,21.602667557142855,15.09403093005714,10.074069659428572,18.581622257142858,0.011926134005714286
-5.421967195714285,10.113240365714285,-9.308032531428571,-0.8784794771428567,11.812531428571427,0.004142118974285714
13.680412602857142,0.6867980002857141,15.869523242857145,-1.2408405885714286,0.0,0.0
24.47398375609756,28.083194243902437,15.153910780487804,11.919256146341464,2.6774490121951215,0.0
