mfcc1_sma3,mfcc2_sma3,mfcc3_sma3,mfcc4_sma3,F0semitoneFrom27.5Hz_sma3nz,jitterLocal_sma3nz
14.844400458333332,22.504293,18.509487333333336,13.179244625,1.6227579166666668,0.0
29.538349083333333,14.208924403125001,12.312627216666668,2.6825957875,9.898918125,0.0020605487083333335
26.79003354166667,9.17248523375,8.029224652083334,-21.815889474583333,13.826967125000001,0.008921716954166667
27.76841295833334,-2.962567044583333,13.43739887625,-7.576592570833333,10.597585624999999,0.009035159995833333
26.886106916666666,12.946067845833333,28.19422120833333,8.6520905,6.923362333333333,0.0
20.284738625000003,14.357690266666665,42.111159541666666,4.721204950833333,3.5135638750000004,0.00283066775
25.143860541666665,29.149634375,15.820125374999998,14.098332541666664,4.489370083333333,0.007220934250000001
24.187336821428573,28.31427439285714,16.90454767857143,17.260809642857144,0.0,0.0
