mfcc1_sma3,mfcc2_sma3,mfcc3_sma3,mfcc4_sma3,F0semitoneFrom27.5Hz_sma3nz,jitterLocal_sma3nz
25.053682642857144,28.833654749999997,15.750923107142857,14.613106321428573,1.6098158571428571,0.0
18.082546775,-0.46813632285714274,15.108222417857144,-1.2833505617857142,33.882010107142854,0.009960406896428572
30.52746517857143,4.2379102657142855,-11.524736011071427,-27.718005724999994,23.609276642857143,0.01841640419285714
34.45240360714285,14.206231418571425,9.849211907142857,-22.192605452500004,12.676693678571429,0.009516795507142859
23.825516964285715,13.056826732142856,18.583392636428577,-1.450896928571429,8.115549892857143,0.0003674783035714286
31.260991142857144,25.068071428571432,14.34940707142857,-25.586705000000002,2.6683285000000003,0.0015890236071428572
26.461609928571423,27.387307,11.191744714285715,10.989133414285714,0.0,0.0
24.49019743333333,29.625748133333328,15.980306966666667,13.649305880000002,0.0,0.0
