mfcc1_sma3,mfcc2_sma3,mfcc3_sma3,mfcc4_sma3,F0semitoneFrom27.5Hz_sma3nz,jitterLocal_sma3nz
30.90711234782609,26.898396608695656,12.288658182608696,2.2703677913043485,7.2977236086956525,0.0027868863304347825
2.1067129965217393,20.731491717391304,11.848522312173914,-0.05344802913043468,6.085901739130435,0.0
28.62345526086957,11.42539527826087,-13.209715799999996,-26.715660586956524,13.041699739130435,0.008308015695652173
27.432646913043474,7.007164767826084,10.972872160869565,13.6225646,5.852893304347826,0.0
33.68534873913043,22.636872434782607,0.21933773217391303,-25.120965708695657,16.890443304347826,0.022124189652173915
31.636487565217394,19.258456826086956,13.272560853478263,2.003781826521739,12.177609652173912,0.008224346978260869
7.710188958260868,20.46107830434783,13.999945426086958,16.166686493913048,0.0,0.0
16.97391297857143,25.074678749999997,18.027641214285715,10.286712693928573,1.8683570714285715,0.0
