mfcc1_sma3,mfcc2_sma3,mfcc3_sma3,mfcc4_sma3,F0semitoneFrom27.5Hz_sma3nz,jitterLocal_sma3nz
25.277692177777777,19.142806119444444,11.066312908333334,2.1790233194444446,7.406800291666666,0.003156047963888889
34.26737363888889,19.74374306944445,4.0032997570277775,-9.267143529444446,19.4683255,0.011650764291666666
24.69965036111111,18.501708663888888,17.731030286111114,17.511848027777773,4.062821138888889,0.017317619972222222
28.400833944444447,17.825986902777775,28.125385580555555,22.37036176388889,15.414393583333334,0.01025714188611111
34.27479705555556,28.416911499999998,11.10935561111111,-11.535234080555556,10.215385055555554,0.002874061705555556
31.426599875000008,19.495640333333334,0.7509454122222223,-9.2855087325,2.9663476944444445,0.0018166402777777778
26.129623944444443,18.67791037222222,-5.624941170833334,1.0593490738888889,0.0,0.0
21.8610689,24.165430750000002,14.925326175,15.769646977500003,0.0,0.0
