mfcc1_sma3,mfcc2_sma3,mfcc3_sma3,mfcc4_sma3,F0semitoneFrom27.5Hz_sma3nz,jitterLocal_sma3nz
28.422287107142857,15.940553767857143,22.49034357142857,19.733750535714282,14.360598285714286,0.011428656482142857
23.85512090357143,24.666888607142855,18.218070639285713,4.9396982357142845,9.387430714285715,0.007517875392857143
33.76535617857142,12.858131357142856,-19.304527585714286,-30.364869071428576,14.881461714285711,0.041981861689285714
34.42226117857143,21.723592107142856,3.8373955550000005,-13.638212536785714,12.46992517857143,0.007220363535714285
25.37337730357143,21.344257553571424,21.313503428571426,12.318740114285715,5.8038228571428565,0.0014613335964285715
30.738936892857144,27.755680824999995,4.729053714285714,-23.74410710357143,5.627505285714286,0.0018266057142857142
27.609800964285718,32.003404964285714,20.05426194642857,-6.493364632142857,1.375886,0.0008895540714285714
23.497195366666666,24.606596199999995,15.872295783333335,11.705767528333332,0.0,0.0
