mfcc1_sma3,mfcc2_sma3,mfcc3_sma3,mfcc4_sma3,F0semitoneFrom27.5Hz_sma3nz,jitterLocal_sma3nz
7.9095633411764705,18.710939320588235,16.978939529411765,13.638301852941177,0.0,0.0
7.257281719705882,-0.4423708558823531,-1.9806120514705885,3.2693099294117642,23.790644852941178,0.021325403326470586
16.555286764705883,-6.35254287352941,-16.079118299999998,-13.173918016088233,39.65774114705882,0.019251520514705883
11.47580593235294,-8.941218297058825,-14.346690850000002,-2.567207759999999,28.454670176470586,0.0036802001470588237
15.414579038235294,6.01092508117647,-9.662108418823532,-10.217469588235293,3.333319441176471,0.0
10.734124074705884,-3.234302891176471,-15.474258385164706,-16.873341882352946,12.986302529411764,0.016476067911764706
11.95420510382353,-2.4032907747058827,-4.704257176470588,15.94594010882353,0.0,0.0
25.963573382352944,27.888485647058822,13.333137161764705,13.140498485294119,2.9706422058823527,0.006449502941176471
