mfcc1_sma3,mfcc2_sma3,mfcc3_sma3,mfcc4_sma3,F0semitoneFrom27.5Hz_sma3nz,jitterLocal_sma3nz
23.62236820833333,28.256214749999998,15.094395833333332,15.397471054166667,0.0,0.0
13.743576625000001,21.269950991666665,10.459016020833333,11.314395541666665,5.550545791666667,0.0
3.513975613541667,6.59903075,-6.116743127916667,-5.510686966666666,27.596309583333333,0.006974859770833335
17.965393375,-15.904673979166667,-11.002432671666668,-6.921377395833332,43.52277858333333,0.006628706675000001
17.271431145833336,-5.846985520833333,-13.239987300000001,0.49744406666666685,30.4860535,0.011978465929166668
21.50065225,8.886512249166666,5.778139048749999,13.209011608333332,0.0,0.0
24.033139750000004,25.723066541666668,13.056818504166666,15.731723541666668,0.0,0.0
24.696875419354836,28.577209580645157,13.975854129032259,13.391372451612902,0.0,0.0
