mfcc1_sma3,mfcc2_sma3,mfcc3_sma3,mfcc4_sma3,F0semitoneFrom27.5Hz_sma3nz,jitterLocal_sma3nz
22.801676565217388,28.14628691304348,13.596776704347826,13.072622108695654,0.0,0.0
10.04838770173913,-4.978207252173913,-14.764384744347822,-24.21134816086957,31.645650782608694,0.010968352486956523
8.180932230434781,-9.130677558260869,-9.366043226086955,-6.671066432304347,37.76833686956522,0.019412327217391303
3.8040005491304343,-11.172837817391306,8.335582216652174,-11.151785956521737,24.28003986956522,0.003928134334782609
-6.9324342234782605,-14.173776782608696,4.872425239130436,-11.331555223913043,32.785319260869564,0.011349659104347825
4.784105571521739,-11.477160786956523,11.650104273913044,-10.980960586956524,24.954877391304347,0.006975743017391304
22.592004804347827,18.644446547391308,15.68384293478261,6.868531434782609,0.0,0.0
24.027959285714285,27.79838589285714,12.036388139285718,12.879374107142857,0.0,0.0
