mfcc1_sma3,mfcc2_sma3,mfcc3_sma3,mfcc4_sma3,F0semitoneFrom27.5Hz_sma3nz,jitterLocal_sma3nz
11.524850292972973,10.292947939729727,8.31443002864865,8.66908381162162,0.0,0.0
6.341908022162164,-9.82663902162162,-9.202125427297297,-7.713265399999999,37.27384643243243,0.0132372098
9.336761681081082,-3.68072418972973,3.764408283783784,-12.201656321621622,20.419202864864868,0.0026487604189189187
14.614110075675677,-10.440785313513512,-7.745221682162164,-9.339037974972973,38.71192702702703,0.007581712067567569
11.26303312081081,-8.15197751054054,-6.415935178378378,-10.808103002702703,25.903695783783785,0.011497836532432432
9.65591272216216,9.689529154054053,-0.5790289758108107,-2.5762261278378373,22.424833567567568,0.010869037605405404
19.906388824324324,3.377330027027027,9.721040816216217,-16.57535676945946,17.78537124324324,0.010391766672972973
14.207225845,24.40556035,12.20907031,11.621907855,1.73736015,0.0064572790500000005
