mfcc1_sma3,mfcc2_sma3,mfcc3_sma3,mfcc4_sma3,F0semitoneFrom27.5Hz_sma3nz,jitterLocal_sma3nz
24.178010285714286,29.077721178571434,14.440333339285717,14.029486964285713,0.0,0.0
24.032816571428565,28.693190535714287,14.568810803571429,13.401897107142858,0.0,0.0
3.842720631428571,13.104174439285714,-3.516782110714286,-17.71088951071429,27.680123642857147,0.006885296360714286
10.87232149117857,-7.084872510714287,-11.478703310714284,-21.290338267857145,41.51232328571428,0.007579434928571428
14.192345738214286,4.978841597714284,-16.036420279285714,-17.8266966025,24.180694142857146,0.003415132735714286
18.796385982142855,-2.4835787392857136,-21.027263940357138,-2.8052518471428565,4.072601535714285,0.0004072909392857143
20.003518928571427,20.649677424999997,6.598923618214286,15.184996928571428,1.5195815357142857,0.0
24.695143030303033,27.438460696969692,11.928848181818182,12.159787866666667,0.0,0.0
