mfcc1_sma3,mfcc2_sma3,mfcc3_sma3,mfcc4_sma3,F0semitoneFrom27.5Hz_sma3nz,jitterLocal_sma3nz
22.82476865217391,26.065132434782612,14.67954908695652,12.265105804347824,4.807096347826087,0.002928089652173913
25.021799434782604,20.173983256521744,15.58196352173913,10.804923678260872,10.028266347826087,0.005492792626086956
10.739299222608697,23.977255000000003,4.624869696956522,10.131166173478261,7.07989152173913,0.0054005724782608695
35.89744717391305,9.254576366086956,-0.9416994882608697,-6.142559387173915,24.85692056521739,0.028544664999999997
31.29592682608696,10.517741347826085,-7.945221970869565,-5.9040433782608694,17.705892478260868,0.0032034650652173913
19.028869143478264,5.154138656521739,5.00283656,9.001008784347826,5.794555521739132,0.0015653187782608698
13.871743413043475,9.788590421739132,10.190568539130435,7.615902812913044,0.0,0.0
19.62197672,18.21945128,12.759556599999998,11.360645364000002,0.0,0.0
