mfcc1_sma3,mfcc2_sma3,mfcc3_sma3,mfcc4_sma3,F0semitoneFrom27.5Hz_sma3nz,jitterLocal_sma3nz
21.03282916666667,21.12590778333334,17.52267123333333,15.277479700000002,0.4276390666666667,0.0
22.020779483333335,-0.6976438966666667,-6.110190904333333,12.89152115533333,15.980814033333333,0.011126634366666667
22.372313539999997,17.351104308666667,13.421908347999999,11.24787743,12.055988133333333,0.0071288643266666655
18.316730536666668,9.329155376666668,3.062071056666668,9.59636699,0.0,0.0
35.04451110000001,10.51572572,-1.3021783630000001,-3.4075672453333334,17.637569266666667,0.009224834433333334
29.333737966666668,-2.616826736,-8.631896686666668,-3.2613589920000003,22.642688200000002,0.025032129863333332
26.542908033333326,17.942433719833332,13.709072956666665,7.064735676666667,0.0,0.0
22.63098325,26.257441375,15.052488453125,13.562678890625,2.54992325,0.0
