mfcc1_sma3,mfcc2_sma3,mfcc3_sma3,mfcc4_sma3,F0semitoneFrom27.5Hz_sma3nz,jitterLocal_sma3nz
23.227702714285716,26.4224488,15.266944157142857,12.939662645714286,1.8942547714285716,0.0017868399999999998
17.171402114285712,7.198794648571428,18.11978518571428,12.485206762857144,11.152708828571429,0.0028806131714285716
-2.1734589560000006,3.6556407501142854,2.8012105511428573,6.272817361428571,12.380534371428572,0.004278779025714286
11.18209173142857,-17.507480951428573,5.729343642857144,-3.0296791771428566,32.948504485714295,0.0057394710285714285
13.816862285714286,-28.0204725,-12.384517372000001,3.140612013714286,41.09161234285715,0.04867194399142857
13.21594639,-0.9356435951428571,-16.007798140000002,-14.383670499914285,16.65131682857143,0.005260404585714286
4.106379361428572,-24.328044297142856,-9.265031255428571,-7.017557322857142,19.31391402857143,0.007848508042857144
19.208871648297297,17.920341216216215,5.452010766486486,11.189730359459459,6.666925878378377,0.004999708594594596
