mfcc1_sma3,mfcc2_sma3,mfcc3_sma3,mfcc4_sma3,F0semitoneFrom27.5Hz_sma3nz,jitterLocal_sma3nz
22.153150000000004,25.21389031034483,13.625877327586206,14.891719499999999,0.0,0.0
22.054226999999997,11.476349493103447,24.368749599999997,2.3936322884137935,12.85753148275862,0.016777118120689653
24.465715920689657,10.224654696551724,-0.932335414137931,-0.9017882220689656,4.647928034482759,0.013232896551724138
29.26543168965517,17.31469692241379,26.978090999999996,-5.279506098965518,21.618808344827585,0.013039966896551725
24.911364325517244,24.328141827586204,-5.314404157448276,-9.702822289655174,15.742051827586208,0.015996268703448273
16.762504828620685,25.854499275862064,-2.9072540227586208,-17.617902104827586,17.34635824137931,0.041840986
30.84711003448276,26.446324413793104,0.41953365103448303,-18.248920190689663,1.1322427586206896,0.00023418215172413793
23.494476727272726,25.563394333333335,12.545422178787877,11.013501587878787,0.0,0.0
