mfcc1_sma3,mfcc2_sma3,mfcc3_sma3,mfcc4_sma3,F0semitoneFrom27.5Hz_sma3nz,jitterLocal_sma3nz
22.58696655882353,13.686052726470589,12.107580552941176,19.576602558823527,0.0,0.0
24.066565558823527,15.388662520588234,30.55717961764706,12.739615661764706,16.842773558823527,0.016631172999999996
23.30824657941176,17.91017623235294,14.449107496058826,-2.697279712352941,15.660980147058822,0.015679907647058823
31.131819500000006,-4.047630105882353,-13.736757042764706,-6.632344934705881,11.078790441176471,0.0072469286058823535
29.67888305882353,17.801900055882356,15.521594235294117,-6.798946751470588,16.00632444117647,0.008089035738235294
24.49647064705882,18.704474485294124,8.044774732058825,-1.2835600735294117,10.550314205882351,0.007293436764705882
31.60570761764706,29.73233123529412,4.975999458941177,-26.17902341470588,15.441511205882353,0.008932264382352941
23.044666657894737,25.186614947368422,14.174112065789473,11.853462850000001,0.0,0.0
