mfcc1_sma3,mfcc2_sma3,mfcc3_sma3,mfcc4_sma3,F0semitoneFrom27.5Hz_sma3nz,jitterLocal_sma3nz
23.8189188,29.349897166666665,16.588377316666666,16.04581515,1.2567230999999999,0.0003568461
26.897197649999995,18.0333840562,-0.13507737501666608,-5.2939601199999995,23.301815966666666,0.035234934276666664
29.553093033333333,6.3321446493333315,-11.611269260133332,-15.957518319999998,34.998933433333335,0.012590175766666665
6.1478076723333315,22.114759666666668,4.970277215666668,-2.61153144,16.44920923333333,0.004885275666666666
17.00818037073333,9.55699031,-6.950110098333335,-2.6844317353333333,18.24236433333333,0.00406635935
15.279365969999999,16.46979547,-1.8898791799999992,0.33929537666666676,0.0,0.0
24.604214933333335,27.507468233333334,15.069642566666666,15.556378916666668,2.1215862333333333,0.0032032790333333333
24.350788777777776,27.50013236111111,13.427010333333332,13.742088749999999,1.0222347222222221,0.0
