mfcc1_sma3,mfcc2_sma3,mfcc3_sma3,mfcc4_sma3,F0semitoneFrom27.5Hz_sma3nz,jitterLocal_sma3nz
23.27636428125,28.70943034375,17.505493765624998,17.783209234375,0.0,0.0
18.03154715625,26.2858895,19.856552781250002,16.040087484375,0.0,0.0
28.2861415,16.772965663125,3.284698353125,-3.6687341446875004,22.066217374999997,0.011844992553125
24.767456125,10.479449528125,5.414016840625,-7.782950624062499,15.29485196875,0.015545061396875
33.9543914375,17.55193414203125,-5.854108168750001,-12.158159194375001,23.654749406249998,0.008384095778125
24.5091609375,13.1898495503125,-7.113160481875001,9.86207776875,4.33091046875,0.001587915175
22.94041459375,17.640269990625,9.084856415625001,21.254971187499997,0.0,0.0
23.70833247368421,25.196986684210525,13.384280689473687,15.972711552631578,0.9576770789473684,0.0
